sample_id,video,label,signer,session,split,intent
train-00001,video/train/A/train-00001.mp4,TIME_QUERY,A,train,train,TIME_QUERY
train-00002,video/train/A/train-00002.mp4,TIME_QUERY,A,train,train,TIME_QUERY
train-00003,video/train/A/train-00003.mp4,ACTION_REQUEST,A,train,train,ACTION_REQUEST
train-00004,video/train/A/train-00004.mp4,OTHER,A,train,train,OTHER
train-00005,video/train/A/train-00005.mp4,NEGATION,A,train,train,NEGATION
train-00006,video/train/A/train-00006.mp4,OTHER,A,train,train,OTHER
train-00007,video/train/A/train-00007.mp4,HELP_REQUEST,A,train,train,HELP_REQUEST
train-00008,video/train/A/train-00008.mp4,ACTION_REQUEST,A,train,train,ACTION_REQUEST
train-00009,video/train/A/train-00009.mp4,OTHER,A,train,train,OTHER
train-00010,video/train/A/train-00010.mp4,TIME_QUERY,A,train,train,TIME_QUERY
train-00011,video/train/A/train-00011.mp4,EMOTION,A,train,train,EMOTION
train-00012,video/train/A/train-00012.mp4,OTHER,A,train,train,OTHER
train-00013,video/train/A/train-00013.mp4,LOCATION_QUERY,A,train,train,LOCATION_QUERY
train-00014,video/train/A/train-00014.mp4,CONFIRMATION,A,train,train,CONFIRMATION
train-00015,video/train/A/train-00015.mp4,CONFIRMATION,A,train,train,CONFIRMATION
train-00016,video/train/A/train-00016.mp4,OTHER,A,train,train,OTHER
train-00017,video/train/A/train-00017.mp4,PURCHASE,A,train,train,PURCHASE
train-00018,video/train/A/train-00018.mp4,OTHER,A,train,train,OTHER
train-00019,video/train/A/train-00019.mp4,ACTION_REQUEST,A,train,train,ACTION_REQUEST
train-00020,video/train/A/train-00020.mp4,TIME_QUERY,A,train,train,TIME_QUERY
train-00021,video/train/A/train-00021.mp4,CONFIRMATION,A,train,train,CONFIRMATION
train-00022,video/train/A/train-00022.mp4,CONFIRMATION,A,train,train,CONFIRMATION
train-00023,video/train/A/train-00023.mp4,ACTION_REQUEST,A,train,train,ACTION_REQUEST
train-00024,video/train/A/train-00024.mp4,QUESTION,A,train,train,QUESTION
train-00025,video/train/A/train-00025.mp4,ACTION_REQUEST,A,train,train,ACTION_REQUEST
train-00026,video/train/A/train-00026.mp4,NEGATION,A,train,train,NEGATION
train-00027,video/train/A/train-00027.mp4,TIME_QUERY,A,train,train,TIME_QUERY
train-00028,video/train/A/train-00028.mp4,NEGATION,A,train,train,NEGATION
train-00029,video/train/A/train-00029.mp4,NEGATION,A,train,train,NEGATION
train-00030,video/train/A/train-00030.mp4,QUESTION,A,train,train,QUESTION
train-00031,video/train/A/train-00031.mp4,LIKE_PREFERENCE,A,train,train,LIKE_PREFERENCE
train-00032,video/train/A/train-00032.mp4,ACTION_REQUEST,A,train,train,ACTION_REQUEST
train-00033,video/train/A/train-00033.mp4,OTHER,A,train,train,OTHER
train-00034,video/train/A/train-00034.mp4,OTHER,A,train,train,OTHER
train-00035,video/train/A/train-00035.mp4,OTHER,A,train,train,OTHER
train-00036,video/train/A/train-00036.mp4,EMOTION,A,train,train,EMOTION
train-00037,video/train/A/train-00037.mp4,LOCATION_QUERY,A,train,train,LOCATION_QUERY
train-00038,video/train/A/train-00038.mp4,OTHER,A,train,train,OTHER
train-00039,video/train/A/train-00039.mp4,OTHER,A,train,train,OTHER
train-00040,video/train/A/train-00040.mp4,QUESTION,A,train,train,QUESTION
train-00041,video/train/A/train-00041.mp4,OTHER,A,train,train,OTHER
train-00042,video/train/A/train-00042.mp4,TIME_QUERY,A,train,train,TIME_QUERY
train-00043,video/train/A/train-00043.mp4,TIME_QUERY,A,train,train,TIME_QUERY
train-00044,video/train/A/train-00044.mp4,TIME_QUERY,A,train,train,TIME_QUERY
train-00045,video/train/A/train-00045.mp4,OTHER,A,train,train,OTHER
train-00046,video/train/A/train-00046.mp4,OTHER,A,train,train,OTHER
train-00047,video/train/A/train-00047.mp4,LOCATION_QUERY,A,train,train,LOCATION_QUERY
train-00048,video/train/A/train-00048.mp4,OTHER,A,train,train,OTHER
train-00049,video/train/A/train-00049.mp4,TIME_QUERY,A,train,train,TIME_QUERY
train-00050,video/train/A/train-00050.mp4,OTHER,A,train,train,OTHER
train-00051,video/train/A/train-00051.mp4,TIME_QUERY,A,train,train,TIME_QUERY
train-00052,video/train/A/train-00052.mp4,QUESTION,A,train,train,QUESTION
train-00053,video/train/A/train-00053.mp4,OTHER,A,train,train,OTHER
train-00054,video/train/A/train-00054.mp4,TIME_QUERY,A,train,train,TIME_QUERY
train-00055,video/train/A/train-00055.mp4,TIME_QUERY,A,train,train,TIME_QUERY
train-00056,video/train/A/train-00056.mp4,OTHER,A,train,train,OTHER
train-00057,video/train/A/train-00057.mp4,ACTION_REQUEST,A,train,train,ACTION_REQUEST
train-00058,video/train/A/train-00058.mp4,ACTION_REQUEST,A,train,train,ACTION_REQUEST
train-00059,video/train/A/train-00059.mp4,OTHER,A,train,train,OTHER
train-00060,video/train/A/train-00060.mp4,QUESTION,A,train,train,QUESTION
train-00061,video/train/A/train-00061.mp4,NEGATION,A,train,train,NEGATION
train-00062,video/train/A/train-00062.mp4,CONFIRMATION,A,train,train,CONFIRMATION
train-00063,video/train/A/train-00063.mp4,QUESTION,A,train,train,QUESTION
train-00064,video/train/A/train-00064.mp4,CONFIRMATION,A,train,train,CONFIRMATION
train-00065,video/train/A/train-00065.mp4,OTHER,A,train,train,OTHER
train-00066,video/train/A/train-00066.mp4,ACTION_REQUEST,A,train,train,ACTION_REQUEST
train-00067,video/train/A/train-00067.mp4,NEGATION,A,train,train,NEGATION
train-00068,video/train/A/train-00068.mp4,ACTION_REQUEST,A,train,train,ACTION_REQUEST
train-00069,video/train/A/train-00069.mp4,NEGATION,A,train,train,NEGATION
train-00070,video/train/A/train-00070.mp4,TIME_QUERY,A,train,train,TIME_QUERY
train-00071,video/train/A/train-00071.mp4,NEGATION,A,train,train,NEGATION
train-00072,video/train/A/train-00072.mp4,NEGATION,A,train,train,NEGATION
train-00073,video/train/A/train-00073.mp4,OTHER,A,train,train,OTHER
train-00074,video/train/A/train-00074.mp4,OTHER,A,train,train,OTHER
train-00075,video/train/A/train-00075.mp4,ACTION_REQUEST,A,train,train,ACTION_REQUEST
train-00076,video/train/A/train-00076.mp4,PURCHASE,A,train,train,PURCHASE
train-00077,video/train/A/train-00077.mp4,OTHER,A,train,train,OTHER
train-00078,video/train/A/train-00078.mp4,LIKE_PREFERENCE,A,train,train,LIKE_PREFERENCE
train-00079,video/train/A/train-00079.mp4,OTHER,A,train,train,OTHER
train-00080,video/train/A/train-00080.mp4,OTHER,A,train,train,OTHER
train-00081,video/train/A/train-00081.mp4,NEGATION,A,train,train,NEGATION
train-00082,video/train/A/train-00082.mp4,NEGATION,A,train,train,NEGATION
train-00083,video/train/A/train-00083.mp4,OTHER,A,train,train,OTHER
train-00084,video/train/A/train-00084.mp4,EMOTION,A,train,train,EMOTION
train-00085,video/train/A/train-00085.mp4,LOCATION_QUERY,A,train,train,LOCATION_QUERY
train-00086,video/train/A/train-00086.mp4,EMOTION,A,train,train,EMOTION
train-00087,video/train/A/train-00087.mp4,OTHER,A,train,train,OTHER
train-00088,video/train/A/train-00088.mp4,LOCATION_QUERY,A,train,train,LOCATION_QUERY
train-00089,video/train/A/train-00089.mp4,OTHER,A,train,train,OTHER
train-00090,video/train/A/train-00090.mp4,OTHER,A,train,train,OTHER
train-00091,video/train/A/train-00091.mp4,LOCATION_QUERY,A,train,train,LOCATION_QUERY
train-00092,video/train/A/train-00092.mp4,NEGATION,A,train,train,NEGATION
train-00093,video/train/A/train-00093.mp4,QUESTION,A,train,train,QUESTION
train-00094,video/train/A/train-00094.mp4,CONFIRMATION,A,train,train,CONFIRMATION
train-00095,video/train/A/train-00095.mp4,NEGATION,A,train,train,NEGATION
train-00096,video/train/A/train-00096.mp4,GREETING,A,train,train,GREETING
train-00097,video/train/A/train-00097.mp4,OTHER,A,train,train,OTHER
train-00098,video/train/A/train-00098.mp4,QUESTION,A,train,train,QUESTION
train-00099,video/train/A/train-00099.mp4,QUESTION,A,train,train,QUESTION
train-00100,video/train/A/train-00100.mp4,CONFIRMATION,A,train,train,CONFIRMATION
train-00101,video/train/A/train-00101.mp4,QUESTION,A,train,train,QUESTION
train-00102,video/train/A/train-00102.mp4,QUESTION,A,train,train,QUESTION
train-00103,video/train/A/train-00103.mp4,GREETING,A,train,train,GREETING
train-00104,video/train/A/train-00104.mp4,OTHER,A,train,train,OTHER
train-00105,video/train/A/train-00105.mp4,LOCATION_QUERY,A,train,train,LOCATION_QUERY
train-00106,video/train/A/train-00106.mp4,NEGATION,A,train,train,NEGATION
train-00107,video/train/A/train-00107.mp4,OTHER,A,train,train,OTHER
train-00108,video/train/A/train-00108.mp4,NEGATION,A,train,train,NEGATION
train-00109,video/train/A/train-00109.mp4,LOCATION_QUERY,A,train,train,LOCATION_QUERY
train-00110,video/train/A/train-00110.mp4,NEGATION,A,train,train,NEGATION
train-00111,video/train/A/train-00111.mp4,NEGATION,A,train,train,NEGATION
train-00112,video/train/A/train-00112.mp4,HEALTH,A,train,train,HEALTH
train-00113,video/train/A/train-00113.mp4,NEGATION,A,train,train,NEGATION
train-00114,video/train/A/train-00114.mp4,NEGATION,A,train,train,NEGATION
train-00115,video/train/A/train-00115.mp4,NEGATION,A,train,train,NEGATION
train-00116,video/train/A/train-00116.mp4,NEGATION,A,train,train,NEGATION
train-00117,video/train/A/train-00117.mp4,ACTION_REQUEST,A,train,train,ACTION_REQUEST
train-00118,video/train/A/train-00118.mp4,CONFIRMATION,A,train,train,CONFIRMATION
train-00119,video/train/A/train-00119.mp4,NEGATION,A,train,train,NEGATION
train-00120,video/train/A/train-00120.mp4,TIME_QUERY,A,train,train,TIME_QUERY
train-00121,video/train/A/train-00121.mp4,NEGATION,A,train,train,NEGATION
train-00122,video/train/A/train-00122.mp4,NEGATION,A,train,train,NEGATION
train-00123,video/train/A/train-00123.mp4,OTHER,A,train,train,OTHER
train-00124,video/train/A/train-00124.mp4,NEGATION,A,train,train,NEGATION
train-00125,video/train/A/train-00125.mp4,LOCATION_QUERY,A,train,train,LOCATION_QUERY
train-00126,video/train/A/train-00126.mp4,NEGATION,A,train,train,NEGATION
train-00127,video/train/A/train-00127.mp4,HEALTH,A,train,train,HEALTH
train-00128,video/train/A/train-00128.mp4,OTHER,A,train,train,OTHER
train-00129,video/train/A/train-00129.mp4,EMOTION,A,train,train,EMOTION
train-00130,video/train/A/train-00130.mp4,OTHER,A,train,train,OTHER
train-00131,video/train/A/train-00131.mp4,ACTION_REQUEST,A,train,train,ACTION_REQUEST
train-00132,video/train/A/train-00132.mp4,NEGATION,A,train,train,NEGATION
train-00133,video/train/A/train-00133.mp4,ACTION_REQUEST,A,train,train,ACTION_REQUEST
train-00134,video/train/A/train-00134.mp4,OTHER,A,train,train,OTHER
train-00135,video/train/A/train-00135.mp4,NEGATION,A,train,train,NEGATION
train-00136,video/train/A/train-00136.mp4,NEGATION,A,train,train,NEGATION
train-00137,video/train/A/train-00137.mp4,NEGATION,A,train,train,NEGATION
train-00138,video/train/A/train-00138.mp4,ACTION_REQUEST,A,train,train,ACTION_REQUEST
train-00139,video/train/A/train-00139.mp4,PURCHASE,A,train,train,PURCHASE
train-00140,video/train/A/train-00140.mp4,OTHER,A,train,train,OTHER
train-00141,video/train/A/train-00141.mp4,ACTION_REQUEST,A,train,train,ACTION_REQUEST
train-00142,video/train/A/train-00142.mp4,EMOTION,A,train,train,EMOTION
train-00143,video/train/A/train-00143.mp4,LOCATION_QUERY,A,train,train,LOCATION_QUERY
train-00144,video/train/A/train-00144.mp4,NEGATION,A,train,train,NEGATION
train-00145,video/train/A/train-00145.mp4,QUESTION,A,train,train,QUESTION
train-00146,video/train/A/train-00146.mp4,QUESTION,A,train,train,QUESTION
train-00147,video/train/A/train-00147.mp4,PURCHASE,A,train,train,PURCHASE
train-00148,video/train/A/train-00148.mp4,CONFIRMATION,A,train,train,CONFIRMATION
train-00149,video/train/A/train-00149.mp4,CONFIRMATION,A,train,train,CONFIRMATION
train-00150,video/train/A/train-00150.mp4,OTHER,A,train,train,OTHER
train-00151,video/train/A/train-00151.mp4,PURCHASE,A,train,train,PURCHASE
train-00152,video/train/A/train-00152.mp4,OTHER,A,train,train,OTHER
train-00153,video/train/A/train-00153.mp4,NEGATION,A,train,train,NEGATION
train-00154,video/train/A/train-00154.mp4,NEGATION,A,train,train,NEGATION
train-00155,video/train/A/train-00155.mp4,OTHER,A,train,train,OTHER
train-00156,video/train/A/train-00156.mp4,PURCHASE,A,train,train,PURCHASE
train-00157,video/train/A/train-00157.mp4,CONFIRMATION,A,train,train,CONFIRMATION
train-00158,video/train/A/train-00158.mp4,OTHER,A,train,train,OTHER
train-00159,video/train/A/train-00159.mp4,ACTION_REQUEST,A,train,train,ACTION_REQUEST
train-00160,video/train/A/train-00160.mp4,OTHER,A,train,train,OTHER
train-00161,video/train/A/train-00161.mp4,LIKE_PREFERENCE,A,train,train,LIKE_PREFERENCE
train-00162,video/train/A/train-00162.mp4,OTHER,A,train,train,OTHER
train-00163,video/train/A/train-00163.mp4,OTHER,A,train,train,OTHER
train-00164,video/train/A/train-00164.mp4,QUESTION,A,train,train,QUESTION
train-00165,video/train/A/train-00165.mp4,LOCATION_QUERY,A,train,train,LOCATION_QUERY
train-00166,video/train/A/train-00166.mp4,OTHER,A,train,train,OTHER
train-00167,video/train/A/train-00167.mp4,OTHER,A,train,train,OTHER
train-00168,video/train/A/train-00168.mp4,OTHER,A,train,train,OTHER
train-00169,video/train/A/train-00169.mp4,CONFIRMATION,A,train,train,CONFIRMATION
train-00170,video/train/A/train-00170.mp4,OTHER,A,train,train,OTHER
train-00171,video/train/A/train-00171.mp4,LIKE_PREFERENCE,A,train,train,LIKE_PREFERENCE
train-00172,video/train/A/train-00172.mp4,OTHER,A,train,train,OTHER
train-00173,video/train/A/train-00173.mp4,CONFIRMATION,A,train,train,CONFIRMATION
train-00174,video/train/A/train-00174.mp4,ACTION_REQUEST,A,train,train,ACTION_REQUEST
train-00175,video/train/A/train-00175.mp4,OTHER,A,train,train,OTHER
train-00176,video/train/A/train-00176.mp4,OTHER,A,train,train,OTHER
train-00177,video/train/A/train-00177.mp4,OTHER,A,train,train,OTHER
train-00178,video/train/A/train-00178.mp4,TIME_QUERY,A,train,train,TIME_QUERY
train-00179,video/train/A/train-00179.mp4,QUESTION,A,train,train,QUESTION
train-00180,video/train/A/train-00180.mp4,QUESTION,A,train,train,QUESTION
train-00181,video/train/A/train-00181.mp4,QUESTION,A,train,train,QUESTION
train-00182,video/train/A/train-00182.mp4,QUESTION,A,train,train,QUESTION
train-00183,video/train/A/train-00183.mp4,QUESTION,A,train,train,QUESTION
train-00184,video/train/A/train-00184.mp4,QUESTION,A,train,train,QUESTION
train-00185,video/train/A/train-00185.mp4,QUESTION,A,train,train,QUESTION
train-00186,video/train/A/train-00186.mp4,QUESTION,A,train,train,QUESTION
train-00187,video/train/A/train-00187.mp4,QUESTION,A,train,train,QUESTION
train-00188,video/train/A/train-00188.mp4,QUESTION,A,train,train,QUESTION
train-00189,video/train/A/train-00189.mp4,QUESTION,A,train,train,QUESTION
train-00190,video/train/A/train-00190.mp4,QUESTION,A,train,train,QUESTION
train-00191,video/train/A/train-00191.mp4,ACTION_REQUEST,A,train,train,ACTION_REQUEST
train-00192,video/train/A/train-00192.mp4,OTHER,A,train,train,OTHER
train-00193,video/train/A/train-00193.mp4,ACTION_REQUEST,A,train,train,ACTION_REQUEST
train-00194,video/train/A/train-00194.mp4,QUESTION,A,train,train,QUESTION
train-00195,video/train/A/train-00195.mp4,LOCATION_QUERY,A,train,train,LOCATION_QUERY
train-00196,video/train/A/train-00196.mp4,OTHER,A,train,train,OTHER
train-00197,video/train/A/train-00197.mp4,OTHER,A,train,train,OTHER
train-00198,video/train/A/train-00198.mp4,OTHER,A,train,train,OTHER
train-00199,video/train/A/train-00199.mp4,OTHER,A,train,train,OTHER
train-00200,video/train/A/train-00200.mp4,PURCHASE,A,train,train,PURCHASE
train-00201,video/train/A/train-00201.mp4,LOCATION_QUERY,A,train,train,LOCATION_QUERY
train-00202,video/train/A/train-00202.mp4,PURCHASE,A,train,train,PURCHASE
train-00203,video/train/A/train-00203.mp4,NEGATION,A,train,train,NEGATION
train-00204,video/train/A/train-00204.mp4,TIME_QUERY,A,train,train,TIME_QUERY
train-00205,video/train/A/train-00205.mp4,QUESTION,A,train,train,QUESTION
train-00206,video/train/A/train-00206.mp4,CONFIRMATION,A,train,train,CONFIRMATION
train-00207,video/train/A/train-00207.mp4,CONFIRMATION,A,train,train,CONFIRMATION
train-00208,video/train/A/train-00208.mp4,OTHER,A,train,train,OTHER
train-00209,video/train/A/train-00209.mp4,CONFIRMATION,A,train,train,CONFIRMATION
train-00210,video/train/A/train-00210.mp4,CONFIRMATION,A,train,train,CONFIRMATION
train-00211,video/train/A/train-00211.mp4,OTHER,A,train,train,OTHER
train-00212,video/train/A/train-00212.mp4,OTHER,A,train,train,OTHER
train-00213,video/train/A/train-00213.mp4,OTHER,A,train,train,OTHER
train-00214,video/train/A/train-00214.mp4,CONFIRMATION,A,train,train,CONFIRMATION
train-00215,video/train/A/train-00215.mp4,CONFIRMATION,A,train,train,CONFIRMATION
train-00216,video/train/A/train-00216.mp4,LOCATION_QUERY,A,train,train,LOCATION_QUERY
train-00217,video/train/A/train-00217.mp4,QUESTION,A,train,train,QUESTION
train-00218,video/train/A/train-00218.mp4,OTHER,A,train,train,OTHER
train-00219,video/train/A/train-00219.mp4,OTHER,A,train,train,OTHER
train-00220,video/train/A/train-00220.mp4,NEGATION,A,train,train,NEGATION
train-00221,video/train/A/train-00221.mp4,OTHER,A,train,train,OTHER
train-00222,video/train/A/train-00222.mp4,OTHER,A,train,train,OTHER
train-00223,video/train/A/train-00223.mp4,QUESTION,A,train,train,QUESTION
train-00224,video/train/A/train-00224.mp4,OTHER,A,train,train,OTHER
train-00225,video/train/A/train-00225.mp4,OTHER,A,train,train,OTHER
train-00226,video/train/A/train-00226.mp4,OTHER,A,train,train,OTHER
train-00227,video/train/A/train-00227.mp4,OTHER,A,train,train,OTHER
train-00228,video/train/A/train-00228.mp4,QUESTION,A,train,train,QUESTION
train-00229,video/train/A/train-00229.mp4,QUESTION,A,train,train,QUESTION
train-00230,video/train/A/train-00230.mp4,QUESTION,A,train,train,QUESTION
train-00231,video/train/A/train-00231.mp4,QUESTION,A,train,train,QUESTION
train-00232,video/train/A/train-00232.mp4,QUESTION,A,train,train,QUESTION
train-00233,video/train/A/train-00233.mp4,QUESTION,A,train,train,QUESTION
train-00234,video/train/A/train-00234.mp4,QUESTION,A,train,train,QUESTION
train-00235,video/train/A/train-00235.mp4,CONFIRMATION,A,train,train,CONFIRMATION
train-00236,video/train/A/train-00236.mp4,QUESTION,A,train,train,QUESTION
train-00237,video/train/A/train-00237.mp4,TIME_QUERY,A,train,train,TIME_QUERY
train-00238,video/train/A/train-00238.mp4,TIME_QUERY,A,train,train,TIME_QUERY
train-00239,video/train/A/train-00239.mp4,TIME_QUERY,A,train,train,TIME_QUERY
train-00240,video/train/A/train-00240.mp4,TIME_QUERY,A,train,train,TIME_QUERY
train-00241,video/train/A/train-00241.mp4,TIME_QUERY,A,train,train,TIME_QUERY
train-00242,video/train/A/train-00242.mp4,QUESTION,A,train,train,QUESTION
train-00243,video/train/A/train-00243.mp4,TIME_QUERY,A,train,train,TIME_QUERY
train-00244,video/train/A/train-00244.mp4,TIME_QUERY,A,train,train,TIME_QUERY
train-00245,video/train/A/train-00245.mp4,TIME_QUERY,A,train,train,TIME_QUERY
train-00246,video/train/A/train-00246.mp4,TIME_QUERY,A,train,train,TIME_QUERY
train-00247,video/train/A/train-00247.mp4,TIME_QUERY,A,train,train,TIME_QUERY
train-00248,video/train/A/train-00248.mp4,TIME_QUERY,A,train,train,TIME_QUERY
train-00249,video/train/A/train-00249.mp4,TIME_QUERY,A,train,train,TIME_QUERY
train-00250,video/train/A/train-00250.mp4,TIME_QUERY,A,train,train,TIME_QUERY
train-00251,video/train/A/train-00251.mp4,TIME_QUERY,A,train,train,TIME_QUERY
train-00252,video/train/A/train-00252.mp4,TIME_QUERY,A,train,train,TIME_QUERY
train-00253,video/train/A/train-00253.mp4,TIME_QUERY,A,train,train,TIME_QUERY
train-00254,video/train/A/train-00254.mp4,TIME_QUERY,A,train,train,TIME_QUERY
train-00255,video/train/A/train-00255.mp4,TIME_QUERY,A,train,train,TIME_QUERY
train-00256,video/train/A/train-00256.mp4,TIME_QUERY,A,train,train,TIME_QUERY
train-00257,video/train/A/train-00257.mp4,TIME_QUERY,A,train,train,TIME_QUERY
train-00258,video/train/A/train-00258.mp4,QUESTION,A,train,train,QUESTION
train-00259,video/train/A/train-00259.mp4,TIME_QUERY,A,train,train,TIME_QUERY
train-00260,video/train/A/train-00260.mp4,TIME_QUERY,A,train,train,TIME_QUERY
train-00261,video/train/A/train-00261.mp4,TIME_QUERY,A,train,train,TIME_QUERY
train-00262,video/train/A/train-00262.mp4,TIME_QUERY,A,train,train,TIME_QUERY
train-00263,video/train/A/train-00263.mp4,QUESTION,A,train,train,QUESTION
train-00264,video/train/A/train-00264.mp4,QUESTION,A,train,train,QUESTION
train-00265,video/train/A/train-00265.mp4,TIME_QUERY,A,train,train,TIME_QUERY
train-00266,video/train/A/train-00266.mp4,QUESTION,A,train,train,QUESTION
train-00267,video/train/A/train-00267.mp4,TIME_QUERY,A,train,train,TIME_QUERY
train-00268,video/train/A/train-00268.mp4,TIME_QUERY,A,train,train,TIME_QUERY
train-00269,video/train/A/train-00269.mp4,TIME_QUERY,A,train,train,TIME_QUERY
train-00270,video/train/A/train-00270.mp4,TIME_QUERY,A,train,train,TIME_QUERY
train-00271,video/train/A/train-00271.mp4,TIME_QUERY,A,train,train,TIME_QUERY
train-00272,video/train/A/train-00272.mp4,QUESTION,A,train,train,QUESTION
train-00273,video/train/A/train-00273.mp4,TIME_QUERY,A,train,train,TIME_QUERY
train-00274,video/train/A/train-00274.mp4,TIME_QUERY,A,train,train,TIME_QUERY
train-00275,video/train/A/train-00275.mp4,QUESTION,A,train,train,QUESTION
train-00276,video/train/A/train-00276.mp4,TIME_QUERY,A,train,train,TIME_QUERY
train-00277,video/train/A/train-00277.mp4,QUESTION,A,train,train,QUESTION
train-00278,video/train/A/train-00278.mp4,TIME_QUERY,A,train,train,TIME_QUERY
train-00279,video/train/A/train-00279.mp4,QUESTION,A,train,train,QUESTION
train-00280,video/train/A/train-00280.mp4,TIME_QUERY,A,train,train,TIME_QUERY
train-00281,video/train/A/train-00281.mp4,TIME_QUERY,A,train,train,TIME_QUERY
train-00282,video/train/A/train-00282.mp4,TIME_QUERY,A,train,train,TIME_QUERY
train-00283,video/train/A/train-00283.mp4,TIME_QUERY,A,train,train,TIME_QUERY
train-00284,video/train/A/train-00284.mp4,TIME_QUERY,A,train,train,TIME_QUERY
train-00285,video/train/A/train-00285.mp4,TIME_QUERY,A,train,train,TIME_QUERY
train-00286,video/train/A/train-00286.mp4,TIME_QUERY,A,train,train,TIME_QUERY
train-00287,video/train/A/train-00287.mp4,TIME_QUERY,A,train,train,TIME_QUERY
train-00288,video/train/A/train-00288.mp4,TIME_QUERY,A,train,train,TIME_QUERY
train-00289,video/train/A/train-00289.mp4,TIME_QUERY,A,train,train,TIME_QUERY
train-00290,video/train/A/train-00290.mp4,TIME_QUERY,A,train,train,TIME_QUERY
train-00291,video/train/A/train-00291.mp4,TIME_QUERY,A,train,train,TIME_QUERY
train-00292,video/train/A/train-00292.mp4,TIME_QUERY,A,train,train,TIME_QUERY
train-00293,video/train/A/train-00293.mp4,TIME_QUERY,A,train,train,TIME_QUERY
train-00294,video/train/A/train-00294.mp4,TIME_QUERY,A,train,train,TIME_QUERY
train-00295,video/train/A/train-00295.mp4,TIME_QUERY,A,train,train,TIME_QUERY
train-00296,video/train/A/train-00296.mp4,TIME_QUERY,A,train,train,TIME_QUERY
train-00297,video/train/A/train-00297.mp4,TIME_QUERY,A,train,train,TIME_QUERY
train-00298,video/train/A/train-00298.mp4,TIME_QUERY,A,train,train,TIME_QUERY
train-00299,video/train/A/train-00299.mp4,TIME_QUERY,A,train,train,TIME_QUERY
train-00300,video/train/A/train-00300.mp4,TIME_QUERY,A,train,train,TIME_QUERY
train-00301,video/train/A/train-00301.mp4,TIME_QUERY,A,train,train,TIME_QUERY
train-00302,video/train/A/train-00302.mp4,TIME_QUERY,A,train,train,TIME_QUERY
train-00303,video/train/A/train-00303.mp4,QUESTION,A,train,train,QUESTION
train-00304,video/train/A/train-00304.mp4,HELP_REQUEST,A,train,train,HELP_REQUEST
train-00305,video/train/A/train-00305.mp4,PURCHASE,A,train,train,PURCHASE
train-00306,video/train/A/train-00306.mp4,OTHER,A,train,train,OTHER
train-00307,video/train/A/train-00307.mp4,OTHER,A,train,train,OTHER
train-00308,video/train/A/train-00308.mp4,OTHER,A,train,train,OTHER
train-00309,video/train/A/train-00309.mp4,OTHER,A,train,train,OTHER
train-00310,video/train/A/train-00310.mp4,OTHER,A,train,train,OTHER
train-00311,video/train/A/train-00311.mp4,OTHER,A,train,train,OTHER
train-00312,video/train/A/train-00312.mp4,ACTION_REQUEST,A,train,train,ACTION_REQUEST
train-00313,video/train/A/train-00313.mp4,LIKE_PREFERENCE,A,train,train,LIKE_PREFERENCE
train-00314,video/train/A/train-00314.mp4,NEGATION,A,train,train,NEGATION
train-00315,video/train/A/train-00315.mp4,NEGATION,A,train,train,NEGATION
train-00316,video/train/A/train-00316.mp4,OTHER,A,train,train,OTHER
train-00317,video/train/A/train-00317.mp4,OTHER,A,train,train,OTHER
train-00318,video/train/A/train-00318.mp4,QUESTION,A,train,train,QUESTION
train-00319,video/train/A/train-00319.mp4,ACTION_REQUEST,A,train,train,ACTION_REQUEST
train-00320,video/train/A/train-00320.mp4,TIME_QUERY,A,train,train,TIME_QUERY
train-00321,video/train/A/train-00321.mp4,OTHER,A,train,train,OTHER
train-00322,video/train/A/train-00322.mp4,CONFIRMATION,A,train,train,CONFIRMATION
train-00323,video/train/A/train-00323.mp4,OTHER,A,train,train,OTHER
train-00324,video/train/A/train-00324.mp4,CONFIRMATION,A,train,train,CONFIRMATION
train-00325,video/train/A/train-00325.mp4,OTHER,A,train,train,OTHER
train-00326,video/train/A/train-00326.mp4,OTHER,A,train,train,OTHER
train-00327,video/train/A/train-00327.mp4,OTHER,A,train,train,OTHER
train-00328,video/train/A/train-00328.mp4,OTHER,A,train,train,OTHER
train-00329,video/train/A/train-00329.mp4,CONFIRMATION,A,train,train,CONFIRMATION
train-00330,video/train/A/train-00330.mp4,TIME_QUERY,A,train,train,TIME_QUERY
train-00331,video/train/A/train-00331.mp4,TIME_QUERY,A,train,train,TIME_QUERY
train-00332,video/train/A/train-00332.mp4,TIME_QUERY,A,train,train,TIME_QUERY
train-00333,video/train/A/train-00333.mp4,OTHER,A,train,train,OTHER
train-00334,video/train/A/train-00334.mp4,OTHER,A,train,train,OTHER
train-00335,video/train/A/train-00335.mp4,ACTION_REQUEST,A,train,train,ACTION_REQUEST
train-00336,video/train/A/train-00336.mp4,OTHER,A,train,train,OTHER
train-00337,video/train/A/train-00337.mp4,CONFIRMATION,A,train,train,CONFIRMATION
train-00338,video/train/A/train-00338.mp4,TIME_QUERY,A,train,train,TIME_QUERY
train-00339,video/train/A/train-00339.mp4,OTHER,A,train,train,OTHER
train-00340,video/train/A/train-00340.mp4,OTHER,A,train,train,OTHER
train-00341,video/train/A/train-00341.mp4,ACTION_REQUEST,A,train,train,ACTION_REQUEST
train-00342,video/train/A/train-00342.mp4,CONFIRMATION,A,train,train,CONFIRMATION
train-00343,video/train/A/train-00343.mp4,ACTION_REQUEST,A,train,train,ACTION_REQUEST
train-00344,video/train/A/train-00344.mp4,QUESTION,A,train,train,QUESTION
train-00345,video/train/A/train-00345.mp4,ACTION_REQUEST,A,train,train,ACTION_REQUEST
train-00346,video/train/A/train-00346.mp4,OTHER,A,train,train,OTHER
train-00347,video/train/A/train-00347.mp4,OTHER,A,train,train,OTHER
train-00348,video/train/A/train-00348.mp4,QUESTION,A,train,train,QUESTION
train-00349,video/train/A/train-00349.mp4,OTHER,A,train,train,OTHER
train-00350,video/train/A/train-00350.mp4,OTHER,A,train,train,OTHER
train-00351,video/train/A/train-00351.mp4,OTHER,A,train,train,OTHER
train-00352,video/train/A/train-00352.mp4,OTHER,A,train,train,OTHER
train-00353,video/train/A/train-00353.mp4,OTHER,A,train,train,OTHER
train-00354,video/train/A/train-00354.mp4,ACTION_REQUEST,A,train,train,ACTION_REQUEST
train-00355,video/train/A/train-00355.mp4,OTHER,A,train,train,OTHER
train-00356,video/train/A/train-00356.mp4,OTHER,A,train,train,OTHER
train-00357,video/train/A/train-00357.mp4,CONFIRMATION,A,train,train,CONFIRMATION
train-00358,video/train/A/train-00358.mp4,OTHER,A,train,train,OTHER
train-00359,video/train/A/train-00359.mp4,OTHER,A,train,train,OTHER
train-00360,video/train/A/train-00360.mp4,LIKE_PREFERENCE,A,train,train,LIKE_PREFERENCE
train-00361,video/train/A/train-00361.mp4,ACTION_REQUEST,A,train,train,ACTION_REQUEST
train-00362,video/train/A/train-00362.mp4,PURCHASE,A,train,train,PURCHASE
train-00363,video/train/A/train-00363.mp4,PURCHASE,A,train,train,PURCHASE
train-00364,video/train/A/train-00364.mp4,OTHER,A,train,train,OTHER
train-00365,video/train/A/train-00365.mp4,OTHER,A,train,train,OTHER
train-00366,video/train/A/train-00366.mp4,PURCHASE,A,train,train,PURCHASE
train-00367,video/train/A/train-00367.mp4,OTHER,A,train,train,OTHER
train-00368,video/train/A/train-00368.mp4,OTHER,A,train,train,OTHER
train-00369,video/train/A/train-00369.mp4,OTHER,A,train,train,OTHER
train-00370,video/train/A/train-00370.mp4,OTHER,A,train,train,OTHER
train-00371,video/train/A/train-00371.mp4,TIME_QUERY,A,train,train,TIME_QUERY
train-00372,video/train/A/train-00372.mp4,LIKE_PREFERENCE,A,train,train,LIKE_PREFERENCE
train-00373,video/train/A/train-00373.mp4,QUESTION,A,train,train,QUESTION
train-00374,video/train/A/train-00374.mp4,OTHER,A,train,train,OTHER
train-00375,video/train/A/train-00375.mp4,OTHER,A,train,train,OTHER
train-00376,video/train/A/train-00376.mp4,OTHER,A,train,train,OTHER
train-00377,video/train/A/train-00377.mp4,CONFIRMATION,A,train,train,CONFIRMATION
train-00378,video/train/A/train-00378.mp4,TIME_QUERY,A,train,train,TIME_QUERY
train-00379,video/train/A/train-00379.mp4,ACTION_REQUEST,A,train,train,ACTION_REQUEST
train-00380,video/train/A/train-00380.mp4,OTHER,A,train,train,OTHER
train-00381,video/train/A/train-00381.mp4,PURCHASE,A,train,train,PURCHASE
train-00382,video/train/A/train-00382.mp4,CONFIRMATION,A,train,train,CONFIRMATION
train-00383,video/train/A/train-00383.mp4,ACTION_REQUEST,A,train,train,ACTION_REQUEST
train-00384,video/train/A/train-00384.mp4,EMOTION,A,train,train,EMOTION
train-00385,video/train/A/train-00385.mp4,OTHER,A,train,train,OTHER
train-00386,video/train/A/train-00386.mp4,ACTION_REQUEST,A,train,train,ACTION_REQUEST
train-00387,video/train/A/train-00387.mp4,ACTION_REQUEST,A,train,train,ACTION_REQUEST
train-00388,video/train/A/train-00388.mp4,OTHER,A,train,train,OTHER
train-00389,video/train/A/train-00389.mp4,OTHER,A,train,train,OTHER
train-00390,video/train/A/train-00390.mp4,OTHER,A,train,train,OTHER
train-00391,video/train/A/train-00391.mp4,OTHER,A,train,train,OTHER
train-00392,video/train/A/train-00392.mp4,OTHER,A,train,train,OTHER
train-00393,video/train/A/train-00393.mp4,OTHER,A,train,train,OTHER
train-00394,video/train/A/train-00394.mp4,PURCHASE,A,train,train,PURCHASE
train-00395,video/train/A/train-00395.mp4,OTHER,A,train,train,OTHER
train-00396,video/train/A/train-00396.mp4,OTHER,A,train,train,OTHER
train-00397,video/train/A/train-00397.mp4,ACTION_REQUEST,A,train,train,ACTION_REQUEST
train-00398,video/train/A/train-00398.mp4,OTHER,A,train,train,OTHER
train-00399,video/train/A/train-00399.mp4,TIME_QUERY,A,train,train,TIME_QUERY
train-00400,video/train/A/train-00400.mp4,CONFIRMATION,A,train,train,CONFIRMATION
train-00401,video/train/A/train-00401.mp4,CONFIRMATION,A,train,train,CONFIRMATION
train-00402,video/train/A/train-00402.mp4,OTHER,A,train,train,OTHER
train-00403,video/train/A/train-00403.mp4,CONFIRMATION,A,train,train,CONFIRMATION
train-00404,video/train/A/train-00404.mp4,CONFIRMATION,A,train,train,CONFIRMATION
train-00405,video/train/A/train-00405.mp4,CONFIRMATION,A,train,train,CONFIRMATION
train-00406,video/train/A/train-00406.mp4,CONFIRMATION,A,train,train,CONFIRMATION
train-00407,video/train/A/train-00407.mp4,OTHER,A,train,train,OTHER
train-00408,video/train/A/train-00408.mp4,OTHER,A,train,train,OTHER
train-00409,video/train/A/train-00409.mp4,OTHER,A,train,train,OTHER
train-00410,video/train/A/train-00410.mp4,OTHER,A,train,train,OTHER
train-00411,video/train/A/train-00411.mp4,QUESTION,A,train,train,QUESTION
train-00412,video/train/A/train-00412.mp4,CONFIRMATION,A,train,train,CONFIRMATION
train-00413,video/train/A/train-00413.mp4,CONFIRMATION,A,train,train,CONFIRMATION
train-00414,video/train/A/train-00414.mp4,CONFIRMATION,A,train,train,CONFIRMATION
train-00415,video/train/A/train-00415.mp4,CONFIRMATION,A,train,train,CONFIRMATION
train-00416,video/train/A/train-00416.mp4,OTHER,A,train,train,OTHER
train-00417,video/train/A/train-00417.mp4,OTHER,A,train,train,OTHER
train-00418,video/train/A/train-00418.mp4,OTHER,A,train,train,OTHER
train-00419,video/train/A/train-00419.mp4,ACTION_REQUEST,A,train,train,ACTION_REQUEST
train-00420,video/train/A/train-00420.mp4,OTHER,A,train,train,OTHER
train-00421,video/train/A/train-00421.mp4,OTHER,A,train,train,OTHER
train-00422,video/train/A/train-00422.mp4,OTHER,A,train,train,OTHER
train-00423,video/train/A/train-00423.mp4,NEGATION,A,train,train,NEGATION
train-00424,video/train/A/train-00424.mp4,OTHER,A,train,train,OTHER
train-00425,video/train/A/train-00425.mp4,ACTION_REQUEST,A,train,train,ACTION_REQUEST
train-00426,video/train/A/train-00426.mp4,OTHER,A,train,train,OTHER
train-00427,video/train/A/train-00427.mp4,OTHER,A,train,train,OTHER
train-00428,video/train/A/train-00428.mp4,OTHER,A,train,train,OTHER
train-00429,video/train/A/train-00429.mp4,NEGATION,A,train,train,NEGATION
train-00430,video/train/A/train-00430.mp4,OTHER,A,train,train,OTHER
train-00431,video/train/A/train-00431.mp4,OTHER,A,train,train,OTHER
train-00432,video/train/A/train-00432.mp4,QUESTION,A,train,train,QUESTION
train-00433,video/train/A/train-00433.mp4,ACTION_REQUEST,A,train,train,ACTION_REQUEST
train-00434,video/train/A/train-00434.mp4,OTHER,A,train,train,OTHER
train-00435,video/train/A/train-00435.mp4,OTHER,A,train,train,OTHER
train-00436,video/train/A/train-00436.mp4,TIME_QUERY,A,train,train,TIME_QUERY
train-00437,video/train/A/train-00437.mp4,OTHER,A,train,train,OTHER
train-00438,video/train/A/train-00438.mp4,ACTION_REQUEST,A,train,train,ACTION_REQUEST
train-00439,video/train/A/train-00439.mp4,OTHER,A,train,train,OTHER
train-00440,video/train/A/train-00440.mp4,OTHER,A,train,train,OTHER
train-00441,video/train/A/train-00441.mp4,OTHER,A,train,train,OTHER
train-00442,video/train/A/train-00442.mp4,OTHER,A,train,train,OTHER
train-00443,video/train/A/train-00443.mp4,OTHER,A,train,train,OTHER
train-00444,video/train/A/train-00444.mp4,OTHER,A,train,train,OTHER
train-00445,video/train/A/train-00445.mp4,TIME_QUERY,A,train,train,TIME_QUERY
train-00446,video/train/A/train-00446.mp4,ACTION_REQUEST,A,train,train,ACTION_REQUEST
train-00447,video/train/A/train-00447.mp4,OTHER,A,train,train,OTHER
train-00448,video/train/A/train-00448.mp4,LIKE_PREFERENCE,A,train,train,LIKE_PREFERENCE
train-00449,video/train/A/train-00449.mp4,ACTION_REQUEST,A,train,train,ACTION_REQUEST
train-00450,video/train/A/train-00450.mp4,OTHER,A,train,train,OTHER
train-00451,video/train/A/train-00451.mp4,EMOTION,A,train,train,EMOTION
train-00452,video/train/A/train-00452.mp4,OTHER,A,train,train,OTHER
train-00453,video/train/A/train-00453.mp4,OTHER,A,train,train,OTHER
train-00454,video/train/A/train-00454.mp4,ACTION_REQUEST,A,train,train,ACTION_REQUEST
train-00455,video/train/A/train-00455.mp4,NEGATION,A,train,train,NEGATION
train-00456,video/train/A/train-00456.mp4,OTHER,A,train,train,OTHER
train-00457,video/train/A/train-00457.mp4,OTHER,A,train,train,OTHER
train-00458,video/train/A/train-00458.mp4,QUESTION,A,train,train,QUESTION
train-00459,video/train/A/train-00459.mp4,OTHER,A,train,train,OTHER
train-00460,video/train/A/train-00460.mp4,LIKE_PREFERENCE,A,train,train,LIKE_PREFERENCE
train-00461,video/train/A/train-00461.mp4,NEGATION,A,train,train,NEGATION
train-00462,video/train/A/train-00462.mp4,OTHER,A,train,train,OTHER
train-00463,video/train/A/train-00463.mp4,OTHER,A,train,train,OTHER
train-00464,video/train/A/train-00464.mp4,OTHER,A,train,train,OTHER
train-00465,video/train/A/train-00465.mp4,OTHER,A,train,train,OTHER
train-00466,video/train/A/train-00466.mp4,ACTION_REQUEST,A,train,train,ACTION_REQUEST
train-00467,video/train/A/train-00467.mp4,PURCHASE,A,train,train,PURCHASE
train-00468,video/train/A/train-00468.mp4,PURCHASE,A,train,train,PURCHASE
train-00469,video/train/A/train-00469.mp4,CONFIRMATION,A,train,train,CONFIRMATION
train-00470,video/train/A/train-00470.mp4,TIME_QUERY,A,train,train,TIME_QUERY
train-00471,video/train/A/train-00471.mp4,TIME_QUERY,A,train,train,TIME_QUERY
train-00472,video/train/A/train-00472.mp4,CONFIRMATION,A,train,train,CONFIRMATION
train-00473,video/train/A/train-00473.mp4,OTHER,A,train,train,OTHER
train-00474,video/train/A/train-00474.mp4,TIME_QUERY,A,train,train,TIME_QUERY
train-00475,video/train/A/train-00475.mp4,OTHER,A,train,train,OTHER
train-00476,video/train/A/train-00476.mp4,OTHER,A,train,train,OTHER
train-00477,video/train/A/train-00477.mp4,QUESTION,A,train,train,QUESTION
train-00478,video/train/A/train-00478.mp4,PURCHASE,A,train,train,PURCHASE
train-00479,video/train/A/train-00479.mp4,OTHER,A,train,train,OTHER
train-00480,video/train/A/train-00480.mp4,OTHER,A,train,train,OTHER
train-00481,video/train/A/train-00481.mp4,OTHER,A,train,train,OTHER
train-00482,video/train/A/train-00482.mp4,OTHER,A,train,train,OTHER
train-00483,video/train/A/train-00483.mp4,OTHER,A,train,train,OTHER
train-00484,video/train/A/train-00484.mp4,CONFIRMATION,A,train,train,CONFIRMATION
train-00485,video/train/A/train-00485.mp4,NEGATION,A,train,train,NEGATION
train-00486,video/train/A/train-00486.mp4,ACTION_REQUEST,A,train,train,ACTION_REQUEST
train-00487,video/train/A/train-00487.mp4,OTHER,A,train,train,OTHER
train-00488,video/train/A/train-00488.mp4,NEGATION,A,train,train,NEGATION
train-00489,video/train/A/train-00489.mp4,OTHER,A,train,train,OTHER
train-00490,video/train/A/train-00490.mp4,OTHER,A,train,train,OTHER
train-00491,video/train/B/train-00491.mp4,QUESTION,B,train,train,QUESTION
train-00492,video/train/B/train-00492.mp4,ACTION_REQUEST,B,train,train,ACTION_REQUEST
train-00493,video/train/B/train-00493.mp4,TIME_QUERY,B,train,train,TIME_QUERY
train-00494,video/train/B/train-00494.mp4,OTHER,B,train,train,OTHER
train-00495,video/train/B/train-00495.mp4,QUESTION,B,train,train,QUESTION
train-00496,video/train/B/train-00496.mp4,TIME_QUERY,B,train,train,TIME_QUERY
train-00497,video/train/B/train-00497.mp4,OTHER,B,train,train,OTHER
train-00498,video/train/B/train-00498.mp4,QUESTION,B,train,train,QUESTION
train-00499,video/train/B/train-00499.mp4,LOCATION_QUERY,B,train,train,LOCATION_QUERY
train-00500,video/train/B/train-00500.mp4,CONFIRMATION,B,train,train,CONFIRMATION
train-00501,video/train/B/train-00501.mp4,CONFIRMATION,B,train,train,CONFIRMATION
train-00502,video/train/B/train-00502.mp4,OTHER,B,train,train,OTHER
train-00503,video/train/B/train-00503.mp4,QUESTION,B,train,train,QUESTION
train-00504,video/train/B/train-00504.mp4,OTHER,B,train,train,OTHER
train-00505,video/train/B/train-00505.mp4,QUESTION,B,train,train,QUESTION
train-00506,video/train/B/train-00506.mp4,ACTION_REQUEST,B,train,train,ACTION_REQUEST
train-00507,video/train/B/train-00507.mp4,LOCATION_QUERY,B,train,train,LOCATION_QUERY
train-00508,video/train/B/train-00508.mp4,CONFIRMATION,B,train,train,CONFIRMATION
train-00509,video/train/B/train-00509.mp4,LOCATION_QUERY,B,train,train,LOCATION_QUERY
train-00510,video/train/B/train-00510.mp4,CONFIRMATION,B,train,train,CONFIRMATION
train-00511,video/train/B/train-00511.mp4,CONFIRMATION,B,train,train,CONFIRMATION
train-00512,video/train/B/train-00512.mp4,EMOTION,B,train,train,EMOTION
train-00513,video/train/B/train-00513.mp4,NEGATION,B,train,train,NEGATION
train-00514,video/train/B/train-00514.mp4,NEGATION,B,train,train,NEGATION
train-00515,video/train/B/train-00515.mp4,OTHER,B,train,train,OTHER
train-00516,video/train/B/train-00516.mp4,ACTION_REQUEST,B,train,train,ACTION_REQUEST
train-00517,video/train/B/train-00517.mp4,QUESTION,B,train,train,QUESTION
train-00518,video/train/B/train-00518.mp4,QUESTION,B,train,train,QUESTION
train-00519,video/train/B/train-00519.mp4,QUESTION,B,train,train,QUESTION
train-00520,video/train/B/train-00520.mp4,QUESTION,B,train,train,QUESTION
train-00521,video/train/B/train-00521.mp4,QUESTION,B,train,train,QUESTION
train-00522,video/train/B/train-00522.mp4,QUESTION,B,train,train,QUESTION
train-00523,video/train/B/train-00523.mp4,QUESTION,B,train,train,QUESTION
train-00524,video/train/B/train-00524.mp4,QUESTION,B,train,train,QUESTION
train-00525,video/train/B/train-00525.mp4,QUESTION,B,train,train,QUESTION
train-00526,video/train/B/train-00526.mp4,QUESTION,B,train,train,QUESTION
train-00527,video/train/B/train-00527.mp4,QUESTION,B,train,train,QUESTION
train-00528,video/train/B/train-00528.mp4,QUESTION,B,train,train,QUESTION
train-00529,video/train/B/train-00529.mp4,NEGATION,B,train,train,NEGATION
train-00530,video/train/B/train-00530.mp4,CONFIRMATION,B,train,train,CONFIRMATION
train-00531,video/train/B/train-00531.mp4,LOCATION_QUERY,B,train,train,LOCATION_QUERY
train-00532,video/train/B/train-00532.mp4,QUESTION,B,train,train,QUESTION
train-00533,video/train/B/train-00533.mp4,QUESTION,B,train,train,QUESTION
train-00534,video/train/B/train-00534.mp4,QUESTION,B,train,train,QUESTION
train-00535,video/train/B/train-00535.mp4,QUESTION,B,train,train,QUESTION
train-00536,video/train/B/train-00536.mp4,QUESTION,B,train,train,QUESTION
train-00537,video/train/B/train-00537.mp4,QUESTION,B,train,train,QUESTION
train-00538,video/train/B/train-00538.mp4,QUESTION,B,train,train,QUESTION
train-00539,video/train/B/train-00539.mp4,TIME_QUERY,B,train,train,TIME_QUERY
train-00540,video/train/B/train-00540.mp4,TIME_QUERY,B,train,train,TIME_QUERY
train-00541,video/train/B/train-00541.mp4,QUESTION,B,train,train,QUESTION
train-00542,video/train/B/train-00542.mp4,TIME_QUERY,B,train,train,TIME_QUERY
train-00543,video/train/B/train-00543.mp4,TIME_QUERY,B,train,train,TIME_QUERY
train-00544,video/train/B/train-00544.mp4,TIME_QUERY,B,train,train,TIME_QUERY
train-00545,video/train/B/train-00545.mp4,QUESTION,B,train,train,QUESTION
train-00546,video/train/B/train-00546.mp4,TIME_QUERY,B,train,train,TIME_QUERY
train-00547,video/train/B/train-00547.mp4,TIME_QUERY,B,train,train,TIME_QUERY
train-00548,video/train/B/train-00548.mp4,QUESTION,B,train,train,QUESTION
train-00549,video/train/B/train-00549.mp4,QUESTION,B,train,train,QUESTION
train-00550,video/train/B/train-00550.mp4,OTHER,B,train,train,OTHER
train-00551,video/train/B/train-00551.mp4,QUESTION,B,train,train,QUESTION
train-00552,video/train/B/train-00552.mp4,QUESTION,B,train,train,QUESTION
train-00553,video/train/B/train-00553.mp4,QUESTION,B,train,train,QUESTION
train-00554,video/train/B/train-00554.mp4,GREETING,B,train,train,GREETING
train-00555,video/train/B/train-00555.mp4,NEGATION,B,train,train,NEGATION
train-00556,video/train/B/train-00556.mp4,NEGATION,B,train,train,NEGATION
train-00557,video/train/B/train-00557.mp4,ACTION_REQUEST,B,train,train,ACTION_REQUEST
train-00558,video/train/B/train-00558.mp4,TIME_QUERY,B,train,train,TIME_QUERY
train-00559,video/train/B/train-00559.mp4,OTHER,B,train,train,OTHER
train-00560,video/train/B/train-00560.mp4,ACTION_REQUEST,B,train,train,ACTION_REQUEST
train-00561,video/train/B/train-00561.mp4,HELP_REQUEST,B,train,train,HELP_REQUEST
train-00562,video/train/B/train-00562.mp4,OTHER,B,train,train,OTHER
train-00563,video/train/B/train-00563.mp4,OTHER,B,train,train,OTHER
train-00564,video/train/B/train-00564.mp4,QUESTION,B,train,train,QUESTION
train-00565,video/train/B/train-00565.mp4,QUESTION,B,train,train,QUESTION
train-00566,video/train/B/train-00566.mp4,QUESTION,B,train,train,QUESTION
train-00567,video/train/B/train-00567.mp4,LIKE_PREFERENCE,B,train,train,LIKE_PREFERENCE
train-00568,video/train/B/train-00568.mp4,QUESTION,B,train,train,QUESTION
train-00569,video/train/B/train-00569.mp4,ACTION_REQUEST,B,train,train,ACTION_REQUEST
train-00570,video/train/B/train-00570.mp4,QUESTION,B,train,train,QUESTION
train-00571,video/train/B/train-00571.mp4,QUESTION,B,train,train,QUESTION
train-00572,video/train/B/train-00572.mp4,QUESTION,B,train,train,QUESTION
train-00573,video/train/B/train-00573.mp4,PURCHASE,B,train,train,PURCHASE
train-00574,video/train/B/train-00574.mp4,OTHER,B,train,train,OTHER
train-00575,video/train/B/train-00575.mp4,OTHER,B,train,train,OTHER
train-00576,video/train/B/train-00576.mp4,TIME_QUERY,B,train,train,TIME_QUERY
train-00577,video/train/B/train-00577.mp4,QUESTION,B,train,train,QUESTION
train-00578,video/train/B/train-00578.mp4,QUESTION,B,train,train,QUESTION
train-00579,video/train/B/train-00579.mp4,PURCHASE,B,train,train,PURCHASE
train-00580,video/train/B/train-00580.mp4,QUESTION,B,train,train,QUESTION
train-00581,video/train/B/train-00581.mp4,OTHER,B,train,train,OTHER
train-00582,video/train/B/train-00582.mp4,OTHER,B,train,train,OTHER
train-00583,video/train/B/train-00583.mp4,LOCATION_QUERY,B,train,train,LOCATION_QUERY
train-00584,video/train/B/train-00584.mp4,OTHER,B,train,train,OTHER
train-00585,video/train/B/train-00585.mp4,OTHER,B,train,train,OTHER
train-00586,video/train/B/train-00586.mp4,OTHER,B,train,train,OTHER
train-00587,video/train/B/train-00587.mp4,OTHER,B,train,train,OTHER
train-00588,video/train/B/train-00588.mp4,QUESTION,B,train,train,QUESTION
train-00589,video/train/B/train-00589.mp4,LOCATION_QUERY,B,train,train,LOCATION_QUERY
train-00590,video/train/B/train-00590.mp4,HELP_REQUEST,B,train,train,HELP_REQUEST
train-00591,video/train/B/train-00591.mp4,CONFIRMATION,B,train,train,CONFIRMATION
train-00592,video/train/B/train-00592.mp4,OTHER,B,train,train,OTHER
train-00593,video/train/B/train-00593.mp4,QUESTION,B,train,train,QUESTION
train-00594,video/train/B/train-00594.mp4,OTHER,B,train,train,OTHER
train-00595,video/train/B/train-00595.mp4,OTHER,B,train,train,OTHER
train-00596,video/train/B/train-00596.mp4,CONFIRMATION,B,train,train,CONFIRMATION
train-00597,video/train/B/train-00597.mp4,OTHER,B,train,train,OTHER
train-00598,video/train/B/train-00598.mp4,QUESTION,B,train,train,QUESTION
train-00599,video/train/B/train-00599.mp4,QUESTION,B,train,train,QUESTION
train-00600,video/train/B/train-00600.mp4,OTHER,B,train,train,OTHER
train-00601,video/train/B/train-00601.mp4,ACTION_REQUEST,B,train,train,ACTION_REQUEST
train-00602,video/train/B/train-00602.mp4,OTHER,B,train,train,OTHER
train-00603,video/train/B/train-00603.mp4,OTHER,B,train,train,OTHER
train-00604,video/train/B/train-00604.mp4,ACTION_REQUEST,B,train,train,ACTION_REQUEST
train-00605,video/train/B/train-00605.mp4,OTHER,B,train,train,OTHER
train-00606,video/train/B/train-00606.mp4,OTHER,B,train,train,OTHER
train-00607,video/train/B/train-00607.mp4,OTHER,B,train,train,OTHER
train-00608,video/train/B/train-00608.mp4,QUESTION,B,train,train,QUESTION
train-00609,video/train/B/train-00609.mp4,QUESTION,B,train,train,QUESTION
train-00610,video/train/B/train-00610.mp4,QUESTION,B,train,train,QUESTION
train-00611,video/train/B/train-00611.mp4,HELP_REQUEST,B,train,train,HELP_REQUEST
train-00612,video/train/B/train-00612.mp4,ACTION_REQUEST,B,train,train,ACTION_REQUEST
train-00613,video/train/B/train-00613.mp4,LIKE_PREFERENCE,B,train,train,LIKE_PREFERENCE
train-00614,video/train/B/train-00614.mp4,ACTION_REQUEST,B,train,train,ACTION_REQUEST
train-00615,video/train/B/train-00615.mp4,ACTION_REQUEST,B,train,train,ACTION_REQUEST
train-00616,video/train/B/train-00616.mp4,ACTION_REQUEST,B,train,train,ACTION_REQUEST
train-00617,video/train/B/train-00617.mp4,ACTION_REQUEST,B,train,train,ACTION_REQUEST
train-00618,video/train/B/train-00618.mp4,ACTION_REQUEST,B,train,train,ACTION_REQUEST
train-00619,video/train/B/train-00619.mp4,OTHER,B,train,train,OTHER
train-00620,video/train/B/train-00620.mp4,OTHER,B,train,train,OTHER
train-00621,video/train/B/train-00621.mp4,OTHER,B,train,train,OTHER
train-00622,video/train/B/train-00622.mp4,ACTION_REQUEST,B,train,train,ACTION_REQUEST
train-00623,video/train/B/train-00623.mp4,OTHER,B,train,train,OTHER
train-00624,video/train/B/train-00624.mp4,OTHER,B,train,train,OTHER
train-00625,video/train/B/train-00625.mp4,CONFIRMATION,B,train,train,CONFIRMATION
train-00626,video/train/B/train-00626.mp4,QUESTION,B,train,train,QUESTION
train-00627,video/train/B/train-00627.mp4,LOCATION_QUERY,B,train,train,LOCATION_QUERY
train-00628,video/train/B/train-00628.mp4,QUESTION,B,train,train,QUESTION
train-00629,video/train/B/train-00629.mp4,NEGATION,B,train,train,NEGATION
train-00630,video/train/B/train-00630.mp4,ACTION_REQUEST,B,train,train,ACTION_REQUEST
train-00631,video/train/B/train-00631.mp4,ACTION_REQUEST,B,train,train,ACTION_REQUEST
train-00632,video/train/B/train-00632.mp4,EMOTION,B,train,train,EMOTION
train-00633,video/train/B/train-00633.mp4,NEGATION,B,train,train,NEGATION
train-00634,video/train/B/train-00634.mp4,QUESTION,B,train,train,QUESTION
train-00635,video/train/B/train-00635.mp4,QUESTION,B,train,train,QUESTION
train-00636,video/train/B/train-00636.mp4,OTHER,B,train,train,OTHER
train-00637,video/train/B/train-00637.mp4,ACTION_REQUEST,B,train,train,ACTION_REQUEST
train-00638,video/train/B/train-00638.mp4,CONFIRMATION,B,train,train,CONFIRMATION
train-00639,video/train/B/train-00639.mp4,ACTION_REQUEST,B,train,train,ACTION_REQUEST
train-00640,video/train/B/train-00640.mp4,OTHER,B,train,train,OTHER
train-00641,video/train/B/train-00641.mp4,LOCATION_QUERY,B,train,train,LOCATION_QUERY
train-00642,video/train/B/train-00642.mp4,QUESTION,B,train,train,QUESTION
train-00643,video/train/B/train-00643.mp4,OTHER,B,train,train,OTHER
train-00644,video/train/B/train-00644.mp4,OTHER,B,train,train,OTHER
train-00645,video/train/B/train-00645.mp4,OTHER,B,train,train,OTHER
train-00646,video/train/B/train-00646.mp4,OTHER,B,train,train,OTHER
train-00647,video/train/B/train-00647.mp4,QUESTION,B,train,train,QUESTION
train-00648,video/train/B/train-00648.mp4,CONFIRMATION,B,train,train,CONFIRMATION
train-00649,video/train/B/train-00649.mp4,CONFIRMATION,B,train,train,CONFIRMATION
train-00650,video/train/B/train-00650.mp4,ACTION_REQUEST,B,train,train,ACTION_REQUEST
train-00651,video/train/B/train-00651.mp4,LOCATION_QUERY,B,train,train,LOCATION_QUERY
train-00652,video/train/B/train-00652.mp4,CONFIRMATION,B,train,train,CONFIRMATION
train-00653,video/train/B/train-00653.mp4,ACTION_REQUEST,B,train,train,ACTION_REQUEST
train-00654,video/train/B/train-00654.mp4,HELP_REQUEST,B,train,train,HELP_REQUEST
train-00655,video/train/B/train-00655.mp4,HELP_REQUEST,B,train,train,HELP_REQUEST
train-00656,video/train/B/train-00656.mp4,HELP_REQUEST,B,train,train,HELP_REQUEST
train-00657,video/train/B/train-00657.mp4,CONFIRMATION,B,train,train,CONFIRMATION
train-00658,video/train/B/train-00658.mp4,CONFIRMATION,B,train,train,CONFIRMATION
train-00659,video/train/B/train-00659.mp4,TIME_QUERY,B,train,train,TIME_QUERY
train-00660,video/train/B/train-00660.mp4,CONFIRMATION,B,train,train,CONFIRMATION
train-00661,video/train/B/train-00661.mp4,CONFIRMATION,B,train,train,CONFIRMATION
train-00662,video/train/B/train-00662.mp4,ACTION_REQUEST,B,train,train,ACTION_REQUEST
train-00663,video/train/B/train-00663.mp4,CONFIRMATION,B,train,train,CONFIRMATION
train-00664,video/train/B/train-00664.mp4,OTHER,B,train,train,OTHER
train-00665,video/train/B/train-00665.mp4,ACTION_REQUEST,B,train,train,ACTION_REQUEST
train-00666,video/train/B/train-00666.mp4,ACTION_REQUEST,B,train,train,ACTION_REQUEST
train-00667,video/train/B/train-00667.mp4,OTHER,B,train,train,OTHER
train-00668,video/train/B/train-00668.mp4,QUESTION,B,train,train,QUESTION
train-00669,video/train/B/train-00669.mp4,QUESTION,B,train,train,QUESTION
train-00670,video/train/B/train-00670.mp4,QUESTION,B,train,train,QUESTION
train-00671,video/train/B/train-00671.mp4,OTHER,B,train,train,OTHER
train-00672,video/train/B/train-00672.mp4,CONFIRMATION,B,train,train,CONFIRMATION
train-00673,video/train/B/train-00673.mp4,LIKE_PREFERENCE,B,train,train,LIKE_PREFERENCE
train-00674,video/train/B/train-00674.mp4,QUESTION,B,train,train,QUESTION
train-00675,video/train/B/train-00675.mp4,QUESTION,B,train,train,QUESTION
train-00676,video/train/B/train-00676.mp4,OTHER,B,train,train,OTHER
train-00677,video/train/B/train-00677.mp4,LIKE_PREFERENCE,B,train,train,LIKE_PREFERENCE
train-00678,video/train/B/train-00678.mp4,QUESTION,B,train,train,QUESTION
train-00679,video/train/B/train-00679.mp4,LIKE_PREFERENCE,B,train,train,LIKE_PREFERENCE
train-00680,video/train/B/train-00680.mp4,QUESTION,B,train,train,QUESTION
train-00681,video/train/B/train-00681.mp4,LIKE_PREFERENCE,B,train,train,LIKE_PREFERENCE
train-00682,video/train/B/train-00682.mp4,LIKE_PREFERENCE,B,train,train,LIKE_PREFERENCE
train-00683,video/train/B/train-00683.mp4,QUESTION,B,train,train,QUESTION
train-00684,video/train/B/train-00684.mp4,QUESTION,B,train,train,QUESTION
train-00685,video/train/B/train-00685.mp4,LIKE_PREFERENCE,B,train,train,LIKE_PREFERENCE
train-00686,video/train/B/train-00686.mp4,LIKE_PREFERENCE,B,train,train,LIKE_PREFERENCE
train-00687,video/train/B/train-00687.mp4,QUESTION,B,train,train,QUESTION
train-00688,video/train/B/train-00688.mp4,LIKE_PREFERENCE,B,train,train,LIKE_PREFERENCE
train-00689,video/train/B/train-00689.mp4,LIKE_PREFERENCE,B,train,train,LIKE_PREFERENCE
train-00690,video/train/B/train-00690.mp4,QUESTION,B,train,train,QUESTION
train-00691,video/train/B/train-00691.mp4,LIKE_PREFERENCE,B,train,train,LIKE_PREFERENCE
train-00692,video/train/B/train-00692.mp4,LIKE_PREFERENCE,B,train,train,LIKE_PREFERENCE
train-00693,video/train/B/train-00693.mp4,PURCHASE,B,train,train,PURCHASE
train-00694,video/train/B/train-00694.mp4,QUESTION,B,train,train,QUESTION
train-00695,video/train/B/train-00695.mp4,QUESTION,B,train,train,QUESTION
train-00696,video/train/B/train-00696.mp4,LOCATION_QUERY,B,train,train,LOCATION_QUERY
train-00697,video/train/B/train-00697.mp4,OTHER,B,train,train,OTHER
train-00698,video/train/B/train-00698.mp4,LIKE_PREFERENCE,B,train,train,LIKE_PREFERENCE
train-00699,video/train/B/train-00699.mp4,LIKE_PREFERENCE,B,train,train,LIKE_PREFERENCE
train-00700,video/train/B/train-00700.mp4,LIKE_PREFERENCE,B,train,train,LIKE_PREFERENCE
train-00701,video/train/B/train-00701.mp4,LIKE_PREFERENCE,B,train,train,LIKE_PREFERENCE
train-00702,video/train/B/train-00702.mp4,LIKE_PREFERENCE,B,train,train,LIKE_PREFERENCE
train-00703,video/train/B/train-00703.mp4,LIKE_PREFERENCE,B,train,train,LIKE_PREFERENCE
train-00704,video/train/B/train-00704.mp4,LIKE_PREFERENCE,B,train,train,LIKE_PREFERENCE
train-00705,video/train/B/train-00705.mp4,LIKE_PREFERENCE,B,train,train,LIKE_PREFERENCE
train-00706,video/train/B/train-00706.mp4,QUESTION,B,train,train,QUESTION
train-00707,video/train/B/train-00707.mp4,LIKE_PREFERENCE,B,train,train,LIKE_PREFERENCE
train-00708,video/train/B/train-00708.mp4,LIKE_PREFERENCE,B,train,train,LIKE_PREFERENCE
train-00709,video/train/B/train-00709.mp4,LIKE_PREFERENCE,B,train,train,LIKE_PREFERENCE
train-00710,video/train/B/train-00710.mp4,LIKE_PREFERENCE,B,train,train,LIKE_PREFERENCE
train-00711,video/train/B/train-00711.mp4,LIKE_PREFERENCE,B,train,train,LIKE_PREFERENCE
train-00712,video/train/B/train-00712.mp4,LIKE_PREFERENCE,B,train,train,LIKE_PREFERENCE
train-00713,video/train/B/train-00713.mp4,PURCHASE,B,train,train,PURCHASE
train-00714,video/train/B/train-00714.mp4,LIKE_PREFERENCE,B,train,train,LIKE_PREFERENCE
train-00715,video/train/B/train-00715.mp4,LIKE_PREFERENCE,B,train,train,LIKE_PREFERENCE
train-00716,video/train/B/train-00716.mp4,LIKE_PREFERENCE,B,train,train,LIKE_PREFERENCE
train-00717,video/train/B/train-00717.mp4,LOCATION_QUERY,B,train,train,LOCATION_QUERY
train-00718,video/train/B/train-00718.mp4,PURCHASE,B,train,train,PURCHASE
train-00719,video/train/B/train-00719.mp4,QUESTION,B,train,train,QUESTION
train-00720,video/train/B/train-00720.mp4,LIKE_PREFERENCE,B,train,train,LIKE_PREFERENCE
train-00721,video/train/B/train-00721.mp4,ACTION_REQUEST,B,train,train,ACTION_REQUEST
train-00722,video/train/B/train-00722.mp4,QUESTION,B,train,train,QUESTION
train-00723,video/train/B/train-00723.mp4,QUESTION,B,train,train,QUESTION
train-00724,video/train/B/train-00724.mp4,QUESTION,B,train,train,QUESTION
train-00725,video/train/B/train-00725.mp4,TIME_QUERY,B,train,train,TIME_QUERY
train-00726,video/train/B/train-00726.mp4,TIME_QUERY,B,train,train,TIME_QUERY
train-00727,video/train/B/train-00727.mp4,QUESTION,B,train,train,QUESTION
train-00728,video/train/B/train-00728.mp4,QUESTION,B,train,train,QUESTION
train-00729,video/train/B/train-00729.mp4,QUESTION,B,train,train,QUESTION
train-00730,video/train/B/train-00730.mp4,OTHER,B,train,train,OTHER
train-00731,video/train/B/train-00731.mp4,TIME_QUERY,B,train,train,TIME_QUERY
train-00732,video/train/B/train-00732.mp4,LOCATION_QUERY,B,train,train,LOCATION_QUERY
train-00733,video/train/B/train-00733.mp4,QUESTION,B,train,train,QUESTION
train-00734,video/train/B/train-00734.mp4,CONFIRMATION,B,train,train,CONFIRMATION
train-00735,video/train/B/train-00735.mp4,QUESTION,B,train,train,QUESTION
train-00736,video/train/B/train-00736.mp4,QUESTION,B,train,train,QUESTION
train-00737,video/train/B/train-00737.mp4,QUESTION,B,train,train,QUESTION
train-00738,video/train/B/train-00738.mp4,QUESTION,B,train,train,QUESTION
train-00739,video/train/B/train-00739.mp4,OTHER,B,train,train,OTHER
train-00740,video/train/B/train-00740.mp4,GREETING,B,train,train,GREETING
train-00741,video/train/B/train-00741.mp4,CONFIRMATION,B,train,train,CONFIRMATION
train-00742,video/train/B/train-00742.mp4,OTHER,B,train,train,OTHER
train-00743,video/train/B/train-00743.mp4,ACTION_REQUEST,B,train,train,ACTION_REQUEST
train-00744,video/train/B/train-00744.mp4,CONFIRMATION,B,train,train,CONFIRMATION
train-00745,video/train/B/train-00745.mp4,EMOTION,B,train,train,EMOTION
train-00746,video/train/B/train-00746.mp4,OTHER,B,train,train,OTHER
train-00747,video/train/B/train-00747.mp4,QUESTION,B,train,train,QUESTION
train-00748,video/train/B/train-00748.mp4,QUESTION,B,train,train,QUESTION
train-00749,video/train/B/train-00749.mp4,QUESTION,B,train,train,QUESTION
train-00750,video/train/B/train-00750.mp4,OTHER,B,train,train,OTHER
train-00751,video/train/B/train-00751.mp4,OTHER,B,train,train,OTHER
train-00752,video/train/B/train-00752.mp4,OTHER,B,train,train,OTHER
train-00753,video/train/B/train-00753.mp4,QUESTION,B,train,train,QUESTION
train-00754,video/train/B/train-00754.mp4,QUESTION,B,train,train,QUESTION
train-00755,video/train/B/train-00755.mp4,CONFIRMATION,B,train,train,CONFIRMATION
train-00756,video/train/B/train-00756.mp4,QUESTION,B,train,train,QUESTION
train-00757,video/train/B/train-00757.mp4,OTHER,B,train,train,OTHER
train-00758,video/train/B/train-00758.mp4,OTHER,B,train,train,OTHER
train-00759,video/train/B/train-00759.mp4,OTHER,B,train,train,OTHER
train-00760,video/train/B/train-00760.mp4,QUESTION,B,train,train,QUESTION
train-00761,video/train/B/train-00761.mp4,QUESTION,B,train,train,QUESTION
train-00762,video/train/B/train-00762.mp4,QUESTION,B,train,train,QUESTION
train-00763,video/train/B/train-00763.mp4,QUESTION,B,train,train,QUESTION
train-00764,video/train/B/train-00764.mp4,QUESTION,B,train,train,QUESTION
train-00765,video/train/B/train-00765.mp4,QUESTION,B,train,train,QUESTION
train-00766,video/train/B/train-00766.mp4,OTHER,B,train,train,OTHER
train-00767,video/train/B/train-00767.mp4,OTHER,B,train,train,OTHER
train-00768,video/train/B/train-00768.mp4,QUESTION,B,train,train,QUESTION
train-00769,video/train/B/train-00769.mp4,OTHER,B,train,train,OTHER
train-00770,video/train/B/train-00770.mp4,OTHER,B,train,train,OTHER
train-00771,video/train/B/train-00771.mp4,QUESTION,B,train,train,QUESTION
train-00772,video/train/B/train-00772.mp4,OTHER,B,train,train,OTHER
train-00773,video/train/B/train-00773.mp4,ACTION_REQUEST,B,train,train,ACTION_REQUEST
train-00774,video/train/B/train-00774.mp4,QUESTION,B,train,train,QUESTION
train-00775,video/train/B/train-00775.mp4,NEGATION,B,train,train,NEGATION
train-00776,video/train/B/train-00776.mp4,ACTION_REQUEST,B,train,train,ACTION_REQUEST
train-00777,video/train/B/train-00777.mp4,EMOTION,B,train,train,EMOTION
train-00778,video/train/B/train-00778.mp4,CONFIRMATION,B,train,train,CONFIRMATION
train-00779,video/train/B/train-00779.mp4,PURCHASE,B,train,train,PURCHASE
train-00780,video/train/B/train-00780.mp4,NEGATION,B,train,train,NEGATION
train-00781,video/train/B/train-00781.mp4,CONFIRMATION,B,train,train,CONFIRMATION
train-00782,video/train/B/train-00782.mp4,OTHER,B,train,train,OTHER
train-00783,video/train/B/train-00783.mp4,CONFIRMATION,B,train,train,CONFIRMATION
train-00784,video/train/B/train-00784.mp4,OTHER,B,train,train,OTHER
train-00785,video/train/B/train-00785.mp4,ACTION_REQUEST,B,train,train,ACTION_REQUEST
train-00786,video/train/B/train-00786.mp4,QUESTION,B,train,train,QUESTION
train-00787,video/train/B/train-00787.mp4,OTHER,B,train,train,OTHER
train-00788,video/train/B/train-00788.mp4,OTHER,B,train,train,OTHER
train-00789,video/train/B/train-00789.mp4,HELP_REQUEST,B,train,train,HELP_REQUEST
train-00790,video/train/B/train-00790.mp4,QUESTION,B,train,train,QUESTION
train-00791,video/train/B/train-00791.mp4,QUESTION,B,train,train,QUESTION
train-00792,video/train/B/train-00792.mp4,ACTION_REQUEST,B,train,train,ACTION_REQUEST
train-00793,video/train/B/train-00793.mp4,LIKE_PREFERENCE,B,train,train,LIKE_PREFERENCE
train-00794,video/train/B/train-00794.mp4,LIKE_PREFERENCE,B,train,train,LIKE_PREFERENCE
train-00795,video/train/B/train-00795.mp4,OTHER,B,train,train,OTHER
train-00796,video/train/B/train-00796.mp4,OTHER,B,train,train,OTHER
train-00797,video/train/B/train-00797.mp4,QUESTION,B,train,train,QUESTION
train-00798,video/train/B/train-00798.mp4,QUESTION,B,train,train,QUESTION
train-00799,video/train/B/train-00799.mp4,QUESTION,B,train,train,QUESTION
train-00800,video/train/B/train-00800.mp4,LIKE_PREFERENCE,B,train,train,LIKE_PREFERENCE
train-00801,video/train/B/train-00801.mp4,OTHER,B,train,train,OTHER
train-00802,video/train/B/train-00802.mp4,LOCATION_QUERY,B,train,train,LOCATION_QUERY
train-00803,video/train/B/train-00803.mp4,OTHER,B,train,train,OTHER
train-00804,video/train/B/train-00804.mp4,TIME_QUERY,B,train,train,TIME_QUERY
train-00805,video/train/B/train-00805.mp4,OTHER,B,train,train,OTHER
train-00806,video/train/B/train-00806.mp4,OTHER,B,train,train,OTHER
train-00807,video/train/B/train-00807.mp4,OTHER,B,train,train,OTHER
train-00808,video/train/B/train-00808.mp4,OTHER,B,train,train,OTHER
train-00809,video/train/B/train-00809.mp4,ACTION_REQUEST,B,train,train,ACTION_REQUEST
train-00810,video/train/B/train-00810.mp4,OTHER,B,train,train,OTHER
train-00811,video/train/B/train-00811.mp4,OTHER,B,train,train,OTHER
train-00812,video/train/B/train-00812.mp4,ACTION_REQUEST,B,train,train,ACTION_REQUEST
train-00813,video/train/B/train-00813.mp4,TIME_QUERY,B,train,train,TIME_QUERY
train-00814,video/train/B/train-00814.mp4,OTHER,B,train,train,OTHER
train-00815,video/train/B/train-00815.mp4,OTHER,B,train,train,OTHER
train-00816,video/train/B/train-00816.mp4,OTHER,B,train,train,OTHER
train-00817,video/train/B/train-00817.mp4,TIME_QUERY,B,train,train,TIME_QUERY
train-00818,video/train/B/train-00818.mp4,OTHER,B,train,train,OTHER
train-00819,video/train/B/train-00819.mp4,CONFIRMATION,B,train,train,CONFIRMATION
train-00820,video/train/B/train-00820.mp4,QUESTION,B,train,train,QUESTION
train-00821,video/train/B/train-00821.mp4,QUESTION,B,train,train,QUESTION
train-00822,video/train/B/train-00822.mp4,QUESTION,B,train,train,QUESTION
train-00823,video/train/B/train-00823.mp4,QUESTION,B,train,train,QUESTION
train-00824,video/train/B/train-00824.mp4,QUESTION,B,train,train,QUESTION
train-00825,video/train/B/train-00825.mp4,OTHER,B,train,train,OTHER
train-00826,video/train/B/train-00826.mp4,QUESTION,B,train,train,QUESTION
train-00827,video/train/B/train-00827.mp4,OTHER,B,train,train,OTHER
train-00828,video/train/B/train-00828.mp4,QUESTION,B,train,train,QUESTION
train-00829,video/train/B/train-00829.mp4,QUESTION,B,train,train,QUESTION
train-00830,video/train/B/train-00830.mp4,QUESTION,B,train,train,QUESTION
train-00831,video/train/B/train-00831.mp4,HELP_REQUEST,B,train,train,HELP_REQUEST
train-00832,video/train/B/train-00832.mp4,QUESTION,B,train,train,QUESTION
train-00833,video/train/B/train-00833.mp4,QUESTION,B,train,train,QUESTION
train-00834,video/train/B/train-00834.mp4,OTHER,B,train,train,OTHER
train-00835,video/train/B/train-00835.mp4,QUESTION,B,train,train,QUESTION
train-00836,video/train/B/train-00836.mp4,QUESTION,B,train,train,QUESTION
train-00837,video/train/B/train-00837.mp4,QUESTION,B,train,train,QUESTION
train-00838,video/train/B/train-00838.mp4,QUESTION,B,train,train,QUESTION
train-00839,video/train/B/train-00839.mp4,ACTION_REQUEST,B,train,train,ACTION_REQUEST
train-00840,video/train/B/train-00840.mp4,CONFIRMATION,B,train,train,CONFIRMATION
train-00841,video/train/B/train-00841.mp4,OTHER,B,train,train,OTHER
train-00842,video/train/B/train-00842.mp4,OTHER,B,train,train,OTHER
train-00843,video/train/B/train-00843.mp4,QUESTION,B,train,train,QUESTION
train-00844,video/train/B/train-00844.mp4,QUESTION,B,train,train,QUESTION
train-00845,video/train/B/train-00845.mp4,CONFIRMATION,B,train,train,CONFIRMATION
train-00846,video/train/B/train-00846.mp4,ACTION_REQUEST,B,train,train,ACTION_REQUEST
train-00847,video/train/B/train-00847.mp4,ACTION_REQUEST,B,train,train,ACTION_REQUEST
train-00848,video/train/B/train-00848.mp4,QUESTION,B,train,train,QUESTION
train-00849,video/train/B/train-00849.mp4,OTHER,B,train,train,OTHER
train-00850,video/train/B/train-00850.mp4,OTHER,B,train,train,OTHER
train-00851,video/train/B/train-00851.mp4,QUESTION,B,train,train,QUESTION
train-00852,video/train/B/train-00852.mp4,QUESTION,B,train,train,QUESTION
train-00853,video/train/B/train-00853.mp4,TIME_QUERY,B,train,train,TIME_QUERY
train-00854,video/train/B/train-00854.mp4,OTHER,B,train,train,OTHER
train-00855,video/train/B/train-00855.mp4,QUESTION,B,train,train,QUESTION
train-00856,video/train/B/train-00856.mp4,QUESTION,B,train,train,QUESTION
train-00857,video/train/B/train-00857.mp4,CONFIRMATION,B,train,train,CONFIRMATION
train-00858,video/train/B/train-00858.mp4,OTHER,B,train,train,OTHER
train-00859,video/train/B/train-00859.mp4,QUESTION,B,train,train,QUESTION
train-00860,video/train/B/train-00860.mp4,CONFIRMATION,B,train,train,CONFIRMATION
train-00861,video/train/B/train-00861.mp4,QUESTION,B,train,train,QUESTION
train-00862,video/train/B/train-00862.mp4,ACTION_REQUEST,B,train,train,ACTION_REQUEST
train-00863,video/train/B/train-00863.mp4,OTHER,B,train,train,OTHER
train-00864,video/train/B/train-00864.mp4,PURCHASE,B,train,train,PURCHASE
train-00865,video/train/B/train-00865.mp4,OTHER,B,train,train,OTHER
train-00866,video/train/B/train-00866.mp4,OTHER,B,train,train,OTHER
train-00867,video/train/B/train-00867.mp4,QUESTION,B,train,train,QUESTION
train-00868,video/train/B/train-00868.mp4,CONFIRMATION,B,train,train,CONFIRMATION
train-00869,video/train/B/train-00869.mp4,ACTION_REQUEST,B,train,train,ACTION_REQUEST
train-00870,video/train/B/train-00870.mp4,ACTION_REQUEST,B,train,train,ACTION_REQUEST
train-00871,video/train/B/train-00871.mp4,OTHER,B,train,train,OTHER
train-00872,video/train/B/train-00872.mp4,ACTION_REQUEST,B,train,train,ACTION_REQUEST
train-00873,video/train/B/train-00873.mp4,CONFIRMATION,B,train,train,CONFIRMATION
train-00874,video/train/B/train-00874.mp4,OTHER,B,train,train,OTHER
train-00875,video/train/B/train-00875.mp4,OTHER,B,train,train,OTHER
train-00876,video/train/B/train-00876.mp4,OTHER,B,train,train,OTHER
train-00877,video/train/B/train-00877.mp4,QUESTION,B,train,train,QUESTION
train-00878,video/train/B/train-00878.mp4,QUESTION,B,train,train,QUESTION
train-00879,video/train/B/train-00879.mp4,QUESTION,B,train,train,QUESTION
train-00880,video/train/B/train-00880.mp4,QUESTION,B,train,train,QUESTION
train-00881,video/train/B/train-00881.mp4,QUESTION,B,train,train,QUESTION
train-00882,video/train/B/train-00882.mp4,OTHER,B,train,train,OTHER
train-00883,video/train/B/train-00883.mp4,LIKE_PREFERENCE,B,train,train,LIKE_PREFERENCE
train-00884,video/train/B/train-00884.mp4,OTHER,B,train,train,OTHER
train-00885,video/train/B/train-00885.mp4,HEALTH,B,train,train,HEALTH
train-00886,video/train/B/train-00886.mp4,QUESTION,B,train,train,QUESTION
train-00887,video/train/B/train-00887.mp4,OTHER,B,train,train,OTHER
train-00888,video/train/B/train-00888.mp4,QUESTION,B,train,train,QUESTION
train-00889,video/train/B/train-00889.mp4,OTHER,B,train,train,OTHER
train-00890,video/train/B/train-00890.mp4,QUESTION,B,train,train,QUESTION
train-00891,video/train/B/train-00891.mp4,OTHER,B,train,train,OTHER
train-00892,video/train/B/train-00892.mp4,QUESTION,B,train,train,QUESTION
train-00893,video/train/B/train-00893.mp4,QUESTION,B,train,train,QUESTION
train-00894,video/train/B/train-00894.mp4,OTHER,B,train,train,OTHER
train-00895,video/train/B/train-00895.mp4,OTHER,B,train,train,OTHER
train-00896,video/train/B/train-00896.mp4,ACTION_REQUEST,B,train,train,ACTION_REQUEST
train-00897,video/train/B/train-00897.mp4,OTHER,B,train,train,OTHER
train-00898,video/train/B/train-00898.mp4,OTHER,B,train,train,OTHER
train-00899,video/train/B/train-00899.mp4,OTHER,B,train,train,OTHER
train-00900,video/train/B/train-00900.mp4,CONFIRMATION,B,train,train,CONFIRMATION
train-00901,video/train/B/train-00901.mp4,OTHER,B,train,train,OTHER
train-00902,video/train/B/train-00902.mp4,QUESTION,B,train,train,QUESTION
train-00903,video/train/B/train-00903.mp4,TIME_QUERY,B,train,train,TIME_QUERY
train-00904,video/train/B/train-00904.mp4,PURCHASE,B,train,train,PURCHASE
train-00905,video/train/B/train-00905.mp4,ACTION_REQUEST,B,train,train,ACTION_REQUEST
train-00906,video/train/B/train-00906.mp4,CONFIRMATION,B,train,train,CONFIRMATION
train-00907,video/train/B/train-00907.mp4,CONFIRMATION,B,train,train,CONFIRMATION
train-00908,video/train/B/train-00908.mp4,CONFIRMATION,B,train,train,CONFIRMATION
train-00909,video/train/B/train-00909.mp4,QUESTION,B,train,train,QUESTION
train-00910,video/train/B/train-00910.mp4,CONFIRMATION,B,train,train,CONFIRMATION
train-00911,video/train/B/train-00911.mp4,LIKE_PREFERENCE,B,train,train,LIKE_PREFERENCE
train-00912,video/train/B/train-00912.mp4,OTHER,B,train,train,OTHER
train-00913,video/train/B/train-00913.mp4,LIKE_PREFERENCE,B,train,train,LIKE_PREFERENCE
train-00914,video/train/B/train-00914.mp4,OTHER,B,train,train,OTHER
train-00915,video/train/B/train-00915.mp4,CONFIRMATION,B,train,train,CONFIRMATION
train-00916,video/train/B/train-00916.mp4,CONFIRMATION,B,train,train,CONFIRMATION
train-00917,video/train/B/train-00917.mp4,CONFIRMATION,B,train,train,CONFIRMATION
train-00918,video/train/B/train-00918.mp4,LIKE_PREFERENCE,B,train,train,LIKE_PREFERENCE
train-00919,video/train/B/train-00919.mp4,LIKE_PREFERENCE,B,train,train,LIKE_PREFERENCE
train-00920,video/train/B/train-00920.mp4,CONFIRMATION,B,train,train,CONFIRMATION
train-00921,video/train/B/train-00921.mp4,CONFIRMATION,B,train,train,CONFIRMATION
train-00922,video/train/B/train-00922.mp4,CONFIRMATION,B,train,train,CONFIRMATION
train-00923,video/train/B/train-00923.mp4,CONFIRMATION,B,train,train,CONFIRMATION
train-00924,video/train/B/train-00924.mp4,CONFIRMATION,B,train,train,CONFIRMATION
train-00925,video/train/B/train-00925.mp4,LOCATION_QUERY,B,train,train,LOCATION_QUERY
train-00926,video/train/B/train-00926.mp4,QUESTION,B,train,train,QUESTION
train-00927,video/train/B/train-00927.mp4,LIKE_PREFERENCE,B,train,train,LIKE_PREFERENCE
train-00928,video/train/B/train-00928.mp4,QUESTION,B,train,train,QUESTION
train-00929,video/train/B/train-00929.mp4,QUESTION,B,train,train,QUESTION
train-00930,video/train/B/train-00930.mp4,OTHER,B,train,train,OTHER
train-00931,video/train/B/train-00931.mp4,ACTION_REQUEST,B,train,train,ACTION_REQUEST
train-00932,video/train/B/train-00932.mp4,QUESTION,B,train,train,QUESTION
train-00933,video/train/B/train-00933.mp4,QUESTION,B,train,train,QUESTION
train-00934,video/train/B/train-00934.mp4,QUESTION,B,train,train,QUESTION
train-00935,video/train/B/train-00935.mp4,QUESTION,B,train,train,QUESTION
train-00936,video/train/B/train-00936.mp4,QUESTION,B,train,train,QUESTION
train-00937,video/train/B/train-00937.mp4,QUESTION,B,train,train,QUESTION
train-00938,video/train/B/train-00938.mp4,QUESTION,B,train,train,QUESTION
train-00939,video/train/B/train-00939.mp4,QUESTION,B,train,train,QUESTION
train-00940,video/train/B/train-00940.mp4,QUESTION,B,train,train,QUESTION
train-00941,video/train/B/train-00941.mp4,QUESTION,B,train,train,QUESTION
train-00942,video/train/B/train-00942.mp4,QUESTION,B,train,train,QUESTION
train-00943,video/train/B/train-00943.mp4,LIKE_PREFERENCE,B,train,train,LIKE_PREFERENCE
train-00944,video/train/B/train-00944.mp4,LIKE_PREFERENCE,B,train,train,LIKE_PREFERENCE
train-00945,video/train/B/train-00945.mp4,QUESTION,B,train,train,QUESTION
train-00946,video/train/B/train-00946.mp4,QUESTION,B,train,train,QUESTION
train-00947,video/train/B/train-00947.mp4,QUESTION,B,train,train,QUESTION
train-00948,video/train/B/train-00948.mp4,QUESTION,B,train,train,QUESTION
train-00949,video/train/B/train-00949.mp4,LIKE_PREFERENCE,B,train,train,LIKE_PREFERENCE
train-00950,video/train/B/train-00950.mp4,LIKE_PREFERENCE,B,train,train,LIKE_PREFERENCE
train-00951,video/train/B/train-00951.mp4,TIME_QUERY,B,train,train,TIME_QUERY
train-00952,video/train/B/train-00952.mp4,LIKE_PREFERENCE,B,train,train,LIKE_PREFERENCE
train-00953,video/train/B/train-00953.mp4,LIKE_PREFERENCE,B,train,train,LIKE_PREFERENCE
train-00954,video/train/B/train-00954.mp4,QUESTION,B,train,train,QUESTION
train-00955,video/train/B/train-00955.mp4,QUESTION,B,train,train,QUESTION
train-00956,video/train/B/train-00956.mp4,QUESTION,B,train,train,QUESTION
train-00957,video/train/B/train-00957.mp4,PURCHASE,B,train,train,PURCHASE
train-00958,video/train/B/train-00958.mp4,OTHER,B,train,train,OTHER
train-00959,video/train/B/train-00959.mp4,QUESTION,B,train,train,QUESTION
train-00960,video/train/B/train-00960.mp4,QUESTION,B,train,train,QUESTION
train-00961,video/train/B/train-00961.mp4,QUESTION,B,train,train,QUESTION
train-00962,video/train/B/train-00962.mp4,QUESTION,B,train,train,QUESTION
train-00963,video/train/B/train-00963.mp4,QUESTION,B,train,train,QUESTION
train-00964,video/train/B/train-00964.mp4,QUESTION,B,train,train,QUESTION
train-00965,video/train/B/train-00965.mp4,QUESTION,B,train,train,QUESTION
train-00966,video/train/B/train-00966.mp4,QUESTION,B,train,train,QUESTION
train-00967,video/train/B/train-00967.mp4,OTHER,B,train,train,OTHER
train-00968,video/train/B/train-00968.mp4,CONFIRMATION,B,train,train,CONFIRMATION
train-00969,video/train/B/train-00969.mp4,OTHER,B,train,train,OTHER
train-00970,video/train/B/train-00970.mp4,ACTION_REQUEST,B,train,train,ACTION_REQUEST
train-00971,video/train/B/train-00971.mp4,OTHER,B,train,train,OTHER
train-00972,video/train/B/train-00972.mp4,LIKE_PREFERENCE,B,train,train,LIKE_PREFERENCE
train-00973,video/train/B/train-00973.mp4,CONFIRMATION,B,train,train,CONFIRMATION
train-00974,video/train/B/train-00974.mp4,LOCATION_QUERY,B,train,train,LOCATION_QUERY
train-00975,video/train/B/train-00975.mp4,LIKE_PREFERENCE,B,train,train,LIKE_PREFERENCE
train-00976,video/train/B/train-00976.mp4,PURCHASE,B,train,train,PURCHASE
train-00977,video/train/B/train-00977.mp4,QUESTION,B,train,train,QUESTION
train-00978,video/train/B/train-00978.mp4,LOCATION_QUERY,B,train,train,LOCATION_QUERY
train-00979,video/train/B/train-00979.mp4,OTHER,B,train,train,OTHER
train-00980,video/train/B/train-00980.mp4,LOCATION_QUERY,B,train,train,LOCATION_QUERY
train-00981,video/train/C/train-00981.mp4,QUESTION,C,train,train,QUESTION
train-00982,video/train/C/train-00982.mp4,QUESTION,C,train,train,QUESTION
train-00983,video/train/C/train-00983.mp4,OTHER,C,train,train,OTHER
train-00984,video/train/C/train-00984.mp4,OTHER,C,train,train,OTHER
train-00985,video/train/C/train-00985.mp4,TIME_QUERY,C,train,train,TIME_QUERY
train-00986,video/train/C/train-00986.mp4,QUESTION,C,train,train,QUESTION
train-00987,video/train/C/train-00987.mp4,TIME_QUERY,C,train,train,TIME_QUERY
train-00988,video/train/C/train-00988.mp4,OTHER,C,train,train,OTHER
train-00989,video/train/C/train-00989.mp4,QUESTION,C,train,train,QUESTION
train-00990,video/train/C/train-00990.mp4,QUESTION,C,train,train,QUESTION
train-00991,video/train/C/train-00991.mp4,OTHER,C,train,train,OTHER
train-00992,video/train/C/train-00992.mp4,OTHER,C,train,train,OTHER
train-00993,video/train/C/train-00993.mp4,OTHER,C,train,train,OTHER
train-00994,video/train/C/train-00994.mp4,OTHER,C,train,train,OTHER
train-00995,video/train/C/train-00995.mp4,NEGATION,C,train,train,NEGATION
train-00996,video/train/C/train-00996.mp4,OTHER,C,train,train,OTHER
train-00997,video/train/C/train-00997.mp4,CONFIRMATION,C,train,train,CONFIRMATION
train-00998,video/train/C/train-00998.mp4,LIKE_PREFERENCE,C,train,train,LIKE_PREFERENCE
train-00999,video/train/C/train-00999.mp4,OTHER,C,train,train,OTHER
train-01000,video/train/C/train-01000.mp4,ACTION_REQUEST,C,train,train,ACTION_REQUEST
train-01001,video/train/C/train-01001.mp4,OTHER,C,train,train,OTHER
train-01002,video/train/C/train-01002.mp4,OTHER,C,train,train,OTHER
train-01003,video/train/C/train-01003.mp4,OTHER,C,train,train,OTHER
train-01004,video/train/C/train-01004.mp4,ACTION_REQUEST,C,train,train,ACTION_REQUEST
train-01005,video/train/C/train-01005.mp4,ACTION_REQUEST,C,train,train,ACTION_REQUEST
train-01006,video/train/C/train-01006.mp4,ACTION_REQUEST,C,train,train,ACTION_REQUEST
train-01007,video/train/C/train-01007.mp4,OTHER,C,train,train,OTHER
train-01008,video/train/C/train-01008.mp4,QUESTION,C,train,train,QUESTION
train-01009,video/train/C/train-01009.mp4,OTHER,C,train,train,OTHER
train-01010,video/train/C/train-01010.mp4,LIKE_PREFERENCE,C,train,train,LIKE_PREFERENCE
train-01011,video/train/C/train-01011.mp4,QUESTION,C,train,train,QUESTION
train-01012,video/train/C/train-01012.mp4,OTHER,C,train,train,OTHER
train-01013,video/train/C/train-01013.mp4,NEGATION,C,train,train,NEGATION
train-01014,video/train/C/train-01014.mp4,NEGATION,C,train,train,NEGATION
train-01015,video/train/C/train-01015.mp4,OTHER,C,train,train,OTHER
train-01016,video/train/C/train-01016.mp4,NEGATION,C,train,train,NEGATION
train-01017,video/train/C/train-01017.mp4,OTHER,C,train,train,OTHER
train-01018,video/train/C/train-01018.mp4,QUESTION,C,train,train,QUESTION
train-01019,video/train/C/train-01019.mp4,CONFIRMATION,C,train,train,CONFIRMATION
train-01020,video/train/C/train-01020.mp4,CONFIRMATION,C,train,train,CONFIRMATION
train-01021,video/train/C/train-01021.mp4,LIKE_PREFERENCE,C,train,train,LIKE_PREFERENCE
train-01022,video/train/C/train-01022.mp4,QUESTION,C,train,train,QUESTION
train-01023,video/train/C/train-01023.mp4,TIME_QUERY,C,train,train,TIME_QUERY
train-01024,video/train/C/train-01024.mp4,QUESTION,C,train,train,QUESTION
train-01025,video/train/C/train-01025.mp4,TIME_QUERY,C,train,train,TIME_QUERY
train-01026,video/train/C/train-01026.mp4,QUESTION,C,train,train,QUESTION
train-01027,video/train/C/train-01027.mp4,TIME_QUERY,C,train,train,TIME_QUERY
train-01028,video/train/C/train-01028.mp4,TIME_QUERY,C,train,train,TIME_QUERY
train-01029,video/train/C/train-01029.mp4,OTHER,C,train,train,OTHER
train-01030,video/train/C/train-01030.mp4,QUESTION,C,train,train,QUESTION
train-01031,video/train/C/train-01031.mp4,QUESTION,C,train,train,QUESTION
train-01032,video/train/C/train-01032.mp4,CONFIRMATION,C,train,train,CONFIRMATION
train-01033,video/train/C/train-01033.mp4,CONFIRMATION,C,train,train,CONFIRMATION
train-01034,video/train/C/train-01034.mp4,QUESTION,C,train,train,QUESTION
train-01035,video/train/C/train-01035.mp4,ACTION_REQUEST,C,train,train,ACTION_REQUEST
train-01036,video/train/C/train-01036.mp4,NEGATION,C,train,train,NEGATION
train-01037,video/train/C/train-01037.mp4,OTHER,C,train,train,OTHER
train-01038,video/train/C/train-01038.mp4,CONFIRMATION,C,train,train,CONFIRMATION
train-01039,video/train/C/train-01039.mp4,QUESTION,C,train,train,QUESTION
train-01040,video/train/C/train-01040.mp4,OTHER,C,train,train,OTHER
train-01041,video/train/C/train-01041.mp4,EMOTION,C,train,train,EMOTION
train-01042,video/train/C/train-01042.mp4,CONFIRMATION,C,train,train,CONFIRMATION
train-01043,video/train/C/train-01043.mp4,QUESTION,C,train,train,QUESTION
train-01044,video/train/C/train-01044.mp4,QUESTION,C,train,train,QUESTION
train-01045,video/train/C/train-01045.mp4,CONFIRMATION,C,train,train,CONFIRMATION
train-01046,video/train/C/train-01046.mp4,CONFIRMATION,C,train,train,CONFIRMATION
train-01047,video/train/C/train-01047.mp4,CONFIRMATION,C,train,train,CONFIRMATION
train-01048,video/train/C/train-01048.mp4,QUESTION,C,train,train,QUESTION
train-01049,video/train/C/train-01049.mp4,QUESTION,C,train,train,QUESTION
train-01050,video/train/C/train-01050.mp4,CONFIRMATION,C,train,train,CONFIRMATION
train-01051,video/train/C/train-01051.mp4,QUESTION,C,train,train,QUESTION
train-01052,video/train/C/train-01052.mp4,CONFIRMATION,C,train,train,CONFIRMATION
train-01053,video/train/C/train-01053.mp4,CONFIRMATION,C,train,train,CONFIRMATION
train-01054,video/train/C/train-01054.mp4,QUESTION,C,train,train,QUESTION
train-01055,video/train/C/train-01055.mp4,TIME_QUERY,C,train,train,TIME_QUERY
train-01056,video/train/C/train-01056.mp4,CONFIRMATION,C,train,train,CONFIRMATION
train-01057,video/train/C/train-01057.mp4,QUESTION,C,train,train,QUESTION
train-01058,video/train/C/train-01058.mp4,QUESTION,C,train,train,QUESTION
train-01059,video/train/C/train-01059.mp4,OTHER,C,train,train,OTHER
train-01060,video/train/C/train-01060.mp4,CONFIRMATION,C,train,train,CONFIRMATION
train-01061,video/train/C/train-01061.mp4,CONFIRMATION,C,train,train,CONFIRMATION
train-01062,video/train/C/train-01062.mp4,OTHER,C,train,train,OTHER
train-01063,video/train/C/train-01063.mp4,PURCHASE,C,train,train,PURCHASE
train-01064,video/train/C/train-01064.mp4,CONFIRMATION,C,train,train,CONFIRMATION
train-01065,video/train/C/train-01065.mp4,OTHER,C,train,train,OTHER
train-01066,video/train/C/train-01066.mp4,NEGATION,C,train,train,NEGATION
train-01067,video/train/C/train-01067.mp4,CONFIRMATION,C,train,train,CONFIRMATION
train-01068,video/train/C/train-01068.mp4,QUESTION,C,train,train,QUESTION
train-01069,video/train/C/train-01069.mp4,QUESTION,C,train,train,QUESTION
train-01070,video/train/C/train-01070.mp4,QUESTION,C,train,train,QUESTION
train-01071,video/train/C/train-01071.mp4,CONFIRMATION,C,train,train,CONFIRMATION
train-01072,video/train/C/train-01072.mp4,OTHER,C,train,train,OTHER
train-01073,video/train/C/train-01073.mp4,CONFIRMATION,C,train,train,CONFIRMATION
train-01074,video/train/C/train-01074.mp4,CONFIRMATION,C,train,train,CONFIRMATION
train-01075,video/train/C/train-01075.mp4,ACTION_REQUEST,C,train,train,ACTION_REQUEST
train-01076,video/train/C/train-01076.mp4,ACTION_REQUEST,C,train,train,ACTION_REQUEST
train-01077,video/train/C/train-01077.mp4,ACTION_REQUEST,C,train,train,ACTION_REQUEST
train-01078,video/train/C/train-01078.mp4,ACTION_REQUEST,C,train,train,ACTION_REQUEST
train-01079,video/train/C/train-01079.mp4,ACTION_REQUEST,C,train,train,ACTION_REQUEST
train-01080,video/train/C/train-01080.mp4,ACTION_REQUEST,C,train,train,ACTION_REQUEST
train-01081,video/train/C/train-01081.mp4,OTHER,C,train,train,OTHER
train-01082,video/train/C/train-01082.mp4,EMOTION,C,train,train,EMOTION
train-01083,video/train/C/train-01083.mp4,ACTION_REQUEST,C,train,train,ACTION_REQUEST
train-01084,video/train/C/train-01084.mp4,ACTION_REQUEST,C,train,train,ACTION_REQUEST
train-01085,video/train/C/train-01085.mp4,OTHER,C,train,train,OTHER
train-01086,video/train/C/train-01086.mp4,ACTION_REQUEST,C,train,train,ACTION_REQUEST
train-01087,video/train/C/train-01087.mp4,OTHER,C,train,train,OTHER
train-01088,video/train/C/train-01088.mp4,HELP_REQUEST,C,train,train,HELP_REQUEST
train-01089,video/train/C/train-01089.mp4,CONFIRMATION,C,train,train,CONFIRMATION
train-01090,video/train/C/train-01090.mp4,OTHER,C,train,train,OTHER
train-01091,video/train/C/train-01091.mp4,OTHER,C,train,train,OTHER
train-01092,video/train/C/train-01092.mp4,ACTION_REQUEST,C,train,train,ACTION_REQUEST
train-01093,video/train/C/train-01093.mp4,OTHER,C,train,train,OTHER
train-01094,video/train/C/train-01094.mp4,OTHER,C,train,train,OTHER
train-01095,video/train/C/train-01095.mp4,QUESTION,C,train,train,QUESTION
train-01096,video/train/C/train-01096.mp4,QUESTION,C,train,train,QUESTION
train-01097,video/train/C/train-01097.mp4,CONFIRMATION,C,train,train,CONFIRMATION
train-01098,video/train/C/train-01098.mp4,PURCHASE,C,train,train,PURCHASE
train-01099,video/train/C/train-01099.mp4,ACTION_REQUEST,C,train,train,ACTION_REQUEST
train-01100,video/train/C/train-01100.mp4,QUESTION,C,train,train,QUESTION
train-01101,video/train/C/train-01101.mp4,QUESTION,C,train,train,QUESTION
train-01102,video/train/C/train-01102.mp4,CONFIRMATION,C,train,train,CONFIRMATION
train-01103,video/train/C/train-01103.mp4,QUESTION,C,train,train,QUESTION
train-01104,video/train/C/train-01104.mp4,PURCHASE,C,train,train,PURCHASE
train-01105,video/train/C/train-01105.mp4,CONFIRMATION,C,train,train,CONFIRMATION
train-01106,video/train/C/train-01106.mp4,CONFIRMATION,C,train,train,CONFIRMATION
train-01107,video/train/C/train-01107.mp4,OTHER,C,train,train,OTHER
train-01108,video/train/C/train-01108.mp4,OTHER,C,train,train,OTHER
train-01109,video/train/C/train-01109.mp4,OTHER,C,train,train,OTHER
train-01110,video/train/C/train-01110.mp4,QUESTION,C,train,train,QUESTION
train-01111,video/train/C/train-01111.mp4,OTHER,C,train,train,OTHER
train-01112,video/train/C/train-01112.mp4,OTHER,C,train,train,OTHER
train-01113,video/train/C/train-01113.mp4,OTHER,C,train,train,OTHER
train-01114,video/train/C/train-01114.mp4,OTHER,C,train,train,OTHER
train-01115,video/train/C/train-01115.mp4,QUESTION,C,train,train,QUESTION
train-01116,video/train/C/train-01116.mp4,CONFIRMATION,C,train,train,CONFIRMATION
train-01117,video/train/C/train-01117.mp4,PURCHASE,C,train,train,PURCHASE
train-01118,video/train/C/train-01118.mp4,CONFIRMATION,C,train,train,CONFIRMATION
train-01119,video/train/C/train-01119.mp4,CONFIRMATION,C,train,train,CONFIRMATION
train-01120,video/train/C/train-01120.mp4,CONFIRMATION,C,train,train,CONFIRMATION
train-01121,video/train/C/train-01121.mp4,ACTION_REQUEST,C,train,train,ACTION_REQUEST
train-01122,video/train/C/train-01122.mp4,OTHER,C,train,train,OTHER
train-01123,video/train/C/train-01123.mp4,OTHER,C,train,train,OTHER
train-01124,video/train/C/train-01124.mp4,OTHER,C,train,train,OTHER
train-01125,video/train/C/train-01125.mp4,OTHER,C,train,train,OTHER
train-01126,video/train/C/train-01126.mp4,NEGATION,C,train,train,NEGATION
train-01127,video/train/C/train-01127.mp4,OTHER,C,train,train,OTHER
train-01128,video/train/C/train-01128.mp4,ACTION_REQUEST,C,train,train,ACTION_REQUEST
train-01129,video/train/C/train-01129.mp4,OTHER,C,train,train,OTHER
train-01130,video/train/C/train-01130.mp4,CONFIRMATION,C,train,train,CONFIRMATION
train-01131,video/train/C/train-01131.mp4,CONFIRMATION,C,train,train,CONFIRMATION
train-01132,video/train/C/train-01132.mp4,CONFIRMATION,C,train,train,CONFIRMATION
train-01133,video/train/C/train-01133.mp4,CONFIRMATION,C,train,train,CONFIRMATION
train-01134,video/train/C/train-01134.mp4,PURCHASE,C,train,train,PURCHASE
train-01135,video/train/C/train-01135.mp4,CONFIRMATION,C,train,train,CONFIRMATION
train-01136,video/train/C/train-01136.mp4,ACTION_REQUEST,C,train,train,ACTION_REQUEST
train-01137,video/train/C/train-01137.mp4,QUESTION,C,train,train,QUESTION
train-01138,video/train/C/train-01138.mp4,TIME_QUERY,C,train,train,TIME_QUERY
train-01139,video/train/C/train-01139.mp4,QUESTION,C,train,train,QUESTION
train-01140,video/train/C/train-01140.mp4,QUESTION,C,train,train,QUESTION
train-01141,video/train/C/train-01141.mp4,QUESTION,C,train,train,QUESTION
train-01142,video/train/C/train-01142.mp4,QUESTION,C,train,train,QUESTION
train-01143,video/train/C/train-01143.mp4,QUESTION,C,train,train,QUESTION
train-01144,video/train/C/train-01144.mp4,HELP_REQUEST,C,train,train,HELP_REQUEST
train-01145,video/train/C/train-01145.mp4,CONFIRMATION,C,train,train,CONFIRMATION
train-01146,video/train/C/train-01146.mp4,HELP_REQUEST,C,train,train,HELP_REQUEST
train-01147,video/train/C/train-01147.mp4,HELP_REQUEST,C,train,train,HELP_REQUEST
train-01148,video/train/C/train-01148.mp4,HELP_REQUEST,C,train,train,HELP_REQUEST
train-01149,video/train/C/train-01149.mp4,HELP_REQUEST,C,train,train,HELP_REQUEST
train-01150,video/train/C/train-01150.mp4,HELP_REQUEST,C,train,train,HELP_REQUEST
train-01151,video/train/C/train-01151.mp4,HELP_REQUEST,C,train,train,HELP_REQUEST
train-01152,video/train/C/train-01152.mp4,HELP_REQUEST,C,train,train,HELP_REQUEST
train-01153,video/train/C/train-01153.mp4,HELP_REQUEST,C,train,train,HELP_REQUEST
train-01154,video/train/C/train-01154.mp4,HELP_REQUEST,C,train,train,HELP_REQUEST
train-01155,video/train/C/train-01155.mp4,CONFIRMATION,C,train,train,CONFIRMATION
train-01156,video/train/C/train-01156.mp4,CONFIRMATION,C,train,train,CONFIRMATION
train-01157,video/train/C/train-01157.mp4,ACTION_REQUEST,C,train,train,ACTION_REQUEST
train-01158,video/train/C/train-01158.mp4,CONFIRMATION,C,train,train,CONFIRMATION
train-01159,video/train/C/train-01159.mp4,ACTION_REQUEST,C,train,train,ACTION_REQUEST
train-01160,video/train/C/train-01160.mp4,CONFIRMATION,C,train,train,CONFIRMATION
train-01161,video/train/C/train-01161.mp4,CONFIRMATION,C,train,train,CONFIRMATION
train-01162,video/train/C/train-01162.mp4,ACTION_REQUEST,C,train,train,ACTION_REQUEST
train-01163,video/train/C/train-01163.mp4,HELP_REQUEST,C,train,train,HELP_REQUEST
train-01164,video/train/C/train-01164.mp4,CONFIRMATION,C,train,train,CONFIRMATION
train-01165,video/train/C/train-01165.mp4,CONFIRMATION,C,train,train,CONFIRMATION
train-01166,video/train/C/train-01166.mp4,CONFIRMATION,C,train,train,CONFIRMATION
train-01167,video/train/C/train-01167.mp4,CONFIRMATION,C,train,train,CONFIRMATION
train-01168,video/train/C/train-01168.mp4,CONFIRMATION,C,train,train,CONFIRMATION
train-01169,video/train/C/train-01169.mp4,CONFIRMATION,C,train,train,CONFIRMATION
train-01170,video/train/C/train-01170.mp4,CONFIRMATION,C,train,train,CONFIRMATION
train-01171,video/train/C/train-01171.mp4,HELP_REQUEST,C,train,train,HELP_REQUEST
train-01172,video/train/C/train-01172.mp4,CONFIRMATION,C,train,train,CONFIRMATION
train-01173,video/train/C/train-01173.mp4,QUESTION,C,train,train,QUESTION
train-01174,video/train/C/train-01174.mp4,ACTION_REQUEST,C,train,train,ACTION_REQUEST
train-01175,video/train/C/train-01175.mp4,OTHER,C,train,train,OTHER
train-01176,video/train/C/train-01176.mp4,CONFIRMATION,C,train,train,CONFIRMATION
train-01177,video/train/C/train-01177.mp4,CONFIRMATION,C,train,train,CONFIRMATION
train-01178,video/train/C/train-01178.mp4,CONFIRMATION,C,train,train,CONFIRMATION
train-01179,video/train/C/train-01179.mp4,QUESTION,C,train,train,QUESTION
train-01180,video/train/C/train-01180.mp4,OTHER,C,train,train,OTHER
train-01181,video/train/C/train-01181.mp4,ACTION_REQUEST,C,train,train,ACTION_REQUEST
train-01182,video/train/C/train-01182.mp4,CONFIRMATION,C,train,train,CONFIRMATION
train-01183,video/train/C/train-01183.mp4,ACTION_REQUEST,C,train,train,ACTION_REQUEST
train-01184,video/train/C/train-01184.mp4,CONFIRMATION,C,train,train,CONFIRMATION
train-01185,video/train/C/train-01185.mp4,HELP_REQUEST,C,train,train,HELP_REQUEST
train-01186,video/train/C/train-01186.mp4,HELP_REQUEST,C,train,train,HELP_REQUEST
train-01187,video/train/C/train-01187.mp4,ACTION_REQUEST,C,train,train,ACTION_REQUEST
train-01188,video/train/C/train-01188.mp4,QUESTION,C,train,train,QUESTION
train-01189,video/train/C/train-01189.mp4,QUESTION,C,train,train,QUESTION
train-01190,video/train/C/train-01190.mp4,OTHER,C,train,train,OTHER
train-01191,video/train/C/train-01191.mp4,QUESTION,C,train,train,QUESTION
train-01192,video/train/C/train-01192.mp4,PURCHASE,C,train,train,PURCHASE
train-01193,video/train/C/train-01193.mp4,QUESTION,C,train,train,QUESTION
train-01194,video/train/C/train-01194.mp4,ACTION_REQUEST,C,train,train,ACTION_REQUEST
train-01195,video/train/C/train-01195.mp4,ACTION_REQUEST,C,train,train,ACTION_REQUEST
train-01196,video/train/C/train-01196.mp4,QUESTION,C,train,train,QUESTION
train-01197,video/train/C/train-01197.mp4,OTHER,C,train,train,OTHER
train-01198,video/train/C/train-01198.mp4,CONFIRMATION,C,train,train,CONFIRMATION
train-01199,video/train/C/train-01199.mp4,QUESTION,C,train,train,QUESTION
train-01200,video/train/C/train-01200.mp4,OTHER,C,train,train,OTHER
train-01201,video/train/C/train-01201.mp4,OTHER,C,train,train,OTHER
train-01202,video/train/C/train-01202.mp4,PURCHASE,C,train,train,PURCHASE
train-01203,video/train/C/train-01203.mp4,OTHER,C,train,train,OTHER
train-01204,video/train/C/train-01204.mp4,OTHER,C,train,train,OTHER
train-01205,video/train/C/train-01205.mp4,OTHER,C,train,train,OTHER
train-01206,video/train/C/train-01206.mp4,ACTION_REQUEST,C,train,train,ACTION_REQUEST
train-01207,video/train/C/train-01207.mp4,QUESTION,C,train,train,QUESTION
train-01208,video/train/C/train-01208.mp4,OTHER,C,train,train,OTHER
train-01209,video/train/C/train-01209.mp4,QUESTION,C,train,train,QUESTION
train-01210,video/train/C/train-01210.mp4,QUESTION,C,train,train,QUESTION
train-01211,video/train/C/train-01211.mp4,ACTION_REQUEST,C,train,train,ACTION_REQUEST
train-01212,video/train/C/train-01212.mp4,OTHER,C,train,train,OTHER
train-01213,video/train/C/train-01213.mp4,QUESTION,C,train,train,QUESTION
train-01214,video/train/C/train-01214.mp4,CONFIRMATION,C,train,train,CONFIRMATION
train-01215,video/train/C/train-01215.mp4,OTHER,C,train,train,OTHER
train-01216,video/train/C/train-01216.mp4,OTHER,C,train,train,OTHER
train-01217,video/train/C/train-01217.mp4,QUESTION,C,train,train,QUESTION
train-01218,video/train/C/train-01218.mp4,QUESTION,C,train,train,QUESTION
train-01219,video/train/C/train-01219.mp4,QUESTION,C,train,train,QUESTION
train-01220,video/train/C/train-01220.mp4,QUESTION,C,train,train,QUESTION
train-01221,video/train/C/train-01221.mp4,QUESTION,C,train,train,QUESTION
train-01222,video/train/C/train-01222.mp4,QUESTION,C,train,train,QUESTION
train-01223,video/train/C/train-01223.mp4,CONFIRMATION,C,train,train,CONFIRMATION
train-01224,video/train/C/train-01224.mp4,QUESTION,C,train,train,QUESTION
train-01225,video/train/C/train-01225.mp4,QUESTION,C,train,train,QUESTION
train-01226,video/train/C/train-01226.mp4,CONFIRMATION,C,train,train,CONFIRMATION
train-01227,video/train/C/train-01227.mp4,CONFIRMATION,C,train,train,CONFIRMATION
train-01228,video/train/C/train-01228.mp4,CONFIRMATION,C,train,train,CONFIRMATION
train-01229,video/train/C/train-01229.mp4,QUESTION,C,train,train,QUESTION
train-01230,video/train/C/train-01230.mp4,HELP_REQUEST,C,train,train,HELP_REQUEST
train-01231,video/train/C/train-01231.mp4,CONFIRMATION,C,train,train,CONFIRMATION
train-01232,video/train/C/train-01232.mp4,QUESTION,C,train,train,QUESTION
train-01233,video/train/C/train-01233.mp4,CONFIRMATION,C,train,train,CONFIRMATION
train-01234,video/train/C/train-01234.mp4,QUESTION,C,train,train,QUESTION
train-01235,video/train/C/train-01235.mp4,ACTION_REQUEST,C,train,train,ACTION_REQUEST
train-01236,video/train/C/train-01236.mp4,CONFIRMATION,C,train,train,CONFIRMATION
train-01237,video/train/C/train-01237.mp4,QUESTION,C,train,train,QUESTION
train-01238,video/train/C/train-01238.mp4,OTHER,C,train,train,OTHER
train-01239,video/train/C/train-01239.mp4,QUESTION,C,train,train,QUESTION
train-01240,video/train/C/train-01240.mp4,QUESTION,C,train,train,QUESTION
train-01241,video/train/C/train-01241.mp4,QUESTION,C,train,train,QUESTION
train-01242,video/train/C/train-01242.mp4,OTHER,C,train,train,OTHER
train-01243,video/train/C/train-01243.mp4,HEALTH,C,train,train,HEALTH
train-01244,video/train/C/train-01244.mp4,QUESTION,C,train,train,QUESTION
train-01245,video/train/C/train-01245.mp4,OTHER,C,train,train,OTHER
train-01246,video/train/C/train-01246.mp4,QUESTION,C,train,train,QUESTION
train-01247,video/train/C/train-01247.mp4,QUESTION,C,train,train,QUESTION
train-01248,video/train/C/train-01248.mp4,OTHER,C,train,train,OTHER
train-01249,video/train/C/train-01249.mp4,QUESTION,C,train,train,QUESTION
train-01250,video/train/C/train-01250.mp4,OTHER,C,train,train,OTHER
train-01251,video/train/C/train-01251.mp4,OTHER,C,train,train,OTHER
train-01252,video/train/C/train-01252.mp4,QUESTION,C,train,train,QUESTION
train-01253,video/train/C/train-01253.mp4,HEALTH,C,train,train,HEALTH
train-01254,video/train/C/train-01254.mp4,ACTION_REQUEST,C,train,train,ACTION_REQUEST
train-01255,video/train/C/train-01255.mp4,QUESTION,C,train,train,QUESTION
train-01256,video/train/C/train-01256.mp4,OTHER,C,train,train,OTHER
train-01257,video/train/C/train-01257.mp4,OTHER,C,train,train,OTHER
train-01258,video/train/C/train-01258.mp4,OTHER,C,train,train,OTHER
train-01259,video/train/C/train-01259.mp4,QUESTION,C,train,train,QUESTION
train-01260,video/train/C/train-01260.mp4,CONFIRMATION,C,train,train,CONFIRMATION
train-01261,video/train/C/train-01261.mp4,OTHER,C,train,train,OTHER
train-01262,video/train/C/train-01262.mp4,OTHER,C,train,train,OTHER
train-01263,video/train/C/train-01263.mp4,QUESTION,C,train,train,QUESTION
train-01264,video/train/C/train-01264.mp4,OTHER,C,train,train,OTHER
train-01265,video/train/C/train-01265.mp4,QUESTION,C,train,train,QUESTION
train-01266,video/train/C/train-01266.mp4,QUESTION,C,train,train,QUESTION
train-01267,video/train/C/train-01267.mp4,PURCHASE,C,train,train,PURCHASE
train-01268,video/train/C/train-01268.mp4,LIKE_PREFERENCE,C,train,train,LIKE_PREFERENCE
train-01269,video/train/C/train-01269.mp4,OTHER,C,train,train,OTHER
train-01270,video/train/C/train-01270.mp4,QUESTION,C,train,train,QUESTION
train-01271,video/train/C/train-01271.mp4,OTHER,C,train,train,OTHER
train-01272,video/train/C/train-01272.mp4,QUESTION,C,train,train,QUESTION
train-01273,video/train/C/train-01273.mp4,OTHER,C,train,train,OTHER
train-01274,video/train/C/train-01274.mp4,OTHER,C,train,train,OTHER
train-01275,video/train/C/train-01275.mp4,QUESTION,C,train,train,QUESTION
train-01276,video/train/C/train-01276.mp4,OTHER,C,train,train,OTHER
train-01277,video/train/C/train-01277.mp4,OTHER,C,train,train,OTHER
train-01278,video/train/C/train-01278.mp4,OTHER,C,train,train,OTHER
train-01279,video/train/C/train-01279.mp4,OTHER,C,train,train,OTHER
train-01280,video/train/C/train-01280.mp4,CONFIRMATION,C,train,train,CONFIRMATION
train-01281,video/train/C/train-01281.mp4,CONFIRMATION,C,train,train,CONFIRMATION
train-01282,video/train/C/train-01282.mp4,TIME_QUERY,C,train,train,TIME_QUERY
train-01283,video/train/C/train-01283.mp4,CONFIRMATION,C,train,train,CONFIRMATION
train-01284,video/train/C/train-01284.mp4,CONFIRMATION,C,train,train,CONFIRMATION
train-01285,video/train/C/train-01285.mp4,OTHER,C,train,train,OTHER
train-01286,video/train/C/train-01286.mp4,QUESTION,C,train,train,QUESTION
train-01287,video/train/C/train-01287.mp4,QUESTION,C,train,train,QUESTION
train-01288,video/train/C/train-01288.mp4,OTHER,C,train,train,OTHER
train-01289,video/train/C/train-01289.mp4,QUESTION,C,train,train,QUESTION
train-01290,video/train/C/train-01290.mp4,QUESTION,C,train,train,QUESTION
train-01291,video/train/C/train-01291.mp4,CONFIRMATION,C,train,train,CONFIRMATION
train-01292,video/train/C/train-01292.mp4,QUESTION,C,train,train,QUESTION
train-01293,video/train/C/train-01293.mp4,QUESTION,C,train,train,QUESTION
train-01294,video/train/C/train-01294.mp4,OTHER,C,train,train,OTHER
train-01295,video/train/C/train-01295.mp4,QUESTION,C,train,train,QUESTION
train-01296,video/train/C/train-01296.mp4,OTHER,C,train,train,OTHER
train-01297,video/train/C/train-01297.mp4,OTHER,C,train,train,OTHER
train-01298,video/train/C/train-01298.mp4,ACTION_REQUEST,C,train,train,ACTION_REQUEST
train-01299,video/train/C/train-01299.mp4,QUESTION,C,train,train,QUESTION
train-01300,video/train/C/train-01300.mp4,QUESTION,C,train,train,QUESTION
train-01301,video/train/C/train-01301.mp4,QUESTION,C,train,train,QUESTION
train-01302,video/train/C/train-01302.mp4,QUESTION,C,train,train,QUESTION
train-01303,video/train/C/train-01303.mp4,QUESTION,C,train,train,QUESTION
train-01304,video/train/C/train-01304.mp4,QUESTION,C,train,train,QUESTION
train-01305,video/train/C/train-01305.mp4,QUESTION,C,train,train,QUESTION
train-01306,video/train/C/train-01306.mp4,QUESTION,C,train,train,QUESTION
train-01307,video/train/C/train-01307.mp4,TIME_QUERY,C,train,train,TIME_QUERY
train-01308,video/train/C/train-01308.mp4,QUESTION,C,train,train,QUESTION
train-01309,video/train/C/train-01309.mp4,QUESTION,C,train,train,QUESTION
train-01310,video/train/C/train-01310.mp4,QUESTION,C,train,train,QUESTION
train-01311,video/train/C/train-01311.mp4,QUESTION,C,train,train,QUESTION
train-01312,video/train/C/train-01312.mp4,QUESTION,C,train,train,QUESTION
train-01313,video/train/C/train-01313.mp4,CONFIRMATION,C,train,train,CONFIRMATION
train-01314,video/train/C/train-01314.mp4,OTHER,C,train,train,OTHER
train-01315,video/train/C/train-01315.mp4,LIKE_PREFERENCE,C,train,train,LIKE_PREFERENCE
train-01316,video/train/C/train-01316.mp4,LIKE_PREFERENCE,C,train,train,LIKE_PREFERENCE
train-01317,video/train/C/train-01317.mp4,NEGATION,C,train,train,NEGATION
train-01318,video/train/C/train-01318.mp4,NEGATION,C,train,train,NEGATION
train-01319,video/train/C/train-01319.mp4,OTHER,C,train,train,OTHER
train-01320,video/train/C/train-01320.mp4,PURCHASE,C,train,train,PURCHASE
train-01321,video/train/C/train-01321.mp4,ACTION_REQUEST,C,train,train,ACTION_REQUEST
train-01322,video/train/C/train-01322.mp4,OTHER,C,train,train,OTHER
train-01323,video/train/C/train-01323.mp4,OTHER,C,train,train,OTHER
train-01324,video/train/C/train-01324.mp4,PURCHASE,C,train,train,PURCHASE
train-01325,video/train/C/train-01325.mp4,TIME_QUERY,C,train,train,TIME_QUERY
train-01326,video/train/C/train-01326.mp4,OTHER,C,train,train,OTHER
train-01327,video/train/C/train-01327.mp4,TIME_QUERY,C,train,train,TIME_QUERY
train-01328,video/train/C/train-01328.mp4,OTHER,C,train,train,OTHER
train-01329,video/train/C/train-01329.mp4,LIKE_PREFERENCE,C,train,train,LIKE_PREFERENCE
train-01330,video/train/C/train-01330.mp4,OTHER,C,train,train,OTHER
train-01331,video/train/C/train-01331.mp4,QUESTION,C,train,train,QUESTION
train-01332,video/train/C/train-01332.mp4,OTHER,C,train,train,OTHER
train-01333,video/train/C/train-01333.mp4,OTHER,C,train,train,OTHER
train-01334,video/train/C/train-01334.mp4,LIKE_PREFERENCE,C,train,train,LIKE_PREFERENCE
train-01335,video/train/C/train-01335.mp4,CONFIRMATION,C,train,train,CONFIRMATION
train-01336,video/train/C/train-01336.mp4,ACTION_REQUEST,C,train,train,ACTION_REQUEST
train-01337,video/train/C/train-01337.mp4,ACTION_REQUEST,C,train,train,ACTION_REQUEST
train-01338,video/train/C/train-01338.mp4,LIKE_PREFERENCE,C,train,train,LIKE_PREFERENCE
train-01339,video/train/C/train-01339.mp4,LIKE_PREFERENCE,C,train,train,LIKE_PREFERENCE
train-01340,video/train/C/train-01340.mp4,OTHER,C,train,train,OTHER
train-01341,video/train/C/train-01341.mp4,ACTION_REQUEST,C,train,train,ACTION_REQUEST
train-01342,video/train/C/train-01342.mp4,CONFIRMATION,C,train,train,CONFIRMATION
train-01343,video/train/C/train-01343.mp4,QUESTION,C,train,train,QUESTION
train-01344,video/train/C/train-01344.mp4,HELP_REQUEST,C,train,train,HELP_REQUEST
train-01345,video/train/C/train-01345.mp4,ACTION_REQUEST,C,train,train,ACTION_REQUEST
train-01346,video/train/C/train-01346.mp4,QUESTION,C,train,train,QUESTION
train-01347,video/train/C/train-01347.mp4,ACTION_REQUEST,C,train,train,ACTION_REQUEST
train-01348,video/train/C/train-01348.mp4,TIME_QUERY,C,train,train,TIME_QUERY
train-01349,video/train/C/train-01349.mp4,OTHER,C,train,train,OTHER
train-01350,video/train/C/train-01350.mp4,PURCHASE,C,train,train,PURCHASE
train-01351,video/train/C/train-01351.mp4,QUESTION,C,train,train,QUESTION
train-01352,video/train/C/train-01352.mp4,ACTION_REQUEST,C,train,train,ACTION_REQUEST
train-01353,video/train/C/train-01353.mp4,OTHER,C,train,train,OTHER
train-01354,video/train/C/train-01354.mp4,ACTION_REQUEST,C,train,train,ACTION_REQUEST
train-01355,video/train/C/train-01355.mp4,ACTION_REQUEST,C,train,train,ACTION_REQUEST
train-01356,video/train/C/train-01356.mp4,OTHER,C,train,train,OTHER
train-01357,video/train/C/train-01357.mp4,OTHER,C,train,train,OTHER
train-01358,video/train/C/train-01358.mp4,OTHER,C,train,train,OTHER
train-01359,video/train/C/train-01359.mp4,OTHER,C,train,train,OTHER
train-01360,video/train/C/train-01360.mp4,OTHER,C,train,train,OTHER
train-01361,video/train/C/train-01361.mp4,TIME_QUERY,C,train,train,TIME_QUERY
train-01362,video/train/C/train-01362.mp4,CONFIRMATION,C,train,train,CONFIRMATION
train-01363,video/train/C/train-01363.mp4,CONFIRMATION,C,train,train,CONFIRMATION
train-01364,video/train/C/train-01364.mp4,OTHER,C,train,train,OTHER
train-01365,video/train/C/train-01365.mp4,OTHER,C,train,train,OTHER
train-01366,video/train/C/train-01366.mp4,OTHER,C,train,train,OTHER
train-01367,video/train/C/train-01367.mp4,CONFIRMATION,C,train,train,CONFIRMATION
train-01368,video/train/C/train-01368.mp4,QUESTION,C,train,train,QUESTION
train-01369,video/train/C/train-01369.mp4,OTHER,C,train,train,OTHER
train-01370,video/train/C/train-01370.mp4,OTHER,C,train,train,OTHER
train-01371,video/train/C/train-01371.mp4,CONFIRMATION,C,train,train,CONFIRMATION
train-01372,video/train/C/train-01372.mp4,GREETING,C,train,train,GREETING
train-01373,video/train/C/train-01373.mp4,GREETING,C,train,train,GREETING
train-01374,video/train/C/train-01374.mp4,OTHER,C,train,train,OTHER
train-01375,video/train/C/train-01375.mp4,OTHER,C,train,train,OTHER
train-01376,video/train/C/train-01376.mp4,QUESTION,C,train,train,QUESTION
train-01377,video/train/C/train-01377.mp4,CONFIRMATION,C,train,train,CONFIRMATION
train-01378,video/train/C/train-01378.mp4,OTHER,C,train,train,OTHER
train-01379,video/train/C/train-01379.mp4,OTHER,C,train,train,OTHER
train-01380,video/train/C/train-01380.mp4,CONFIRMATION,C,train,train,CONFIRMATION
train-01381,video/train/C/train-01381.mp4,CONFIRMATION,C,train,train,CONFIRMATION
train-01382,video/train/C/train-01382.mp4,CONFIRMATION,C,train,train,CONFIRMATION
train-01383,video/train/C/train-01383.mp4,LIKE_PREFERENCE,C,train,train,LIKE_PREFERENCE
train-01384,video/train/C/train-01384.mp4,OTHER,C,train,train,OTHER
train-01385,video/train/C/train-01385.mp4,OTHER,C,train,train,OTHER
train-01386,video/train/C/train-01386.mp4,QUESTION,C,train,train,QUESTION
train-01387,video/train/C/train-01387.mp4,QUESTION,C,train,train,QUESTION
train-01388,video/train/C/train-01388.mp4,OTHER,C,train,train,OTHER
train-01389,video/train/C/train-01389.mp4,QUESTION,C,train,train,QUESTION
train-01390,video/train/C/train-01390.mp4,OTHER,C,train,train,OTHER
train-01391,video/train/C/train-01391.mp4,LIKE_PREFERENCE,C,train,train,LIKE_PREFERENCE
train-01392,video/train/C/train-01392.mp4,OTHER,C,train,train,OTHER
train-01393,video/train/C/train-01393.mp4,OTHER,C,train,train,OTHER
train-01394,video/train/C/train-01394.mp4,NEGATION,C,train,train,NEGATION
train-01395,video/train/C/train-01395.mp4,CONFIRMATION,C,train,train,CONFIRMATION
train-01396,video/train/C/train-01396.mp4,NEGATION,C,train,train,NEGATION
train-01397,video/train/C/train-01397.mp4,NEGATION,C,train,train,NEGATION
train-01398,video/train/C/train-01398.mp4,NEGATION,C,train,train,NEGATION
train-01399,video/train/C/train-01399.mp4,NEGATION,C,train,train,NEGATION
train-01400,video/train/C/train-01400.mp4,NEGATION,C,train,train,NEGATION
train-01401,video/train/C/train-01401.mp4,GREETING,C,train,train,GREETING
train-01402,video/train/C/train-01402.mp4,EMOTION,C,train,train,EMOTION
train-01403,video/train/C/train-01403.mp4,NEGATION,C,train,train,NEGATION
train-01404,video/train/C/train-01404.mp4,NEGATION,C,train,train,NEGATION
train-01405,video/train/C/train-01405.mp4,ACTION_REQUEST,C,train,train,ACTION_REQUEST
train-01406,video/train/C/train-01406.mp4,CONFIRMATION,C,train,train,CONFIRMATION
train-01407,video/train/C/train-01407.mp4,NEGATION,C,train,train,NEGATION
train-01408,video/train/C/train-01408.mp4,EMOTION,C,train,train,EMOTION
train-01409,video/train/C/train-01409.mp4,NEGATION,C,train,train,NEGATION
train-01410,video/train/C/train-01410.mp4,ACTION_REQUEST,C,train,train,ACTION_REQUEST
train-01411,video/train/C/train-01411.mp4,NEGATION,C,train,train,NEGATION
train-01412,video/train/C/train-01412.mp4,NEGATION,C,train,train,NEGATION
train-01413,video/train/C/train-01413.mp4,NEGATION,C,train,train,NEGATION
train-01414,video/train/C/train-01414.mp4,OTHER,C,train,train,OTHER
train-01415,video/train/C/train-01415.mp4,NEGATION,C,train,train,NEGATION
train-01416,video/train/C/train-01416.mp4,NEGATION,C,train,train,NEGATION
train-01417,video/train/C/train-01417.mp4,NEGATION,C,train,train,NEGATION
train-01418,video/train/C/train-01418.mp4,HEALTH,C,train,train,HEALTH
train-01419,video/train/C/train-01419.mp4,NEGATION,C,train,train,NEGATION
train-01420,video/train/C/train-01420.mp4,LOCATION_QUERY,C,train,train,LOCATION_QUERY
train-01421,video/train/C/train-01421.mp4,TIME_QUERY,C,train,train,TIME_QUERY
train-01422,video/train/C/train-01422.mp4,OTHER,C,train,train,OTHER
train-01423,video/train/C/train-01423.mp4,QUESTION,C,train,train,QUESTION
train-01424,video/train/C/train-01424.mp4,TIME_QUERY,C,train,train,TIME_QUERY
train-01425,video/train/C/train-01425.mp4,OTHER,C,train,train,OTHER
train-01426,video/train/C/train-01426.mp4,LOCATION_QUERY,C,train,train,LOCATION_QUERY
train-01427,video/train/C/train-01427.mp4,LOCATION_QUERY,C,train,train,LOCATION_QUERY
train-01428,video/train/C/train-01428.mp4,LOCATION_QUERY,C,train,train,LOCATION_QUERY
train-01429,video/train/C/train-01429.mp4,ACTION_REQUEST,C,train,train,ACTION_REQUEST
train-01430,video/train/C/train-01430.mp4,QUESTION,C,train,train,QUESTION
train-01431,video/train/C/train-01431.mp4,CONFIRMATION,C,train,train,CONFIRMATION
train-01432,video/train/C/train-01432.mp4,HELP_REQUEST,C,train,train,HELP_REQUEST
train-01433,video/train/C/train-01433.mp4,OTHER,C,train,train,OTHER
train-01434,video/train/C/train-01434.mp4,QUESTION,C,train,train,QUESTION
train-01435,video/train/C/train-01435.mp4,QUESTION,C,train,train,QUESTION
train-01436,video/train/C/train-01436.mp4,TIME_QUERY,C,train,train,TIME_QUERY
train-01437,video/train/C/train-01437.mp4,OTHER,C,train,train,OTHER
train-01438,video/train/C/train-01438.mp4,OTHER,C,train,train,OTHER
train-01439,video/train/C/train-01439.mp4,ACTION_REQUEST,C,train,train,ACTION_REQUEST
train-01440,video/train/C/train-01440.mp4,HEALTH,C,train,train,HEALTH
train-01441,video/train/C/train-01441.mp4,ACTION_REQUEST,C,train,train,ACTION_REQUEST
train-01442,video/train/C/train-01442.mp4,HEALTH,C,train,train,HEALTH
train-01443,video/train/C/train-01443.mp4,QUESTION,C,train,train,QUESTION
train-01444,video/train/C/train-01444.mp4,ACTION_REQUEST,C,train,train,ACTION_REQUEST
train-01445,video/train/C/train-01445.mp4,TIME_QUERY,C,train,train,TIME_QUERY
train-01446,video/train/C/train-01446.mp4,OTHER,C,train,train,OTHER
train-01447,video/train/C/train-01447.mp4,CONFIRMATION,C,train,train,CONFIRMATION
train-01448,video/train/C/train-01448.mp4,CONFIRMATION,C,train,train,CONFIRMATION
train-01449,video/train/C/train-01449.mp4,QUESTION,C,train,train,QUESTION
train-01450,video/train/C/train-01450.mp4,CONFIRMATION,C,train,train,CONFIRMATION
train-01451,video/train/C/train-01451.mp4,PURCHASE,C,train,train,PURCHASE
train-01452,video/train/C/train-01452.mp4,NEGATION,C,train,train,NEGATION
train-01453,video/train/C/train-01453.mp4,OTHER,C,train,train,OTHER
train-01454,video/train/C/train-01454.mp4,CONFIRMATION,C,train,train,CONFIRMATION
train-01455,video/train/C/train-01455.mp4,NEGATION,C,train,train,NEGATION
train-01456,video/train/C/train-01456.mp4,QUESTION,C,train,train,QUESTION
train-01457,video/train/C/train-01457.mp4,PURCHASE,C,train,train,PURCHASE
train-01458,video/train/C/train-01458.mp4,OTHER,C,train,train,OTHER
train-01459,video/train/C/train-01459.mp4,OTHER,C,train,train,OTHER
train-01460,video/train/C/train-01460.mp4,HELP_REQUEST,C,train,train,HELP_REQUEST
train-01461,video/train/C/train-01461.mp4,CONFIRMATION,C,train,train,CONFIRMATION
train-01462,video/train/C/train-01462.mp4,QUESTION,C,train,train,QUESTION
train-01463,video/train/C/train-01463.mp4,QUESTION,C,train,train,QUESTION
train-01464,video/train/C/train-01464.mp4,NEGATION,C,train,train,NEGATION
train-01465,video/train/C/train-01465.mp4,OTHER,C,train,train,OTHER
train-01466,video/train/C/train-01466.mp4,CONFIRMATION,C,train,train,CONFIRMATION
train-01467,video/train/C/train-01467.mp4,ACTION_REQUEST,C,train,train,ACTION_REQUEST
train-01468,video/train/C/train-01468.mp4,CONFIRMATION,C,train,train,CONFIRMATION
train-01469,video/train/C/train-01469.mp4,QUESTION,C,train,train,QUESTION
train-01470,video/train/C/train-01470.mp4,CONFIRMATION,C,train,train,CONFIRMATION
train-01471,video/train/C/train-01471.mp4,QUESTION,C,train,train,QUESTION
train-01472,video/train/C/train-01472.mp4,OTHER,C,train,train,OTHER
train-01473,video/train/C/train-01473.mp4,PURCHASE,C,train,train,PURCHASE
train-01474,video/train/C/train-01474.mp4,OTHER,C,train,train,OTHER
train-01475,video/train/C/train-01475.mp4,CONFIRMATION,C,train,train,CONFIRMATION
train-01476,video/train/C/train-01476.mp4,OTHER,C,train,train,OTHER
train-01477,video/train/C/train-01477.mp4,OTHER,C,train,train,OTHER
train-01478,video/train/C/train-01478.mp4,OTHER,C,train,train,OTHER
train-01479,video/train/C/train-01479.mp4,LIKE_PREFERENCE,C,train,train,LIKE_PREFERENCE
train-01480,video/train/C/train-01480.mp4,PURCHASE,C,train,train,PURCHASE
train-01481,video/train/C/train-01481.mp4,CONFIRMATION,C,train,train,CONFIRMATION
train-01482,video/train/C/train-01482.mp4,CONFIRMATION,C,train,train,CONFIRMATION
train-01483,video/train/C/train-01483.mp4,OTHER,C,train,train,OTHER
train-01484,video/train/C/train-01484.mp4,ACTION_REQUEST,C,train,train,ACTION_REQUEST
train-01485,video/train/D/train-01485.mp4,ACTION_REQUEST,D,train,train,ACTION_REQUEST
train-01486,video/train/D/train-01486.mp4,QUESTION,D,train,train,QUESTION
train-01487,video/train/D/train-01487.mp4,OTHER,D,train,train,OTHER
train-01488,video/train/D/train-01488.mp4,ACTION_REQUEST,D,train,train,ACTION_REQUEST
train-01489,video/train/D/train-01489.mp4,ACTION_REQUEST,D,train,train,ACTION_REQUEST
train-01490,video/train/D/train-01490.mp4,ACTION_REQUEST,D,train,train,ACTION_REQUEST
train-01491,video/train/D/train-01491.mp4,ACTION_REQUEST,D,train,train,ACTION_REQUEST
train-01492,video/train/D/train-01492.mp4,ACTION_REQUEST,D,train,train,ACTION_REQUEST
train-01493,video/train/D/train-01493.mp4,ACTION_REQUEST,D,train,train,ACTION_REQUEST
train-01494,video/train/D/train-01494.mp4,QUESTION,D,train,train,QUESTION
train-01495,video/train/D/train-01495.mp4,ACTION_REQUEST,D,train,train,ACTION_REQUEST
train-01496,video/train/D/train-01496.mp4,ACTION_REQUEST,D,train,train,ACTION_REQUEST
train-01497,video/train/D/train-01497.mp4,ACTION_REQUEST,D,train,train,ACTION_REQUEST
train-01498,video/train/D/train-01498.mp4,TIME_QUERY,D,train,train,TIME_QUERY
train-01499,video/train/D/train-01499.mp4,ACTION_REQUEST,D,train,train,ACTION_REQUEST
train-01500,video/train/D/train-01500.mp4,OTHER,D,train,train,OTHER
train-01501,video/train/D/train-01501.mp4,QUESTION,D,train,train,QUESTION
train-01502,video/train/D/train-01502.mp4,CONFIRMATION,D,train,train,CONFIRMATION
train-01503,video/train/D/train-01503.mp4,OTHER,D,train,train,OTHER
train-01504,video/train/D/train-01504.mp4,OTHER,D,train,train,OTHER
train-01505,video/train/D/train-01505.mp4,OTHER,D,train,train,OTHER
train-01506,video/train/D/train-01506.mp4,CONFIRMATION,D,train,train,CONFIRMATION
train-01507,video/train/D/train-01507.mp4,OTHER,D,train,train,OTHER
train-01508,video/train/D/train-01508.mp4,OTHER,D,train,train,OTHER
train-01509,video/train/D/train-01509.mp4,OTHER,D,train,train,OTHER
train-01510,video/train/D/train-01510.mp4,OTHER,D,train,train,OTHER
train-01511,video/train/D/train-01511.mp4,OTHER,D,train,train,OTHER
train-01512,video/train/D/train-01512.mp4,PURCHASE,D,train,train,PURCHASE
train-01513,video/train/D/train-01513.mp4,OTHER,D,train,train,OTHER
train-01514,video/train/D/train-01514.mp4,ACTION_REQUEST,D,train,train,ACTION_REQUEST
train-01515,video/train/D/train-01515.mp4,QUESTION,D,train,train,QUESTION
train-01516,video/train/D/train-01516.mp4,OTHER,D,train,train,OTHER
train-01517,video/train/D/train-01517.mp4,OTHER,D,train,train,OTHER
train-01518,video/train/D/train-01518.mp4,CONFIRMATION,D,train,train,CONFIRMATION
train-01519,video/train/D/train-01519.mp4,OTHER,D,train,train,OTHER
train-01520,video/train/D/train-01520.mp4,CONFIRMATION,D,train,train,CONFIRMATION
train-01521,video/train/D/train-01521.mp4,PURCHASE,D,train,train,PURCHASE
train-01522,video/train/D/train-01522.mp4,CONFIRMATION,D,train,train,CONFIRMATION
train-01523,video/train/D/train-01523.mp4,CONFIRMATION,D,train,train,CONFIRMATION
train-01524,video/train/D/train-01524.mp4,PURCHASE,D,train,train,PURCHASE
train-01525,video/train/D/train-01525.mp4,CONFIRMATION,D,train,train,CONFIRMATION
train-01526,video/train/D/train-01526.mp4,CONFIRMATION,D,train,train,CONFIRMATION
train-01527,video/train/D/train-01527.mp4,CONFIRMATION,D,train,train,CONFIRMATION
train-01528,video/train/D/train-01528.mp4,CONFIRMATION,D,train,train,CONFIRMATION
train-01529,video/train/D/train-01529.mp4,CONFIRMATION,D,train,train,CONFIRMATION
train-01530,video/train/D/train-01530.mp4,PURCHASE,D,train,train,PURCHASE
train-01531,video/train/D/train-01531.mp4,HELP_REQUEST,D,train,train,HELP_REQUEST
train-01532,video/train/D/train-01532.mp4,HELP_REQUEST,D,train,train,HELP_REQUEST
train-01533,video/train/D/train-01533.mp4,CONFIRMATION,D,train,train,CONFIRMATION
train-01534,video/train/D/train-01534.mp4,HELP_REQUEST,D,train,train,HELP_REQUEST
train-01535,video/train/D/train-01535.mp4,CONFIRMATION,D,train,train,CONFIRMATION
train-01536,video/train/D/train-01536.mp4,PURCHASE,D,train,train,PURCHASE
train-01537,video/train/D/train-01537.mp4,ACTION_REQUEST,D,train,train,ACTION_REQUEST
train-01538,video/train/D/train-01538.mp4,CONFIRMATION,D,train,train,CONFIRMATION
train-01539,video/train/D/train-01539.mp4,CONFIRMATION,D,train,train,CONFIRMATION
train-01540,video/train/D/train-01540.mp4,CONFIRMATION,D,train,train,CONFIRMATION
train-01541,video/train/D/train-01541.mp4,PURCHASE,D,train,train,PURCHASE
train-01542,video/train/D/train-01542.mp4,CONFIRMATION,D,train,train,CONFIRMATION
train-01543,video/train/D/train-01543.mp4,CONFIRMATION,D,train,train,CONFIRMATION
train-01544,video/train/D/train-01544.mp4,ACTION_REQUEST,D,train,train,ACTION_REQUEST
train-01545,video/train/D/train-01545.mp4,CONFIRMATION,D,train,train,CONFIRMATION
train-01546,video/train/D/train-01546.mp4,NEGATION,D,train,train,NEGATION
train-01547,video/train/D/train-01547.mp4,OTHER,D,train,train,OTHER
train-01548,video/train/D/train-01548.mp4,NEGATION,D,train,train,NEGATION
train-01549,video/train/D/train-01549.mp4,OTHER,D,train,train,OTHER
train-01550,video/train/D/train-01550.mp4,OTHER,D,train,train,OTHER
train-01551,video/train/D/train-01551.mp4,ACTION_REQUEST,D,train,train,ACTION_REQUEST
train-01552,video/train/D/train-01552.mp4,OTHER,D,train,train,OTHER
train-01553,video/train/D/train-01553.mp4,HEALTH,D,train,train,HEALTH
train-01554,video/train/D/train-01554.mp4,ACTION_REQUEST,D,train,train,ACTION_REQUEST
train-01555,video/train/D/train-01555.mp4,ACTION_REQUEST,D,train,train,ACTION_REQUEST
train-01556,video/train/D/train-01556.mp4,ACTION_REQUEST,D,train,train,ACTION_REQUEST
train-01557,video/train/D/train-01557.mp4,OTHER,D,train,train,OTHER
train-01558,video/train/D/train-01558.mp4,CONFIRMATION,D,train,train,CONFIRMATION
train-01559,video/train/D/train-01559.mp4,OTHER,D,train,train,OTHER
train-01560,video/train/D/train-01560.mp4,NEGATION,D,train,train,NEGATION
train-01561,video/train/D/train-01561.mp4,CONFIRMATION,D,train,train,CONFIRMATION
train-01562,video/train/D/train-01562.mp4,CONFIRMATION,D,train,train,CONFIRMATION
train-01563,video/train/D/train-01563.mp4,CONFIRMATION,D,train,train,CONFIRMATION
train-01564,video/train/D/train-01564.mp4,OTHER,D,train,train,OTHER
train-01565,video/train/D/train-01565.mp4,OTHER,D,train,train,OTHER
train-01566,video/train/D/train-01566.mp4,HEALTH,D,train,train,HEALTH
train-01567,video/train/D/train-01567.mp4,EMOTION,D,train,train,EMOTION
train-01568,video/train/D/train-01568.mp4,OTHER,D,train,train,OTHER
train-01569,video/train/D/train-01569.mp4,OTHER,D,train,train,OTHER
train-01570,video/train/D/train-01570.mp4,OTHER,D,train,train,OTHER
train-01571,video/train/D/train-01571.mp4,CONFIRMATION,D,train,train,CONFIRMATION
train-01572,video/train/D/train-01572.mp4,OTHER,D,train,train,OTHER
train-01573,video/train/D/train-01573.mp4,ACTION_REQUEST,D,train,train,ACTION_REQUEST
train-01574,video/train/D/train-01574.mp4,QUESTION,D,train,train,QUESTION
train-01575,video/train/D/train-01575.mp4,CONFIRMATION,D,train,train,CONFIRMATION
train-01576,video/train/D/train-01576.mp4,OTHER,D,train,train,OTHER
train-01577,video/train/D/train-01577.mp4,ACTION_REQUEST,D,train,train,ACTION_REQUEST
train-01578,video/train/D/train-01578.mp4,ACTION_REQUEST,D,train,train,ACTION_REQUEST
train-01579,video/train/D/train-01579.mp4,ACTION_REQUEST,D,train,train,ACTION_REQUEST
train-01580,video/train/D/train-01580.mp4,OTHER,D,train,train,OTHER
train-01581,video/train/D/train-01581.mp4,QUESTION,D,train,train,QUESTION
train-01582,video/train/D/train-01582.mp4,QUESTION,D,train,train,QUESTION
train-01583,video/train/D/train-01583.mp4,HELP_REQUEST,D,train,train,HELP_REQUEST
train-01584,video/train/D/train-01584.mp4,OTHER,D,train,train,OTHER
train-01585,video/train/D/train-01585.mp4,OTHER,D,train,train,OTHER
train-01586,video/train/D/train-01586.mp4,OTHER,D,train,train,OTHER
train-01587,video/train/D/train-01587.mp4,TIME_QUERY,D,train,train,TIME_QUERY
train-01588,video/train/D/train-01588.mp4,OTHER,D,train,train,OTHER
train-01589,video/train/D/train-01589.mp4,OTHER,D,train,train,OTHER
train-01590,video/train/D/train-01590.mp4,OTHER,D,train,train,OTHER
train-01591,video/train/D/train-01591.mp4,OTHER,D,train,train,OTHER
train-01592,video/train/D/train-01592.mp4,CONFIRMATION,D,train,train,CONFIRMATION
train-01593,video/train/D/train-01593.mp4,ACTION_REQUEST,D,train,train,ACTION_REQUEST
train-01594,video/train/D/train-01594.mp4,ACTION_REQUEST,D,train,train,ACTION_REQUEST
train-01595,video/train/D/train-01595.mp4,OTHER,D,train,train,OTHER
train-01596,video/train/D/train-01596.mp4,TIME_QUERY,D,train,train,TIME_QUERY
train-01597,video/train/D/train-01597.mp4,OTHER,D,train,train,OTHER
train-01598,video/train/D/train-01598.mp4,HELP_REQUEST,D,train,train,HELP_REQUEST
train-01599,video/train/D/train-01599.mp4,CONFIRMATION,D,train,train,CONFIRMATION
train-01600,video/train/D/train-01600.mp4,NEGATION,D,train,train,NEGATION
train-01601,video/train/D/train-01601.mp4,OTHER,D,train,train,OTHER
train-01602,video/train/D/train-01602.mp4,CONFIRMATION,D,train,train,CONFIRMATION
train-01603,video/train/D/train-01603.mp4,QUESTION,D,train,train,QUESTION
train-01604,video/train/D/train-01604.mp4,QUESTION,D,train,train,QUESTION
train-01605,video/train/D/train-01605.mp4,QUESTION,D,train,train,QUESTION
train-01606,video/train/D/train-01606.mp4,OTHER,D,train,train,OTHER
train-01607,video/train/D/train-01607.mp4,LIKE_PREFERENCE,D,train,train,LIKE_PREFERENCE
train-01608,video/train/D/train-01608.mp4,LIKE_PREFERENCE,D,train,train,LIKE_PREFERENCE
train-01609,video/train/D/train-01609.mp4,LIKE_PREFERENCE,D,train,train,LIKE_PREFERENCE
train-01610,video/train/D/train-01610.mp4,LIKE_PREFERENCE,D,train,train,LIKE_PREFERENCE
train-01611,video/train/D/train-01611.mp4,LIKE_PREFERENCE,D,train,train,LIKE_PREFERENCE
train-01612,video/train/D/train-01612.mp4,LIKE_PREFERENCE,D,train,train,LIKE_PREFERENCE
train-01613,video/train/D/train-01613.mp4,LIKE_PREFERENCE,D,train,train,LIKE_PREFERENCE
train-01614,video/train/D/train-01614.mp4,OTHER,D,train,train,OTHER
train-01615,video/train/D/train-01615.mp4,HELP_REQUEST,D,train,train,HELP_REQUEST
train-01616,video/train/D/train-01616.mp4,CONFIRMATION,D,train,train,CONFIRMATION
train-01617,video/train/D/train-01617.mp4,OTHER,D,train,train,OTHER
train-01618,video/train/D/train-01618.mp4,OTHER,D,train,train,OTHER
train-01619,video/train/D/train-01619.mp4,OTHER,D,train,train,OTHER
train-01620,video/train/D/train-01620.mp4,ACTION_REQUEST,D,train,train,ACTION_REQUEST
train-01621,video/train/D/train-01621.mp4,OTHER,D,train,train,OTHER
train-01622,video/train/D/train-01622.mp4,TIME_QUERY,D,train,train,TIME_QUERY
train-01623,video/train/D/train-01623.mp4,OTHER,D,train,train,OTHER
train-01624,video/train/D/train-01624.mp4,LIKE_PREFERENCE,D,train,train,LIKE_PREFERENCE
train-01625,video/train/D/train-01625.mp4,OTHER,D,train,train,OTHER
train-01626,video/train/D/train-01626.mp4,OTHER,D,train,train,OTHER
train-01627,video/train/D/train-01627.mp4,PURCHASE,D,train,train,PURCHASE
train-01628,video/train/D/train-01628.mp4,OTHER,D,train,train,OTHER
train-01629,video/train/D/train-01629.mp4,OTHER,D,train,train,OTHER
train-01630,video/train/D/train-01630.mp4,OTHER,D,train,train,OTHER
train-01631,video/train/D/train-01631.mp4,OTHER,D,train,train,OTHER
train-01632,video/train/D/train-01632.mp4,OTHER,D,train,train,OTHER
train-01633,video/train/D/train-01633.mp4,OTHER,D,train,train,OTHER
train-01634,video/train/D/train-01634.mp4,OTHER,D,train,train,OTHER
train-01635,video/train/D/train-01635.mp4,OTHER,D,train,train,OTHER
train-01636,video/train/D/train-01636.mp4,OTHER,D,train,train,OTHER
train-01637,video/train/D/train-01637.mp4,EMOTION,D,train,train,EMOTION
train-01638,video/train/D/train-01638.mp4,QUESTION,D,train,train,QUESTION
train-01639,video/train/D/train-01639.mp4,OTHER,D,train,train,OTHER
train-01640,video/train/D/train-01640.mp4,OTHER,D,train,train,OTHER
train-01641,video/train/D/train-01641.mp4,OTHER,D,train,train,OTHER
train-01642,video/train/D/train-01642.mp4,CONFIRMATION,D,train,train,CONFIRMATION
train-01643,video/train/D/train-01643.mp4,OTHER,D,train,train,OTHER
train-01644,video/train/D/train-01644.mp4,OTHER,D,train,train,OTHER
train-01645,video/train/D/train-01645.mp4,OTHER,D,train,train,OTHER
train-01646,video/train/D/train-01646.mp4,OTHER,D,train,train,OTHER
train-01647,video/train/D/train-01647.mp4,TIME_QUERY,D,train,train,TIME_QUERY
train-01648,video/train/D/train-01648.mp4,CONFIRMATION,D,train,train,CONFIRMATION
train-01649,video/train/D/train-01649.mp4,ACTION_REQUEST,D,train,train,ACTION_REQUEST
train-01650,video/train/D/train-01650.mp4,OTHER,D,train,train,OTHER
train-01651,video/train/D/train-01651.mp4,PURCHASE,D,train,train,PURCHASE
train-01652,video/train/D/train-01652.mp4,QUESTION,D,train,train,QUESTION
train-01653,video/train/D/train-01653.mp4,HELP_REQUEST,D,train,train,HELP_REQUEST
train-01654,video/train/D/train-01654.mp4,OTHER,D,train,train,OTHER
train-01655,video/train/D/train-01655.mp4,TIME_QUERY,D,train,train,TIME_QUERY
train-01656,video/train/D/train-01656.mp4,OTHER,D,train,train,OTHER
train-01657,video/train/D/train-01657.mp4,OTHER,D,train,train,OTHER
train-01658,video/train/D/train-01658.mp4,TIME_QUERY,D,train,train,TIME_QUERY
train-01659,video/train/D/train-01659.mp4,OTHER,D,train,train,OTHER
train-01660,video/train/D/train-01660.mp4,TIME_QUERY,D,train,train,TIME_QUERY
train-01661,video/train/D/train-01661.mp4,OTHER,D,train,train,OTHER
train-01662,video/train/D/train-01662.mp4,OTHER,D,train,train,OTHER
train-01663,video/train/D/train-01663.mp4,QUESTION,D,train,train,QUESTION
train-01664,video/train/D/train-01664.mp4,QUESTION,D,train,train,QUESTION
train-01665,video/train/D/train-01665.mp4,QUESTION,D,train,train,QUESTION
train-01666,video/train/D/train-01666.mp4,OTHER,D,train,train,OTHER
train-01667,video/train/D/train-01667.mp4,OTHER,D,train,train,OTHER
train-01668,video/train/D/train-01668.mp4,LOCATION_QUERY,D,train,train,LOCATION_QUERY
train-01669,video/train/D/train-01669.mp4,ACTION_REQUEST,D,train,train,ACTION_REQUEST
train-01670,video/train/D/train-01670.mp4,OTHER,D,train,train,OTHER
train-01671,video/train/D/train-01671.mp4,OTHER,D,train,train,OTHER
train-01672,video/train/D/train-01672.mp4,ACTION_REQUEST,D,train,train,ACTION_REQUEST
train-01673,video/train/D/train-01673.mp4,OTHER,D,train,train,OTHER
train-01674,video/train/D/train-01674.mp4,OTHER,D,train,train,OTHER
train-01675,video/train/D/train-01675.mp4,OTHER,D,train,train,OTHER
train-01676,video/train/D/train-01676.mp4,OTHER,D,train,train,OTHER
train-01677,video/train/D/train-01677.mp4,OTHER,D,train,train,OTHER
train-01678,video/train/D/train-01678.mp4,CONFIRMATION,D,train,train,CONFIRMATION
train-01679,video/train/D/train-01679.mp4,TIME_QUERY,D,train,train,TIME_QUERY
train-01680,video/train/D/train-01680.mp4,OTHER,D,train,train,OTHER
train-01681,video/train/D/train-01681.mp4,OTHER,D,train,train,OTHER
train-01682,video/train/D/train-01682.mp4,OTHER,D,train,train,OTHER
train-01683,video/train/D/train-01683.mp4,QUESTION,D,train,train,QUESTION
train-01684,video/train/D/train-01684.mp4,CONFIRMATION,D,train,train,CONFIRMATION
train-01685,video/train/D/train-01685.mp4,NEGATION,D,train,train,NEGATION
train-01686,video/train/D/train-01686.mp4,ACTION_REQUEST,D,train,train,ACTION_REQUEST
train-01687,video/train/D/train-01687.mp4,OTHER,D,train,train,OTHER
train-01688,video/train/D/train-01688.mp4,OTHER,D,train,train,OTHER
train-01689,video/train/D/train-01689.mp4,OTHER,D,train,train,OTHER
train-01690,video/train/D/train-01690.mp4,OTHER,D,train,train,OTHER
train-01691,video/train/D/train-01691.mp4,OTHER,D,train,train,OTHER
train-01692,video/train/D/train-01692.mp4,OTHER,D,train,train,OTHER
train-01693,video/train/D/train-01693.mp4,OTHER,D,train,train,OTHER
train-01694,video/train/D/train-01694.mp4,OTHER,D,train,train,OTHER
train-01695,video/train/D/train-01695.mp4,OTHER,D,train,train,OTHER
train-01696,video/train/D/train-01696.mp4,OTHER,D,train,train,OTHER
train-01697,video/train/D/train-01697.mp4,QUESTION,D,train,train,QUESTION
train-01698,video/train/D/train-01698.mp4,OTHER,D,train,train,OTHER
train-01699,video/train/D/train-01699.mp4,CONFIRMATION,D,train,train,CONFIRMATION
train-01700,video/train/D/train-01700.mp4,HELP_REQUEST,D,train,train,HELP_REQUEST
train-01701,video/train/D/train-01701.mp4,OTHER,D,train,train,OTHER
train-01702,video/train/D/train-01702.mp4,OTHER,D,train,train,OTHER
train-01703,video/train/D/train-01703.mp4,OTHER,D,train,train,OTHER
train-01704,video/train/D/train-01704.mp4,OTHER,D,train,train,OTHER
train-01705,video/train/D/train-01705.mp4,EMOTION,D,train,train,EMOTION
train-01706,video/train/D/train-01706.mp4,HELP_REQUEST,D,train,train,HELP_REQUEST
train-01707,video/train/D/train-01707.mp4,OTHER,D,train,train,OTHER
train-01708,video/train/D/train-01708.mp4,CONFIRMATION,D,train,train,CONFIRMATION
train-01709,video/train/D/train-01709.mp4,OTHER,D,train,train,OTHER
train-01710,video/train/D/train-01710.mp4,OTHER,D,train,train,OTHER
train-01711,video/train/D/train-01711.mp4,CONFIRMATION,D,train,train,CONFIRMATION
train-01712,video/train/D/train-01712.mp4,OTHER,D,train,train,OTHER
train-01713,video/train/D/train-01713.mp4,EMOTION,D,train,train,EMOTION
train-01714,video/train/D/train-01714.mp4,OTHER,D,train,train,OTHER
train-01715,video/train/D/train-01715.mp4,OTHER,D,train,train,OTHER
train-01716,video/train/D/train-01716.mp4,LIKE_PREFERENCE,D,train,train,LIKE_PREFERENCE
train-01717,video/train/D/train-01717.mp4,TIME_QUERY,D,train,train,TIME_QUERY
train-01718,video/train/D/train-01718.mp4,CONFIRMATION,D,train,train,CONFIRMATION
train-01719,video/train/D/train-01719.mp4,CONFIRMATION,D,train,train,CONFIRMATION
train-01720,video/train/D/train-01720.mp4,PURCHASE,D,train,train,PURCHASE
train-01721,video/train/D/train-01721.mp4,OTHER,D,train,train,OTHER
train-01722,video/train/D/train-01722.mp4,PURCHASE,D,train,train,PURCHASE
train-01723,video/train/D/train-01723.mp4,OTHER,D,train,train,OTHER
train-01724,video/train/D/train-01724.mp4,OTHER,D,train,train,OTHER
train-01725,video/train/D/train-01725.mp4,OTHER,D,train,train,OTHER
train-01726,video/train/D/train-01726.mp4,NEGATION,D,train,train,NEGATION
train-01727,video/train/D/train-01727.mp4,OTHER,D,train,train,OTHER
train-01728,video/train/D/train-01728.mp4,ACTION_REQUEST,D,train,train,ACTION_REQUEST
train-01729,video/train/D/train-01729.mp4,OTHER,D,train,train,OTHER
train-01730,video/train/D/train-01730.mp4,OTHER,D,train,train,OTHER
train-01731,video/train/D/train-01731.mp4,OTHER,D,train,train,OTHER
train-01732,video/train/D/train-01732.mp4,OTHER,D,train,train,OTHER
train-01733,video/train/D/train-01733.mp4,OTHER,D,train,train,OTHER
train-01734,video/train/D/train-01734.mp4,CONFIRMATION,D,train,train,CONFIRMATION
train-01735,video/train/D/train-01735.mp4,TIME_QUERY,D,train,train,TIME_QUERY
train-01736,video/train/D/train-01736.mp4,OTHER,D,train,train,OTHER
train-01737,video/train/D/train-01737.mp4,EMOTION,D,train,train,EMOTION
train-01738,video/train/D/train-01738.mp4,OTHER,D,train,train,OTHER
train-01739,video/train/D/train-01739.mp4,CONFIRMATION,D,train,train,CONFIRMATION
train-01740,video/train/D/train-01740.mp4,OTHER,D,train,train,OTHER
train-01741,video/train/D/train-01741.mp4,OTHER,D,train,train,OTHER
train-01742,video/train/D/train-01742.mp4,EMOTION,D,train,train,EMOTION
train-01743,video/train/D/train-01743.mp4,EMOTION,D,train,train,EMOTION
train-01744,video/train/D/train-01744.mp4,OTHER,D,train,train,OTHER
train-01745,video/train/D/train-01745.mp4,OTHER,D,train,train,OTHER
train-01746,video/train/D/train-01746.mp4,OTHER,D,train,train,OTHER
train-01747,video/train/D/train-01747.mp4,OTHER,D,train,train,OTHER
train-01748,video/train/D/train-01748.mp4,OTHER,D,train,train,OTHER
train-01749,video/train/D/train-01749.mp4,OTHER,D,train,train,OTHER
train-01750,video/train/D/train-01750.mp4,CONFIRMATION,D,train,train,CONFIRMATION
train-01751,video/train/D/train-01751.mp4,EMOTION,D,train,train,EMOTION
train-01752,video/train/D/train-01752.mp4,NEGATION,D,train,train,NEGATION
train-01753,video/train/D/train-01753.mp4,OTHER,D,train,train,OTHER
train-01754,video/train/D/train-01754.mp4,OTHER,D,train,train,OTHER
train-01755,video/train/D/train-01755.mp4,OTHER,D,train,train,OTHER
train-01756,video/train/D/train-01756.mp4,OTHER,D,train,train,OTHER
train-01757,video/train/D/train-01757.mp4,OTHER,D,train,train,OTHER
train-01758,video/train/D/train-01758.mp4,OTHER,D,train,train,OTHER
train-01759,video/train/D/train-01759.mp4,QUESTION,D,train,train,QUESTION
train-01760,video/train/D/train-01760.mp4,LIKE_PREFERENCE,D,train,train,LIKE_PREFERENCE
train-01761,video/train/D/train-01761.mp4,OTHER,D,train,train,OTHER
train-01762,video/train/D/train-01762.mp4,OTHER,D,train,train,OTHER
train-01763,video/train/D/train-01763.mp4,CONFIRMATION,D,train,train,CONFIRMATION
train-01764,video/train/D/train-01764.mp4,OTHER,D,train,train,OTHER
train-01765,video/train/D/train-01765.mp4,OTHER,D,train,train,OTHER
train-01766,video/train/D/train-01766.mp4,OTHER,D,train,train,OTHER
train-01767,video/train/D/train-01767.mp4,CONFIRMATION,D,train,train,CONFIRMATION
train-01768,video/train/D/train-01768.mp4,OTHER,D,train,train,OTHER
train-01769,video/train/D/train-01769.mp4,LIKE_PREFERENCE,D,train,train,LIKE_PREFERENCE
train-01770,video/train/D/train-01770.mp4,CONFIRMATION,D,train,train,CONFIRMATION
train-01771,video/train/D/train-01771.mp4,HEALTH,D,train,train,HEALTH
train-01772,video/train/D/train-01772.mp4,OTHER,D,train,train,OTHER
train-01773,video/train/D/train-01773.mp4,OTHER,D,train,train,OTHER
train-01774,video/train/D/train-01774.mp4,OTHER,D,train,train,OTHER
train-01775,video/train/D/train-01775.mp4,CONFIRMATION,D,train,train,CONFIRMATION
train-01776,video/train/D/train-01776.mp4,ACTION_REQUEST,D,train,train,ACTION_REQUEST
train-01777,video/train/D/train-01777.mp4,OTHER,D,train,train,OTHER
train-01778,video/train/D/train-01778.mp4,TIME_QUERY,D,train,train,TIME_QUERY
train-01779,video/train/D/train-01779.mp4,TIME_QUERY,D,train,train,TIME_QUERY
train-01780,video/train/D/train-01780.mp4,OTHER,D,train,train,OTHER
train-01781,video/train/D/train-01781.mp4,OTHER,D,train,train,OTHER
train-01782,video/train/D/train-01782.mp4,OTHER,D,train,train,OTHER
train-01783,video/train/D/train-01783.mp4,OTHER,D,train,train,OTHER
train-01784,video/train/D/train-01784.mp4,ACTION_REQUEST,D,train,train,ACTION_REQUEST
train-01785,video/train/D/train-01785.mp4,ACTION_REQUEST,D,train,train,ACTION_REQUEST
train-01786,video/train/D/train-01786.mp4,OTHER,D,train,train,OTHER
train-01787,video/train/D/train-01787.mp4,CONFIRMATION,D,train,train,CONFIRMATION
train-01788,video/train/D/train-01788.mp4,NEGATION,D,train,train,NEGATION
train-01789,video/train/D/train-01789.mp4,OTHER,D,train,train,OTHER
train-01790,video/train/D/train-01790.mp4,NEGATION,D,train,train,NEGATION
train-01791,video/train/D/train-01791.mp4,NEGATION,D,train,train,NEGATION
train-01792,video/train/D/train-01792.mp4,OTHER,D,train,train,OTHER
train-01793,video/train/D/train-01793.mp4,OTHER,D,train,train,OTHER
train-01794,video/train/D/train-01794.mp4,CONFIRMATION,D,train,train,CONFIRMATION
train-01795,video/train/D/train-01795.mp4,PURCHASE,D,train,train,PURCHASE
train-01796,video/train/D/train-01796.mp4,CONFIRMATION,D,train,train,CONFIRMATION
train-01797,video/train/D/train-01797.mp4,CONFIRMATION,D,train,train,CONFIRMATION
train-01798,video/train/D/train-01798.mp4,CONFIRMATION,D,train,train,CONFIRMATION
train-01799,video/train/D/train-01799.mp4,CONFIRMATION,D,train,train,CONFIRMATION
train-01800,video/train/D/train-01800.mp4,EMOTION,D,train,train,EMOTION
train-01801,video/train/D/train-01801.mp4,TIME_QUERY,D,train,train,TIME_QUERY
train-01802,video/train/D/train-01802.mp4,TIME_QUERY,D,train,train,TIME_QUERY
train-01803,video/train/D/train-01803.mp4,EMOTION,D,train,train,EMOTION
train-01804,video/train/D/train-01804.mp4,OTHER,D,train,train,OTHER
train-01805,video/train/D/train-01805.mp4,OTHER,D,train,train,OTHER
train-01806,video/train/D/train-01806.mp4,OTHER,D,train,train,OTHER
train-01807,video/train/D/train-01807.mp4,OTHER,D,train,train,OTHER
train-01808,video/train/D/train-01808.mp4,OTHER,D,train,train,OTHER
train-01809,video/train/D/train-01809.mp4,OTHER,D,train,train,OTHER
train-01810,video/train/D/train-01810.mp4,OTHER,D,train,train,OTHER
train-01811,video/train/D/train-01811.mp4,OTHER,D,train,train,OTHER
train-01812,video/train/D/train-01812.mp4,OTHER,D,train,train,OTHER
train-01813,video/train/D/train-01813.mp4,OTHER,D,train,train,OTHER
train-01814,video/train/D/train-01814.mp4,OTHER,D,train,train,OTHER
train-01815,video/train/D/train-01815.mp4,OTHER,D,train,train,OTHER
train-01816,video/train/D/train-01816.mp4,OTHER,D,train,train,OTHER
train-01817,video/train/D/train-01817.mp4,TIME_QUERY,D,train,train,TIME_QUERY
train-01818,video/train/D/train-01818.mp4,OTHER,D,train,train,OTHER
train-01819,video/train/D/train-01819.mp4,ACTION_REQUEST,D,train,train,ACTION_REQUEST
train-01820,video/train/D/train-01820.mp4,OTHER,D,train,train,OTHER
train-01821,video/train/D/train-01821.mp4,OTHER,D,train,train,OTHER
train-01822,video/train/D/train-01822.mp4,ACTION_REQUEST,D,train,train,ACTION_REQUEST
train-01823,video/train/D/train-01823.mp4,ACTION_REQUEST,D,train,train,ACTION_REQUEST
train-01824,video/train/D/train-01824.mp4,PURCHASE,D,train,train,PURCHASE
train-01825,video/train/D/train-01825.mp4,OTHER,D,train,train,OTHER
train-01826,video/train/D/train-01826.mp4,LIKE_PREFERENCE,D,train,train,LIKE_PREFERENCE
train-01827,video/train/D/train-01827.mp4,ACTION_REQUEST,D,train,train,ACTION_REQUEST
train-01828,video/train/D/train-01828.mp4,TIME_QUERY,D,train,train,TIME_QUERY
train-01829,video/train/D/train-01829.mp4,NEGATION,D,train,train,NEGATION
train-01830,video/train/D/train-01830.mp4,PURCHASE,D,train,train,PURCHASE
train-01831,video/train/D/train-01831.mp4,QUESTION,D,train,train,QUESTION
train-01832,video/train/D/train-01832.mp4,ACTION_REQUEST,D,train,train,ACTION_REQUEST
train-01833,video/train/D/train-01833.mp4,NEGATION,D,train,train,NEGATION
train-01834,video/train/D/train-01834.mp4,CONFIRMATION,D,train,train,CONFIRMATION
train-01835,video/train/D/train-01835.mp4,TIME_QUERY,D,train,train,TIME_QUERY
train-01836,video/train/D/train-01836.mp4,ACTION_REQUEST,D,train,train,ACTION_REQUEST
train-01837,video/train/D/train-01837.mp4,CONFIRMATION,D,train,train,CONFIRMATION
train-01838,video/train/D/train-01838.mp4,TIME_QUERY,D,train,train,TIME_QUERY
train-01839,video/train/D/train-01839.mp4,CONFIRMATION,D,train,train,CONFIRMATION
train-01840,video/train/D/train-01840.mp4,LIKE_PREFERENCE,D,train,train,LIKE_PREFERENCE
train-01841,video/train/D/train-01841.mp4,CONFIRMATION,D,train,train,CONFIRMATION
train-01842,video/train/D/train-01842.mp4,PURCHASE,D,train,train,PURCHASE
train-01843,video/train/D/train-01843.mp4,CONFIRMATION,D,train,train,CONFIRMATION
train-01844,video/train/D/train-01844.mp4,OTHER,D,train,train,OTHER
train-01845,video/train/D/train-01845.mp4,PURCHASE,D,train,train,PURCHASE
train-01846,video/train/D/train-01846.mp4,OTHER,D,train,train,OTHER
train-01847,video/train/D/train-01847.mp4,OTHER,D,train,train,OTHER
train-01848,video/train/D/train-01848.mp4,QUESTION,D,train,train,QUESTION
train-01849,video/train/D/train-01849.mp4,OTHER,D,train,train,OTHER
train-01850,video/train/D/train-01850.mp4,LIKE_PREFERENCE,D,train,train,LIKE_PREFERENCE
train-01851,video/train/D/train-01851.mp4,OTHER,D,train,train,OTHER
train-01852,video/train/D/train-01852.mp4,ACTION_REQUEST,D,train,train,ACTION_REQUEST
train-01853,video/train/D/train-01853.mp4,OTHER,D,train,train,OTHER
train-01854,video/train/D/train-01854.mp4,TIME_QUERY,D,train,train,TIME_QUERY
train-01855,video/train/D/train-01855.mp4,LIKE_PREFERENCE,D,train,train,LIKE_PREFERENCE
train-01856,video/train/D/train-01856.mp4,CONFIRMATION,D,train,train,CONFIRMATION
train-01857,video/train/D/train-01857.mp4,OTHER,D,train,train,OTHER
train-01858,video/train/D/train-01858.mp4,OTHER,D,train,train,OTHER
train-01859,video/train/D/train-01859.mp4,OTHER,D,train,train,OTHER
train-01860,video/train/D/train-01860.mp4,OTHER,D,train,train,OTHER
train-01861,video/train/D/train-01861.mp4,CONFIRMATION,D,train,train,CONFIRMATION
train-01862,video/train/D/train-01862.mp4,OTHER,D,train,train,OTHER
train-01863,video/train/D/train-01863.mp4,OTHER,D,train,train,OTHER
train-01864,video/train/D/train-01864.mp4,TIME_QUERY,D,train,train,TIME_QUERY
train-01865,video/train/D/train-01865.mp4,OTHER,D,train,train,OTHER
train-01866,video/train/D/train-01866.mp4,ACTION_REQUEST,D,train,train,ACTION_REQUEST
train-01867,video/train/D/train-01867.mp4,OTHER,D,train,train,OTHER
train-01868,video/train/D/train-01868.mp4,OTHER,D,train,train,OTHER
train-01869,video/train/D/train-01869.mp4,OTHER,D,train,train,OTHER
train-01870,video/train/D/train-01870.mp4,OTHER,D,train,train,OTHER
train-01871,video/train/D/train-01871.mp4,OTHER,D,train,train,OTHER
train-01872,video/train/D/train-01872.mp4,OTHER,D,train,train,OTHER
train-01873,video/train/D/train-01873.mp4,OTHER,D,train,train,OTHER
train-01874,video/train/D/train-01874.mp4,CONFIRMATION,D,train,train,CONFIRMATION
train-01875,video/train/D/train-01875.mp4,OTHER,D,train,train,OTHER
train-01876,video/train/D/train-01876.mp4,OTHER,D,train,train,OTHER
train-01877,video/train/D/train-01877.mp4,OTHER,D,train,train,OTHER
train-01878,video/train/D/train-01878.mp4,EMOTION,D,train,train,EMOTION
train-01879,video/train/D/train-01879.mp4,CONFIRMATION,D,train,train,CONFIRMATION
train-01880,video/train/D/train-01880.mp4,OTHER,D,train,train,OTHER
train-01881,video/train/D/train-01881.mp4,TIME_QUERY,D,train,train,TIME_QUERY
train-01882,video/train/D/train-01882.mp4,CONFIRMATION,D,train,train,CONFIRMATION
train-01883,video/train/D/train-01883.mp4,OTHER,D,train,train,OTHER
train-01884,video/train/D/train-01884.mp4,TIME_QUERY,D,train,train,TIME_QUERY
train-01885,video/train/D/train-01885.mp4,NEGATION,D,train,train,NEGATION
train-01886,video/train/D/train-01886.mp4,OTHER,D,train,train,OTHER
train-01887,video/train/D/train-01887.mp4,QUESTION,D,train,train,QUESTION
train-01888,video/train/D/train-01888.mp4,CONFIRMATION,D,train,train,CONFIRMATION
train-01889,video/train/D/train-01889.mp4,OTHER,D,train,train,OTHER
train-01890,video/train/D/train-01890.mp4,TIME_QUERY,D,train,train,TIME_QUERY
train-01891,video/train/D/train-01891.mp4,PURCHASE,D,train,train,PURCHASE
train-01892,video/train/D/train-01892.mp4,OTHER,D,train,train,OTHER
train-01893,video/train/D/train-01893.mp4,OTHER,D,train,train,OTHER
train-01894,video/train/D/train-01894.mp4,TIME_QUERY,D,train,train,TIME_QUERY
train-01895,video/train/D/train-01895.mp4,PURCHASE,D,train,train,PURCHASE
train-01896,video/train/D/train-01896.mp4,OTHER,D,train,train,OTHER
train-01897,video/train/D/train-01897.mp4,OTHER,D,train,train,OTHER
train-01898,video/train/D/train-01898.mp4,OTHER,D,train,train,OTHER
train-01899,video/train/D/train-01899.mp4,OTHER,D,train,train,OTHER
train-01900,video/train/D/train-01900.mp4,NEGATION,D,train,train,NEGATION
train-01901,video/train/D/train-01901.mp4,TIME_QUERY,D,train,train,TIME_QUERY
train-01902,video/train/D/train-01902.mp4,HELP_REQUEST,D,train,train,HELP_REQUEST
train-01903,video/train/D/train-01903.mp4,OTHER,D,train,train,OTHER
train-01904,video/train/D/train-01904.mp4,OTHER,D,train,train,OTHER
train-01905,video/train/D/train-01905.mp4,CONFIRMATION,D,train,train,CONFIRMATION
train-01906,video/train/D/train-01906.mp4,CONFIRMATION,D,train,train,CONFIRMATION
train-01907,video/train/D/train-01907.mp4,CONFIRMATION,D,train,train,CONFIRMATION
train-01908,video/train/D/train-01908.mp4,CONFIRMATION,D,train,train,CONFIRMATION
train-01909,video/train/D/train-01909.mp4,PURCHASE,D,train,train,PURCHASE
train-01910,video/train/D/train-01910.mp4,CONFIRMATION,D,train,train,CONFIRMATION
train-01911,video/train/D/train-01911.mp4,TIME_QUERY,D,train,train,TIME_QUERY
train-01912,video/train/D/train-01912.mp4,CONFIRMATION,D,train,train,CONFIRMATION
train-01913,video/train/D/train-01913.mp4,CONFIRMATION,D,train,train,CONFIRMATION
train-01914,video/train/D/train-01914.mp4,HEALTH,D,train,train,HEALTH
train-01915,video/train/D/train-01915.mp4,CONFIRMATION,D,train,train,CONFIRMATION
train-01916,video/train/D/train-01916.mp4,PURCHASE,D,train,train,PURCHASE
train-01917,video/train/D/train-01917.mp4,CONFIRMATION,D,train,train,CONFIRMATION
train-01918,video/train/D/train-01918.mp4,CONFIRMATION,D,train,train,CONFIRMATION
train-01919,video/train/D/train-01919.mp4,OTHER,D,train,train,OTHER
train-01920,video/train/D/train-01920.mp4,EMOTION,D,train,train,EMOTION
train-01921,video/train/D/train-01921.mp4,OTHER,D,train,train,OTHER
train-01922,video/train/D/train-01922.mp4,ACTION_REQUEST,D,train,train,ACTION_REQUEST
train-01923,video/train/D/train-01923.mp4,OTHER,D,train,train,OTHER
train-01924,video/train/D/train-01924.mp4,NEGATION,D,train,train,NEGATION
train-01925,video/train/D/train-01925.mp4,OTHER,D,train,train,OTHER
train-01926,video/train/D/train-01926.mp4,ACTION_REQUEST,D,train,train,ACTION_REQUEST
train-01927,video/train/D/train-01927.mp4,CONFIRMATION,D,train,train,CONFIRMATION
train-01928,video/train/D/train-01928.mp4,OTHER,D,train,train,OTHER
train-01929,video/train/D/train-01929.mp4,CONFIRMATION,D,train,train,CONFIRMATION
train-01930,video/train/D/train-01930.mp4,OTHER,D,train,train,OTHER
train-01931,video/train/D/train-01931.mp4,CONFIRMATION,D,train,train,CONFIRMATION
train-01932,video/train/D/train-01932.mp4,ACTION_REQUEST,D,train,train,ACTION_REQUEST
train-01933,video/train/D/train-01933.mp4,OTHER,D,train,train,OTHER
train-01934,video/train/D/train-01934.mp4,ACTION_REQUEST,D,train,train,ACTION_REQUEST
train-01935,video/train/D/train-01935.mp4,OTHER,D,train,train,OTHER
train-01936,video/train/D/train-01936.mp4,OTHER,D,train,train,OTHER
train-01937,video/train/D/train-01937.mp4,OTHER,D,train,train,OTHER
train-01938,video/train/D/train-01938.mp4,TIME_QUERY,D,train,train,TIME_QUERY
train-01939,video/train/D/train-01939.mp4,OTHER,D,train,train,OTHER
train-01940,video/train/D/train-01940.mp4,CONFIRMATION,D,train,train,CONFIRMATION
train-01941,video/train/D/train-01941.mp4,CONFIRMATION,D,train,train,CONFIRMATION
train-01942,video/train/D/train-01942.mp4,OTHER,D,train,train,OTHER
train-01943,video/train/D/train-01943.mp4,CONFIRMATION,D,train,train,CONFIRMATION
train-01944,video/train/D/train-01944.mp4,OTHER,D,train,train,OTHER
train-01945,video/train/D/train-01945.mp4,OTHER,D,train,train,OTHER
train-01946,video/train/D/train-01946.mp4,EMOTION,D,train,train,EMOTION
train-01947,video/train/D/train-01947.mp4,OTHER,D,train,train,OTHER
train-01948,video/train/D/train-01948.mp4,OTHER,D,train,train,OTHER
train-01949,video/train/D/train-01949.mp4,OTHER,D,train,train,OTHER
train-01950,video/train/D/train-01950.mp4,OTHER,D,train,train,OTHER
train-01951,video/train/D/train-01951.mp4,QUESTION,D,train,train,QUESTION
train-01952,video/train/D/train-01952.mp4,CONFIRMATION,D,train,train,CONFIRMATION
train-01953,video/train/D/train-01953.mp4,OTHER,D,train,train,OTHER
train-01954,video/train/D/train-01954.mp4,OTHER,D,train,train,OTHER
train-01955,video/train/D/train-01955.mp4,OTHER,D,train,train,OTHER
train-01956,video/train/D/train-01956.mp4,CONFIRMATION,D,train,train,CONFIRMATION
train-01957,video/train/D/train-01957.mp4,CONFIRMATION,D,train,train,CONFIRMATION
train-01958,video/train/D/train-01958.mp4,CONFIRMATION,D,train,train,CONFIRMATION
train-01959,video/train/D/train-01959.mp4,HELP_REQUEST,D,train,train,HELP_REQUEST
train-01960,video/train/D/train-01960.mp4,OTHER,D,train,train,OTHER
train-01961,video/train/D/train-01961.mp4,ACTION_REQUEST,D,train,train,ACTION_REQUEST
train-01962,video/train/D/train-01962.mp4,OTHER,D,train,train,OTHER
train-01963,video/train/D/train-01963.mp4,CONFIRMATION,D,train,train,CONFIRMATION
train-01964,video/train/D/train-01964.mp4,NEGATION,D,train,train,NEGATION
train-01965,video/train/D/train-01965.mp4,OTHER,D,train,train,OTHER
train-01966,video/train/D/train-01966.mp4,EMOTION,D,train,train,EMOTION
train-01967,video/train/D/train-01967.mp4,LIKE_PREFERENCE,D,train,train,LIKE_PREFERENCE
train-01968,video/train/D/train-01968.mp4,OTHER,D,train,train,OTHER
train-01969,video/train/D/train-01969.mp4,CONFIRMATION,D,train,train,CONFIRMATION
train-01970,video/train/D/train-01970.mp4,QUESTION,D,train,train,QUESTION
train-01971,video/train/D/train-01971.mp4,OTHER,D,train,train,OTHER
train-01972,video/train/D/train-01972.mp4,OTHER,D,train,train,OTHER
train-01973,video/train/D/train-01973.mp4,OTHER,D,train,train,OTHER
train-01974,video/train/D/train-01974.mp4,NEGATION,D,train,train,NEGATION
train-01975,video/train/D/train-01975.mp4,CONFIRMATION,D,train,train,CONFIRMATION
train-01976,video/train/D/train-01976.mp4,OTHER,D,train,train,OTHER
train-01977,video/train/D/train-01977.mp4,LIKE_PREFERENCE,D,train,train,LIKE_PREFERENCE
train-01978,video/train/D/train-01978.mp4,LIKE_PREFERENCE,D,train,train,LIKE_PREFERENCE
train-01979,video/train/D/train-01979.mp4,OTHER,D,train,train,OTHER
train-01980,video/train/D/train-01980.mp4,PURCHASE,D,train,train,PURCHASE
train-01981,video/train/D/train-01981.mp4,QUESTION,D,train,train,QUESTION
train-01982,video/train/D/train-01982.mp4,TIME_QUERY,D,train,train,TIME_QUERY
train-01983,video/train/D/train-01983.mp4,TIME_QUERY,D,train,train,TIME_QUERY
train-01984,video/train/D/train-01984.mp4,OTHER,D,train,train,OTHER
train-01985,video/train/D/train-01985.mp4,TIME_QUERY,D,train,train,TIME_QUERY
train-01986,video/train/D/train-01986.mp4,OTHER,D,train,train,OTHER
train-01987,video/train/D/train-01987.mp4,OTHER,D,train,train,OTHER
train-01988,video/train/D/train-01988.mp4,HELP_REQUEST,D,train,train,HELP_REQUEST
train-01989,video/train/D/train-01989.mp4,ACTION_REQUEST,D,train,train,ACTION_REQUEST
train-01990,video/train/D/train-01990.mp4,TIME_QUERY,D,train,train,TIME_QUERY
train-01991,video/train/D/train-01991.mp4,CONFIRMATION,D,train,train,CONFIRMATION
train-01992,video/train/E/train-01992.mp4,OTHER,E,train,train,OTHER
train-01993,video/train/E/train-01993.mp4,OTHER,E,train,train,OTHER
train-01994,video/train/E/train-01994.mp4,OTHER,E,train,train,OTHER
train-01995,video/train/E/train-01995.mp4,TIME_QUERY,E,train,train,TIME_QUERY
train-01996,video/train/E/train-01996.mp4,HELP_REQUEST,E,train,train,HELP_REQUEST
train-01997,video/train/E/train-01997.mp4,HELP_REQUEST,E,train,train,HELP_REQUEST
train-01998,video/train/E/train-01998.mp4,HELP_REQUEST,E,train,train,HELP_REQUEST
train-01999,video/train/E/train-01999.mp4,HELP_REQUEST,E,train,train,HELP_REQUEST
train-02000,video/train/E/train-02000.mp4,HELP_REQUEST,E,train,train,HELP_REQUEST
train-02001,video/train/E/train-02001.mp4,QUESTION,E,train,train,QUESTION
train-02002,video/train/E/train-02002.mp4,QUESTION,E,train,train,QUESTION
train-02003,video/train/E/train-02003.mp4,QUESTION,E,train,train,QUESTION
train-02004,video/train/E/train-02004.mp4,OTHER,E,train,train,OTHER
train-02005,video/train/E/train-02005.mp4,OTHER,E,train,train,OTHER
train-02006,video/train/E/train-02006.mp4,OTHER,E,train,train,OTHER
train-02007,video/train/E/train-02007.mp4,OTHER,E,train,train,OTHER
train-02008,video/train/E/train-02008.mp4,QUESTION,E,train,train,QUESTION
train-02009,video/train/E/train-02009.mp4,OTHER,E,train,train,OTHER
train-02010,video/train/E/train-02010.mp4,HELP_REQUEST,E,train,train,HELP_REQUEST
train-02011,video/train/E/train-02011.mp4,OTHER,E,train,train,OTHER
train-02012,video/train/E/train-02012.mp4,OTHER,E,train,train,OTHER
train-02013,video/train/E/train-02013.mp4,OTHER,E,train,train,OTHER
train-02014,video/train/E/train-02014.mp4,OTHER,E,train,train,OTHER
train-02015,video/train/E/train-02015.mp4,OTHER,E,train,train,OTHER
train-02016,video/train/E/train-02016.mp4,OTHER,E,train,train,OTHER
train-02017,video/train/E/train-02017.mp4,OTHER,E,train,train,OTHER
train-02018,video/train/E/train-02018.mp4,OTHER,E,train,train,OTHER
train-02019,video/train/E/train-02019.mp4,OTHER,E,train,train,OTHER
train-02020,video/train/E/train-02020.mp4,OTHER,E,train,train,OTHER
train-02021,video/train/E/train-02021.mp4,OTHER,E,train,train,OTHER
train-02022,video/train/E/train-02022.mp4,ACTION_REQUEST,E,train,train,ACTION_REQUEST
train-02023,video/train/E/train-02023.mp4,OTHER,E,train,train,OTHER
train-02024,video/train/E/train-02024.mp4,OTHER,E,train,train,OTHER
train-02025,video/train/E/train-02025.mp4,CONFIRMATION,E,train,train,CONFIRMATION
train-02026,video/train/E/train-02026.mp4,CONFIRMATION,E,train,train,CONFIRMATION
train-02027,video/train/E/train-02027.mp4,OTHER,E,train,train,OTHER
train-02028,video/train/E/train-02028.mp4,OTHER,E,train,train,OTHER
train-02029,video/train/E/train-02029.mp4,ACTION_REQUEST,E,train,train,ACTION_REQUEST
train-02030,video/train/E/train-02030.mp4,NEGATION,E,train,train,NEGATION
train-02031,video/train/E/train-02031.mp4,OTHER,E,train,train,OTHER
train-02032,video/train/E/train-02032.mp4,ACTION_REQUEST,E,train,train,ACTION_REQUEST
train-02033,video/train/E/train-02033.mp4,OTHER,E,train,train,OTHER
train-02034,video/train/E/train-02034.mp4,OTHER,E,train,train,OTHER
train-02035,video/train/E/train-02035.mp4,ACTION_REQUEST,E,train,train,ACTION_REQUEST
train-02036,video/train/E/train-02036.mp4,OTHER,E,train,train,OTHER
train-02037,video/train/E/train-02037.mp4,OTHER,E,train,train,OTHER
train-02038,video/train/E/train-02038.mp4,OTHER,E,train,train,OTHER
train-02039,video/train/E/train-02039.mp4,OTHER,E,train,train,OTHER
train-02040,video/train/E/train-02040.mp4,OTHER,E,train,train,OTHER
train-02041,video/train/E/train-02041.mp4,ACTION_REQUEST,E,train,train,ACTION_REQUEST
train-02042,video/train/E/train-02042.mp4,OTHER,E,train,train,OTHER
train-02043,video/train/E/train-02043.mp4,OTHER,E,train,train,OTHER
train-02044,video/train/E/train-02044.mp4,OTHER,E,train,train,OTHER
train-02045,video/train/E/train-02045.mp4,OTHER,E,train,train,OTHER
train-02046,video/train/E/train-02046.mp4,OTHER,E,train,train,OTHER
train-02047,video/train/E/train-02047.mp4,EMOTION,E,train,train,EMOTION
train-02048,video/train/E/train-02048.mp4,EMOTION,E,train,train,EMOTION
train-02049,video/train/E/train-02049.mp4,EMOTION,E,train,train,EMOTION
train-02050,video/train/E/train-02050.mp4,HELP_REQUEST,E,train,train,HELP_REQUEST
train-02051,video/train/E/train-02051.mp4,EMOTION,E,train,train,EMOTION
train-02052,video/train/E/train-02052.mp4,EMOTION,E,train,train,EMOTION
train-02053,video/train/E/train-02053.mp4,LIKE_PREFERENCE,E,train,train,LIKE_PREFERENCE
train-02054,video/train/E/train-02054.mp4,OTHER,E,train,train,OTHER
train-02055,video/train/E/train-02055.mp4,OTHER,E,train,train,OTHER
train-02056,video/train/E/train-02056.mp4,OTHER,E,train,train,OTHER
train-02057,video/train/E/train-02057.mp4,QUESTION,E,train,train,QUESTION
train-02058,video/train/E/train-02058.mp4,TIME_QUERY,E,train,train,TIME_QUERY
train-02059,video/train/E/train-02059.mp4,OTHER,E,train,train,OTHER
train-02060,video/train/E/train-02060.mp4,OTHER,E,train,train,OTHER
train-02061,video/train/E/train-02061.mp4,OTHER,E,train,train,OTHER
train-02062,video/train/E/train-02062.mp4,ACTION_REQUEST,E,train,train,ACTION_REQUEST
train-02063,video/train/E/train-02063.mp4,OTHER,E,train,train,OTHER
train-02064,video/train/E/train-02064.mp4,OTHER,E,train,train,OTHER
train-02065,video/train/E/train-02065.mp4,OTHER,E,train,train,OTHER
train-02066,video/train/E/train-02066.mp4,OTHER,E,train,train,OTHER
train-02067,video/train/E/train-02067.mp4,HEALTH,E,train,train,HEALTH
train-02068,video/train/E/train-02068.mp4,ACTION_REQUEST,E,train,train,ACTION_REQUEST
train-02069,video/train/E/train-02069.mp4,QUESTION,E,train,train,QUESTION
train-02070,video/train/E/train-02070.mp4,QUESTION,E,train,train,QUESTION
train-02071,video/train/E/train-02071.mp4,QUESTION,E,train,train,QUESTION
train-02072,video/train/E/train-02072.mp4,QUESTION,E,train,train,QUESTION
train-02073,video/train/E/train-02073.mp4,QUESTION,E,train,train,QUESTION
train-02074,video/train/E/train-02074.mp4,QUESTION,E,train,train,QUESTION
train-02075,video/train/E/train-02075.mp4,QUESTION,E,train,train,QUESTION
train-02076,video/train/E/train-02076.mp4,QUESTION,E,train,train,QUESTION
train-02077,video/train/E/train-02077.mp4,OTHER,E,train,train,OTHER
train-02078,video/train/E/train-02078.mp4,QUESTION,E,train,train,QUESTION
train-02079,video/train/E/train-02079.mp4,QUESTION,E,train,train,QUESTION
train-02080,video/train/E/train-02080.mp4,QUESTION,E,train,train,QUESTION
train-02081,video/train/E/train-02081.mp4,QUESTION,E,train,train,QUESTION
train-02082,video/train/E/train-02082.mp4,QUESTION,E,train,train,QUESTION
train-02083,video/train/E/train-02083.mp4,QUESTION,E,train,train,QUESTION
train-02084,video/train/E/train-02084.mp4,QUESTION,E,train,train,QUESTION
train-02085,video/train/E/train-02085.mp4,QUESTION,E,train,train,QUESTION
train-02086,video/train/E/train-02086.mp4,QUESTION,E,train,train,QUESTION
train-02087,video/train/E/train-02087.mp4,QUESTION,E,train,train,QUESTION
train-02088,video/train/E/train-02088.mp4,QUESTION,E,train,train,QUESTION
train-02089,video/train/E/train-02089.mp4,GREETING,E,train,train,GREETING
train-02090,video/train/E/train-02090.mp4,QUESTION,E,train,train,QUESTION
train-02091,video/train/E/train-02091.mp4,OTHER,E,train,train,OTHER
train-02092,video/train/E/train-02092.mp4,CONFIRMATION,E,train,train,CONFIRMATION
train-02093,video/train/E/train-02093.mp4,OTHER,E,train,train,OTHER
train-02094,video/train/E/train-02094.mp4,OTHER,E,train,train,OTHER
train-02095,video/train/E/train-02095.mp4,TIME_QUERY,E,train,train,TIME_QUERY
train-02096,video/train/E/train-02096.mp4,OTHER,E,train,train,OTHER
train-02097,video/train/E/train-02097.mp4,OTHER,E,train,train,OTHER
train-02098,video/train/E/train-02098.mp4,OTHER,E,train,train,OTHER
train-02099,video/train/E/train-02099.mp4,OTHER,E,train,train,OTHER
train-02100,video/train/E/train-02100.mp4,NEGATION,E,train,train,NEGATION
train-02101,video/train/E/train-02101.mp4,CONFIRMATION,E,train,train,CONFIRMATION
train-02102,video/train/E/train-02102.mp4,OTHER,E,train,train,OTHER
train-02103,video/train/E/train-02103.mp4,QUESTION,E,train,train,QUESTION
train-02104,video/train/E/train-02104.mp4,ACTION_REQUEST,E,train,train,ACTION_REQUEST
train-02105,video/train/E/train-02105.mp4,OTHER,E,train,train,OTHER
train-02106,video/train/E/train-02106.mp4,QUESTION,E,train,train,QUESTION
train-02107,video/train/E/train-02107.mp4,OTHER,E,train,train,OTHER
train-02108,video/train/E/train-02108.mp4,CONFIRMATION,E,train,train,CONFIRMATION
train-02109,video/train/E/train-02109.mp4,CONFIRMATION,E,train,train,CONFIRMATION
train-02110,video/train/E/train-02110.mp4,ACTION_REQUEST,E,train,train,ACTION_REQUEST
train-02111,video/train/E/train-02111.mp4,QUESTION,E,train,train,QUESTION
train-02112,video/train/E/train-02112.mp4,QUESTION,E,train,train,QUESTION
train-02113,video/train/E/train-02113.mp4,QUESTION,E,train,train,QUESTION
train-02114,video/train/E/train-02114.mp4,OTHER,E,train,train,OTHER
train-02115,video/train/E/train-02115.mp4,QUESTION,E,train,train,QUESTION
train-02116,video/train/E/train-02116.mp4,ACTION_REQUEST,E,train,train,ACTION_REQUEST
train-02117,video/train/E/train-02117.mp4,OTHER,E,train,train,OTHER
train-02118,video/train/E/train-02118.mp4,QUESTION,E,train,train,QUESTION
train-02119,video/train/E/train-02119.mp4,CONFIRMATION,E,train,train,CONFIRMATION
train-02120,video/train/E/train-02120.mp4,QUESTION,E,train,train,QUESTION
train-02121,video/train/E/train-02121.mp4,CONFIRMATION,E,train,train,CONFIRMATION
train-02122,video/train/E/train-02122.mp4,OTHER,E,train,train,OTHER
train-02123,video/train/E/train-02123.mp4,NEGATION,E,train,train,NEGATION
train-02124,video/train/E/train-02124.mp4,ACTION_REQUEST,E,train,train,ACTION_REQUEST
train-02125,video/train/E/train-02125.mp4,QUESTION,E,train,train,QUESTION
train-02126,video/train/E/train-02126.mp4,QUESTION,E,train,train,QUESTION
train-02127,video/train/E/train-02127.mp4,OTHER,E,train,train,OTHER
train-02128,video/train/E/train-02128.mp4,ACTION_REQUEST,E,train,train,ACTION_REQUEST
train-02129,video/train/E/train-02129.mp4,QUESTION,E,train,train,QUESTION
train-02130,video/train/E/train-02130.mp4,QUESTION,E,train,train,QUESTION
train-02131,video/train/E/train-02131.mp4,QUESTION,E,train,train,QUESTION
train-02132,video/train/E/train-02132.mp4,QUESTION,E,train,train,QUESTION
train-02133,video/train/E/train-02133.mp4,QUESTION,E,train,train,QUESTION
train-02134,video/train/E/train-02134.mp4,QUESTION,E,train,train,QUESTION
train-02135,video/train/E/train-02135.mp4,ACTION_REQUEST,E,train,train,ACTION_REQUEST
train-02136,video/train/E/train-02136.mp4,TIME_QUERY,E,train,train,TIME_QUERY
train-02137,video/train/E/train-02137.mp4,QUESTION,E,train,train,QUESTION
train-02138,video/train/E/train-02138.mp4,LIKE_PREFERENCE,E,train,train,LIKE_PREFERENCE
train-02139,video/train/E/train-02139.mp4,QUESTION,E,train,train,QUESTION
train-02140,video/train/E/train-02140.mp4,OTHER,E,train,train,OTHER
train-02141,video/train/E/train-02141.mp4,ACTION_REQUEST,E,train,train,ACTION_REQUEST
train-02142,video/train/E/train-02142.mp4,QUESTION,E,train,train,QUESTION
train-02143,video/train/E/train-02143.mp4,OTHER,E,train,train,OTHER
train-02144,video/train/E/train-02144.mp4,QUESTION,E,train,train,QUESTION
train-02145,video/train/E/train-02145.mp4,NEGATION,E,train,train,NEGATION
train-02146,video/train/E/train-02146.mp4,OTHER,E,train,train,OTHER
train-02147,video/train/E/train-02147.mp4,TIME_QUERY,E,train,train,TIME_QUERY
train-02148,video/train/E/train-02148.mp4,OTHER,E,train,train,OTHER
train-02149,video/train/E/train-02149.mp4,CONFIRMATION,E,train,train,CONFIRMATION
train-02150,video/train/E/train-02150.mp4,CONFIRMATION,E,train,train,CONFIRMATION
train-02151,video/train/E/train-02151.mp4,OTHER,E,train,train,OTHER
train-02152,video/train/E/train-02152.mp4,OTHER,E,train,train,OTHER
train-02153,video/train/E/train-02153.mp4,CONFIRMATION,E,train,train,CONFIRMATION
train-02154,video/train/E/train-02154.mp4,OTHER,E,train,train,OTHER
train-02155,video/train/E/train-02155.mp4,QUESTION,E,train,train,QUESTION
train-02156,video/train/E/train-02156.mp4,OTHER,E,train,train,OTHER
train-02157,video/train/E/train-02157.mp4,OTHER,E,train,train,OTHER
train-02158,video/train/E/train-02158.mp4,OTHER,E,train,train,OTHER
train-02159,video/train/E/train-02159.mp4,QUESTION,E,train,train,QUESTION
train-02160,video/train/E/train-02160.mp4,HELP_REQUEST,E,train,train,HELP_REQUEST
train-02161,video/train/E/train-02161.mp4,HELP_REQUEST,E,train,train,HELP_REQUEST
train-02162,video/train/E/train-02162.mp4,CONFIRMATION,E,train,train,CONFIRMATION
train-02163,video/train/E/train-02163.mp4,CONFIRMATION,E,train,train,CONFIRMATION
train-02164,video/train/E/train-02164.mp4,OTHER,E,train,train,OTHER
train-02165,video/train/E/train-02165.mp4,QUESTION,E,train,train,QUESTION
train-02166,video/train/E/train-02166.mp4,QUESTION,E,train,train,QUESTION
train-02167,video/train/E/train-02167.mp4,QUESTION,E,train,train,QUESTION
train-02168,video/train/E/train-02168.mp4,OTHER,E,train,train,OTHER
train-02169,video/train/E/train-02169.mp4,OTHER,E,train,train,OTHER
train-02170,video/train/E/train-02170.mp4,PURCHASE,E,train,train,PURCHASE
train-02171,video/train/E/train-02171.mp4,OTHER,E,train,train,OTHER
train-02172,video/train/E/train-02172.mp4,OTHER,E,train,train,OTHER
train-02173,video/train/E/train-02173.mp4,OTHER,E,train,train,OTHER
train-02174,video/train/E/train-02174.mp4,CONFIRMATION,E,train,train,CONFIRMATION
train-02175,video/train/E/train-02175.mp4,CONFIRMATION,E,train,train,CONFIRMATION
train-02176,video/train/E/train-02176.mp4,EMOTION,E,train,train,EMOTION
train-02177,video/train/E/train-02177.mp4,OTHER,E,train,train,OTHER
train-02178,video/train/E/train-02178.mp4,OTHER,E,train,train,OTHER
train-02179,video/train/E/train-02179.mp4,QUESTION,E,train,train,QUESTION
train-02180,video/train/E/train-02180.mp4,OTHER,E,train,train,OTHER
train-02181,video/train/E/train-02181.mp4,QUESTION,E,train,train,QUESTION
train-02182,video/train/E/train-02182.mp4,QUESTION,E,train,train,QUESTION
train-02183,video/train/E/train-02183.mp4,OTHER,E,train,train,OTHER
train-02184,video/train/E/train-02184.mp4,ACTION_REQUEST,E,train,train,ACTION_REQUEST
train-02185,video/train/E/train-02185.mp4,OTHER,E,train,train,OTHER
train-02186,video/train/E/train-02186.mp4,OTHER,E,train,train,OTHER
train-02187,video/train/E/train-02187.mp4,OTHER,E,train,train,OTHER
train-02188,video/train/E/train-02188.mp4,QUESTION,E,train,train,QUESTION
train-02189,video/train/E/train-02189.mp4,OTHER,E,train,train,OTHER
train-02190,video/train/E/train-02190.mp4,ACTION_REQUEST,E,train,train,ACTION_REQUEST
train-02191,video/train/E/train-02191.mp4,OTHER,E,train,train,OTHER
train-02192,video/train/E/train-02192.mp4,QUESTION,E,train,train,QUESTION
train-02193,video/train/E/train-02193.mp4,ACTION_REQUEST,E,train,train,ACTION_REQUEST
train-02194,video/train/E/train-02194.mp4,OTHER,E,train,train,OTHER
train-02195,video/train/E/train-02195.mp4,OTHER,E,train,train,OTHER
train-02196,video/train/E/train-02196.mp4,QUESTION,E,train,train,QUESTION
train-02197,video/train/E/train-02197.mp4,CONFIRMATION,E,train,train,CONFIRMATION
train-02198,video/train/E/train-02198.mp4,ACTION_REQUEST,E,train,train,ACTION_REQUEST
train-02199,video/train/E/train-02199.mp4,EMOTION,E,train,train,EMOTION
train-02200,video/train/E/train-02200.mp4,OTHER,E,train,train,OTHER
train-02201,video/train/E/train-02201.mp4,CONFIRMATION,E,train,train,CONFIRMATION
train-02202,video/train/E/train-02202.mp4,ACTION_REQUEST,E,train,train,ACTION_REQUEST
train-02203,video/train/E/train-02203.mp4,TIME_QUERY,E,train,train,TIME_QUERY
train-02204,video/train/E/train-02204.mp4,ACTION_REQUEST,E,train,train,ACTION_REQUEST
train-02205,video/train/E/train-02205.mp4,OTHER,E,train,train,OTHER
train-02206,video/train/E/train-02206.mp4,OTHER,E,train,train,OTHER
train-02207,video/train/E/train-02207.mp4,EMOTION,E,train,train,EMOTION
train-02208,video/train/E/train-02208.mp4,ACTION_REQUEST,E,train,train,ACTION_REQUEST
train-02209,video/train/E/train-02209.mp4,OTHER,E,train,train,OTHER
train-02210,video/train/E/train-02210.mp4,OTHER,E,train,train,OTHER
train-02211,video/train/E/train-02211.mp4,OTHER,E,train,train,OTHER
train-02212,video/train/E/train-02212.mp4,OTHER,E,train,train,OTHER
train-02213,video/train/E/train-02213.mp4,OTHER,E,train,train,OTHER
train-02214,video/train/E/train-02214.mp4,ACTION_REQUEST,E,train,train,ACTION_REQUEST
train-02215,video/train/E/train-02215.mp4,NEGATION,E,train,train,NEGATION
train-02216,video/train/E/train-02216.mp4,OTHER,E,train,train,OTHER
train-02217,video/train/E/train-02217.mp4,CONFIRMATION,E,train,train,CONFIRMATION
train-02218,video/train/E/train-02218.mp4,ACTION_REQUEST,E,train,train,ACTION_REQUEST
train-02219,video/train/E/train-02219.mp4,EMOTION,E,train,train,EMOTION
train-02220,video/train/E/train-02220.mp4,OTHER,E,train,train,OTHER
train-02221,video/train/E/train-02221.mp4,PURCHASE,E,train,train,PURCHASE
train-02222,video/train/E/train-02222.mp4,OTHER,E,train,train,OTHER
train-02223,video/train/E/train-02223.mp4,OTHER,E,train,train,OTHER
train-02224,video/train/E/train-02224.mp4,ACTION_REQUEST,E,train,train,ACTION_REQUEST
train-02225,video/train/E/train-02225.mp4,NEGATION,E,train,train,NEGATION
train-02226,video/train/E/train-02226.mp4,NEGATION,E,train,train,NEGATION
train-02227,video/train/E/train-02227.mp4,OTHER,E,train,train,OTHER
train-02228,video/train/E/train-02228.mp4,OTHER,E,train,train,OTHER
train-02229,video/train/E/train-02229.mp4,OTHER,E,train,train,OTHER
train-02230,video/train/E/train-02230.mp4,OTHER,E,train,train,OTHER
train-02231,video/train/E/train-02231.mp4,LIKE_PREFERENCE,E,train,train,LIKE_PREFERENCE
train-02232,video/train/E/train-02232.mp4,OTHER,E,train,train,OTHER
train-02233,video/train/E/train-02233.mp4,OTHER,E,train,train,OTHER
train-02234,video/train/E/train-02234.mp4,OTHER,E,train,train,OTHER
train-02235,video/train/E/train-02235.mp4,NEGATION,E,train,train,NEGATION
train-02236,video/train/E/train-02236.mp4,CONFIRMATION,E,train,train,CONFIRMATION
train-02237,video/train/E/train-02237.mp4,LIKE_PREFERENCE,E,train,train,LIKE_PREFERENCE
train-02238,video/train/E/train-02238.mp4,LIKE_PREFERENCE,E,train,train,LIKE_PREFERENCE
train-02239,video/train/E/train-02239.mp4,LIKE_PREFERENCE,E,train,train,LIKE_PREFERENCE
train-02240,video/train/E/train-02240.mp4,LIKE_PREFERENCE,E,train,train,LIKE_PREFERENCE
train-02241,video/train/E/train-02241.mp4,LIKE_PREFERENCE,E,train,train,LIKE_PREFERENCE
train-02242,video/train/E/train-02242.mp4,PURCHASE,E,train,train,PURCHASE
train-02243,video/train/E/train-02243.mp4,LIKE_PREFERENCE,E,train,train,LIKE_PREFERENCE
train-02244,video/train/E/train-02244.mp4,LIKE_PREFERENCE,E,train,train,LIKE_PREFERENCE
train-02245,video/train/E/train-02245.mp4,ACTION_REQUEST,E,train,train,ACTION_REQUEST
train-02246,video/train/E/train-02246.mp4,OTHER,E,train,train,OTHER
train-02247,video/train/E/train-02247.mp4,OTHER,E,train,train,OTHER
train-02248,video/train/E/train-02248.mp4,ACTION_REQUEST,E,train,train,ACTION_REQUEST
train-02249,video/train/E/train-02249.mp4,ACTION_REQUEST,E,train,train,ACTION_REQUEST
train-02250,video/train/E/train-02250.mp4,EMOTION,E,train,train,EMOTION
train-02251,video/train/E/train-02251.mp4,OTHER,E,train,train,OTHER
train-02252,video/train/E/train-02252.mp4,OTHER,E,train,train,OTHER
train-02253,video/train/E/train-02253.mp4,OTHER,E,train,train,OTHER
train-02254,video/train/E/train-02254.mp4,OTHER,E,train,train,OTHER
train-02255,video/train/E/train-02255.mp4,OTHER,E,train,train,OTHER
train-02256,video/train/E/train-02256.mp4,OTHER,E,train,train,OTHER
train-02257,video/train/E/train-02257.mp4,OTHER,E,train,train,OTHER
train-02258,video/train/E/train-02258.mp4,QUESTION,E,train,train,QUESTION
train-02259,video/train/E/train-02259.mp4,OTHER,E,train,train,OTHER
train-02260,video/train/E/train-02260.mp4,NEGATION,E,train,train,NEGATION
train-02261,video/train/E/train-02261.mp4,QUESTION,E,train,train,QUESTION
train-02262,video/train/E/train-02262.mp4,OTHER,E,train,train,OTHER
train-02263,video/train/E/train-02263.mp4,QUESTION,E,train,train,QUESTION
train-02264,video/train/E/train-02264.mp4,OTHER,E,train,train,OTHER
train-02265,video/train/E/train-02265.mp4,CONFIRMATION,E,train,train,CONFIRMATION
train-02266,video/train/E/train-02266.mp4,OTHER,E,train,train,OTHER
train-02267,video/train/E/train-02267.mp4,CONFIRMATION,E,train,train,CONFIRMATION
train-02268,video/train/E/train-02268.mp4,QUESTION,E,train,train,QUESTION
train-02269,video/train/E/train-02269.mp4,OTHER,E,train,train,OTHER
train-02270,video/train/E/train-02270.mp4,NEGATION,E,train,train,NEGATION
train-02271,video/train/E/train-02271.mp4,NEGATION,E,train,train,NEGATION
train-02272,video/train/E/train-02272.mp4,NEGATION,E,train,train,NEGATION
train-02273,video/train/E/train-02273.mp4,NEGATION,E,train,train,NEGATION
train-02274,video/train/E/train-02274.mp4,NEGATION,E,train,train,NEGATION
train-02275,video/train/E/train-02275.mp4,NEGATION,E,train,train,NEGATION
train-02276,video/train/E/train-02276.mp4,OTHER,E,train,train,OTHER
train-02277,video/train/E/train-02277.mp4,NEGATION,E,train,train,NEGATION
train-02278,video/train/E/train-02278.mp4,CONFIRMATION,E,train,train,CONFIRMATION
train-02279,video/train/E/train-02279.mp4,OTHER,E,train,train,OTHER
train-02280,video/train/E/train-02280.mp4,OTHER,E,train,train,OTHER
train-02281,video/train/E/train-02281.mp4,OTHER,E,train,train,OTHER
train-02282,video/train/E/train-02282.mp4,OTHER,E,train,train,OTHER
train-02283,video/train/E/train-02283.mp4,OTHER,E,train,train,OTHER
train-02284,video/train/E/train-02284.mp4,OTHER,E,train,train,OTHER
train-02285,video/train/E/train-02285.mp4,OTHER,E,train,train,OTHER
train-02286,video/train/E/train-02286.mp4,ACTION_REQUEST,E,train,train,ACTION_REQUEST
train-02287,video/train/E/train-02287.mp4,EMOTION,E,train,train,EMOTION
train-02288,video/train/E/train-02288.mp4,OTHER,E,train,train,OTHER
train-02289,video/train/E/train-02289.mp4,NEGATION,E,train,train,NEGATION
train-02290,video/train/E/train-02290.mp4,QUESTION,E,train,train,QUESTION
train-02291,video/train/E/train-02291.mp4,OTHER,E,train,train,OTHER
train-02292,video/train/E/train-02292.mp4,OTHER,E,train,train,OTHER
train-02293,video/train/E/train-02293.mp4,CONFIRMATION,E,train,train,CONFIRMATION
train-02294,video/train/E/train-02294.mp4,OTHER,E,train,train,OTHER
train-02295,video/train/E/train-02295.mp4,OTHER,E,train,train,OTHER
train-02296,video/train/E/train-02296.mp4,OTHER,E,train,train,OTHER
train-02297,video/train/E/train-02297.mp4,OTHER,E,train,train,OTHER
train-02298,video/train/E/train-02298.mp4,OTHER,E,train,train,OTHER
train-02299,video/train/E/train-02299.mp4,ACTION_REQUEST,E,train,train,ACTION_REQUEST
train-02300,video/train/E/train-02300.mp4,PURCHASE,E,train,train,PURCHASE
train-02301,video/train/E/train-02301.mp4,PURCHASE,E,train,train,PURCHASE
train-02302,video/train/E/train-02302.mp4,PURCHASE,E,train,train,PURCHASE
train-02303,video/train/E/train-02303.mp4,PURCHASE,E,train,train,PURCHASE
train-02304,video/train/E/train-02304.mp4,PURCHASE,E,train,train,PURCHASE
train-02305,video/train/E/train-02305.mp4,OTHER,E,train,train,OTHER
train-02306,video/train/E/train-02306.mp4,NEGATION,E,train,train,NEGATION
train-02307,video/train/E/train-02307.mp4,QUESTION,E,train,train,QUESTION
train-02308,video/train/E/train-02308.mp4,QUESTION,E,train,train,QUESTION
train-02309,video/train/E/train-02309.mp4,TIME_QUERY,E,train,train,TIME_QUERY
train-02310,video/train/E/train-02310.mp4,TIME_QUERY,E,train,train,TIME_QUERY
train-02311,video/train/E/train-02311.mp4,TIME_QUERY,E,train,train,TIME_QUERY
train-02312,video/train/E/train-02312.mp4,TIME_QUERY,E,train,train,TIME_QUERY
train-02313,video/train/E/train-02313.mp4,TIME_QUERY,E,train,train,TIME_QUERY
train-02314,video/train/E/train-02314.mp4,OTHER,E,train,train,OTHER
train-02315,video/train/E/train-02315.mp4,OTHER,E,train,train,OTHER
train-02316,video/train/E/train-02316.mp4,NEGATION,E,train,train,NEGATION
train-02317,video/train/E/train-02317.mp4,OTHER,E,train,train,OTHER
train-02318,video/train/E/train-02318.mp4,OTHER,E,train,train,OTHER
train-02319,video/train/E/train-02319.mp4,ACTION_REQUEST,E,train,train,ACTION_REQUEST
train-02320,video/train/E/train-02320.mp4,OTHER,E,train,train,OTHER
train-02321,video/train/E/train-02321.mp4,OTHER,E,train,train,OTHER
train-02322,video/train/E/train-02322.mp4,PURCHASE,E,train,train,PURCHASE
train-02323,video/train/E/train-02323.mp4,OTHER,E,train,train,OTHER
train-02324,video/train/E/train-02324.mp4,EMOTION,E,train,train,EMOTION
train-02325,video/train/E/train-02325.mp4,OTHER,E,train,train,OTHER
train-02326,video/train/E/train-02326.mp4,PURCHASE,E,train,train,PURCHASE
train-02327,video/train/E/train-02327.mp4,ACTION_REQUEST,E,train,train,ACTION_REQUEST
train-02328,video/train/E/train-02328.mp4,OTHER,E,train,train,OTHER
train-02329,video/train/E/train-02329.mp4,ACTION_REQUEST,E,train,train,ACTION_REQUEST
train-02330,video/train/E/train-02330.mp4,OTHER,E,train,train,OTHER
train-02331,video/train/E/train-02331.mp4,OTHER,E,train,train,OTHER
train-02332,video/train/E/train-02332.mp4,ACTION_REQUEST,E,train,train,ACTION_REQUEST
train-02333,video/train/E/train-02333.mp4,OTHER,E,train,train,OTHER
train-02334,video/train/E/train-02334.mp4,OTHER,E,train,train,OTHER
train-02335,video/train/E/train-02335.mp4,OTHER,E,train,train,OTHER
train-02336,video/train/E/train-02336.mp4,OTHER,E,train,train,OTHER
train-02337,video/train/E/train-02337.mp4,OTHER,E,train,train,OTHER
train-02338,video/train/E/train-02338.mp4,CONFIRMATION,E,train,train,CONFIRMATION
train-02339,video/train/E/train-02339.mp4,LIKE_PREFERENCE,E,train,train,LIKE_PREFERENCE
train-02340,video/train/E/train-02340.mp4,OTHER,E,train,train,OTHER
train-02341,video/train/E/train-02341.mp4,OTHER,E,train,train,OTHER
train-02342,video/train/E/train-02342.mp4,OTHER,E,train,train,OTHER
train-02343,video/train/E/train-02343.mp4,OTHER,E,train,train,OTHER
train-02344,video/train/E/train-02344.mp4,QUESTION,E,train,train,QUESTION
train-02345,video/train/E/train-02345.mp4,TIME_QUERY,E,train,train,TIME_QUERY
train-02346,video/train/E/train-02346.mp4,QUESTION,E,train,train,QUESTION
train-02347,video/train/E/train-02347.mp4,TIME_QUERY,E,train,train,TIME_QUERY
train-02348,video/train/E/train-02348.mp4,TIME_QUERY,E,train,train,TIME_QUERY
train-02349,video/train/E/train-02349.mp4,OTHER,E,train,train,OTHER
train-02350,video/train/E/train-02350.mp4,EMOTION,E,train,train,EMOTION
train-02351,video/train/E/train-02351.mp4,OTHER,E,train,train,OTHER
train-02352,video/train/E/train-02352.mp4,OTHER,E,train,train,OTHER
train-02353,video/train/E/train-02353.mp4,OTHER,E,train,train,OTHER
train-02354,video/train/E/train-02354.mp4,OTHER,E,train,train,OTHER
train-02355,video/train/E/train-02355.mp4,OTHER,E,train,train,OTHER
train-02356,video/train/E/train-02356.mp4,QUESTION,E,train,train,QUESTION
train-02357,video/train/E/train-02357.mp4,OTHER,E,train,train,OTHER
train-02358,video/train/E/train-02358.mp4,ACTION_REQUEST,E,train,train,ACTION_REQUEST
train-02359,video/train/E/train-02359.mp4,ACTION_REQUEST,E,train,train,ACTION_REQUEST
train-02360,video/train/E/train-02360.mp4,CONFIRMATION,E,train,train,CONFIRMATION
train-02361,video/train/E/train-02361.mp4,QUESTION,E,train,train,QUESTION
train-02362,video/train/E/train-02362.mp4,OTHER,E,train,train,OTHER
train-02363,video/train/E/train-02363.mp4,OTHER,E,train,train,OTHER
train-02364,video/train/E/train-02364.mp4,NEGATION,E,train,train,NEGATION
train-02365,video/train/E/train-02365.mp4,LOCATION_QUERY,E,train,train,LOCATION_QUERY
train-02366,video/train/E/train-02366.mp4,ACTION_REQUEST,E,train,train,ACTION_REQUEST
train-02367,video/train/E/train-02367.mp4,ACTION_REQUEST,E,train,train,ACTION_REQUEST
train-02368,video/train/E/train-02368.mp4,ACTION_REQUEST,E,train,train,ACTION_REQUEST
train-02369,video/train/E/train-02369.mp4,ACTION_REQUEST,E,train,train,ACTION_REQUEST
train-02370,video/train/E/train-02370.mp4,ACTION_REQUEST,E,train,train,ACTION_REQUEST
train-02371,video/train/E/train-02371.mp4,ACTION_REQUEST,E,train,train,ACTION_REQUEST
train-02372,video/train/E/train-02372.mp4,ACTION_REQUEST,E,train,train,ACTION_REQUEST
train-02373,video/train/E/train-02373.mp4,ACTION_REQUEST,E,train,train,ACTION_REQUEST
train-02374,video/train/E/train-02374.mp4,ACTION_REQUEST,E,train,train,ACTION_REQUEST
train-02375,video/train/E/train-02375.mp4,ACTION_REQUEST,E,train,train,ACTION_REQUEST
train-02376,video/train/E/train-02376.mp4,ACTION_REQUEST,E,train,train,ACTION_REQUEST
train-02377,video/train/E/train-02377.mp4,ACTION_REQUEST,E,train,train,ACTION_REQUEST
train-02378,video/train/E/train-02378.mp4,ACTION_REQUEST,E,train,train,ACTION_REQUEST
train-02379,video/train/E/train-02379.mp4,ACTION_REQUEST,E,train,train,ACTION_REQUEST
train-02380,video/train/E/train-02380.mp4,OTHER,E,train,train,OTHER
train-02381,video/train/E/train-02381.mp4,OTHER,E,train,train,OTHER
train-02382,video/train/E/train-02382.mp4,OTHER,E,train,train,OTHER
train-02383,video/train/E/train-02383.mp4,TIME_QUERY,E,train,train,TIME_QUERY
train-02384,video/train/E/train-02384.mp4,PURCHASE,E,train,train,PURCHASE
train-02385,video/train/E/train-02385.mp4,ACTION_REQUEST,E,train,train,ACTION_REQUEST
train-02386,video/train/E/train-02386.mp4,ACTION_REQUEST,E,train,train,ACTION_REQUEST
train-02387,video/train/E/train-02387.mp4,OTHER,E,train,train,OTHER
train-02388,video/train/E/train-02388.mp4,PURCHASE,E,train,train,PURCHASE
train-02389,video/train/E/train-02389.mp4,CONFIRMATION,E,train,train,CONFIRMATION
train-02390,video/train/E/train-02390.mp4,CONFIRMATION,E,train,train,CONFIRMATION
train-02391,video/train/E/train-02391.mp4,ACTION_REQUEST,E,train,train,ACTION_REQUEST
train-02392,video/train/E/train-02392.mp4,CONFIRMATION,E,train,train,CONFIRMATION
train-02393,video/train/E/train-02393.mp4,OTHER,E,train,train,OTHER
train-02394,video/train/E/train-02394.mp4,ACTION_REQUEST,E,train,train,ACTION_REQUEST
train-02395,video/train/E/train-02395.mp4,OTHER,E,train,train,OTHER
train-02396,video/train/E/train-02396.mp4,OTHER,E,train,train,OTHER
train-02397,video/train/E/train-02397.mp4,OTHER,E,train,train,OTHER
train-02398,video/train/E/train-02398.mp4,ACTION_REQUEST,E,train,train,ACTION_REQUEST
train-02399,video/train/E/train-02399.mp4,QUESTION,E,train,train,QUESTION
train-02400,video/train/E/train-02400.mp4,OTHER,E,train,train,OTHER
train-02401,video/train/E/train-02401.mp4,ACTION_REQUEST,E,train,train,ACTION_REQUEST
train-02402,video/train/E/train-02402.mp4,OTHER,E,train,train,OTHER
train-02403,video/train/E/train-02403.mp4,OTHER,E,train,train,OTHER
train-02404,video/train/E/train-02404.mp4,QUESTION,E,train,train,QUESTION
train-02405,video/train/E/train-02405.mp4,OTHER,E,train,train,OTHER
train-02406,video/train/E/train-02406.mp4,OTHER,E,train,train,OTHER
train-02407,video/train/E/train-02407.mp4,OTHER,E,train,train,OTHER
train-02408,video/train/E/train-02408.mp4,OTHER,E,train,train,OTHER
train-02409,video/train/E/train-02409.mp4,GREETING,E,train,train,GREETING
train-02410,video/train/E/train-02410.mp4,OTHER,E,train,train,OTHER
train-02411,video/train/E/train-02411.mp4,OTHER,E,train,train,OTHER
train-02412,video/train/E/train-02412.mp4,CONFIRMATION,E,train,train,CONFIRMATION
train-02413,video/train/E/train-02413.mp4,OTHER,E,train,train,OTHER
train-02414,video/train/E/train-02414.mp4,ACTION_REQUEST,E,train,train,ACTION_REQUEST
train-02415,video/train/E/train-02415.mp4,OTHER,E,train,train,OTHER
train-02416,video/train/E/train-02416.mp4,OTHER,E,train,train,OTHER
train-02417,video/train/E/train-02417.mp4,PURCHASE,E,train,train,PURCHASE
train-02418,video/train/E/train-02418.mp4,TIME_QUERY,E,train,train,TIME_QUERY
train-02419,video/train/E/train-02419.mp4,ACTION_REQUEST,E,train,train,ACTION_REQUEST
train-02420,video/train/E/train-02420.mp4,QUESTION,E,train,train,QUESTION
train-02421,video/train/E/train-02421.mp4,ACTION_REQUEST,E,train,train,ACTION_REQUEST
train-02422,video/train/E/train-02422.mp4,CONFIRMATION,E,train,train,CONFIRMATION
train-02423,video/train/E/train-02423.mp4,TIME_QUERY,E,train,train,TIME_QUERY
train-02424,video/train/E/train-02424.mp4,TIME_QUERY,E,train,train,TIME_QUERY
train-02425,video/train/E/train-02425.mp4,HELP_REQUEST,E,train,train,HELP_REQUEST
train-02426,video/train/E/train-02426.mp4,QUESTION,E,train,train,QUESTION
train-02427,video/train/E/train-02427.mp4,OTHER,E,train,train,OTHER
train-02428,video/train/E/train-02428.mp4,ACTION_REQUEST,E,train,train,ACTION_REQUEST
train-02429,video/train/E/train-02429.mp4,EMOTION,E,train,train,EMOTION
train-02430,video/train/E/train-02430.mp4,OTHER,E,train,train,OTHER
train-02431,video/train/E/train-02431.mp4,OTHER,E,train,train,OTHER
train-02432,video/train/E/train-02432.mp4,OTHER,E,train,train,OTHER
train-02433,video/train/E/train-02433.mp4,OTHER,E,train,train,OTHER
train-02434,video/train/E/train-02434.mp4,OTHER,E,train,train,OTHER
train-02435,video/train/E/train-02435.mp4,OTHER,E,train,train,OTHER
train-02436,video/train/E/train-02436.mp4,OTHER,E,train,train,OTHER
train-02437,video/train/E/train-02437.mp4,OTHER,E,train,train,OTHER
train-02438,video/train/E/train-02438.mp4,ACTION_REQUEST,E,train,train,ACTION_REQUEST
train-02439,video/train/E/train-02439.mp4,QUESTION,E,train,train,QUESTION
train-02440,video/train/E/train-02440.mp4,QUESTION,E,train,train,QUESTION
train-02441,video/train/E/train-02441.mp4,QUESTION,E,train,train,QUESTION
train-02442,video/train/E/train-02442.mp4,OTHER,E,train,train,OTHER
train-02443,video/train/E/train-02443.mp4,PURCHASE,E,train,train,PURCHASE
train-02444,video/train/E/train-02444.mp4,OTHER,E,train,train,OTHER
train-02445,video/train/E/train-02445.mp4,OTHER,E,train,train,OTHER
train-02446,video/train/E/train-02446.mp4,OTHER,E,train,train,OTHER
train-02447,video/train/E/train-02447.mp4,PURCHASE,E,train,train,PURCHASE
train-02448,video/train/E/train-02448.mp4,TIME_QUERY,E,train,train,TIME_QUERY
train-02449,video/train/E/train-02449.mp4,GREETING,E,train,train,GREETING
train-02450,video/train/E/train-02450.mp4,TIME_QUERY,E,train,train,TIME_QUERY
train-02451,video/train/E/train-02451.mp4,QUESTION,E,train,train,QUESTION
train-02452,video/train/E/train-02452.mp4,QUESTION,E,train,train,QUESTION
train-02453,video/train/E/train-02453.mp4,CONFIRMATION,E,train,train,CONFIRMATION
train-02454,video/train/E/train-02454.mp4,CONFIRMATION,E,train,train,CONFIRMATION
train-02455,video/train/E/train-02455.mp4,TIME_QUERY,E,train,train,TIME_QUERY
train-02456,video/train/E/train-02456.mp4,CONFIRMATION,E,train,train,CONFIRMATION
train-02457,video/train/E/train-02457.mp4,CONFIRMATION,E,train,train,CONFIRMATION
train-02458,video/train/E/train-02458.mp4,TIME_QUERY,E,train,train,TIME_QUERY
train-02459,video/train/E/train-02459.mp4,TIME_QUERY,E,train,train,TIME_QUERY
train-02460,video/train/E/train-02460.mp4,OTHER,E,train,train,OTHER
train-02461,video/train/E/train-02461.mp4,OTHER,E,train,train,OTHER
train-02462,video/train/E/train-02462.mp4,OTHER,E,train,train,OTHER
train-02463,video/train/E/train-02463.mp4,ACTION_REQUEST,E,train,train,ACTION_REQUEST
train-02464,video/train/E/train-02464.mp4,ACTION_REQUEST,E,train,train,ACTION_REQUEST
train-02465,video/train/E/train-02465.mp4,ACTION_REQUEST,E,train,train,ACTION_REQUEST
train-02466,video/train/E/train-02466.mp4,ACTION_REQUEST,E,train,train,ACTION_REQUEST
train-02467,video/train/E/train-02467.mp4,OTHER,E,train,train,OTHER
train-02468,video/train/E/train-02468.mp4,CONFIRMATION,E,train,train,CONFIRMATION
train-02469,video/train/E/train-02469.mp4,QUESTION,E,train,train,QUESTION
train-02470,video/train/E/train-02470.mp4,ACTION_REQUEST,E,train,train,ACTION_REQUEST
train-02471,video/train/E/train-02471.mp4,OTHER,E,train,train,OTHER
train-02472,video/train/E/train-02472.mp4,TIME_QUERY,E,train,train,TIME_QUERY
train-02473,video/train/E/train-02473.mp4,CONFIRMATION,E,train,train,CONFIRMATION
train-02474,video/train/E/train-02474.mp4,OTHER,E,train,train,OTHER
train-02475,video/train/E/train-02475.mp4,OTHER,E,train,train,OTHER
train-02476,video/train/E/train-02476.mp4,OTHER,E,train,train,OTHER
train-02477,video/train/E/train-02477.mp4,LIKE_PREFERENCE,E,train,train,LIKE_PREFERENCE
train-02478,video/train/E/train-02478.mp4,LIKE_PREFERENCE,E,train,train,LIKE_PREFERENCE
train-02479,video/train/E/train-02479.mp4,LIKE_PREFERENCE,E,train,train,LIKE_PREFERENCE
train-02480,video/train/E/train-02480.mp4,LIKE_PREFERENCE,E,train,train,LIKE_PREFERENCE
train-02481,video/train/E/train-02481.mp4,LIKE_PREFERENCE,E,train,train,LIKE_PREFERENCE
train-02482,video/train/E/train-02482.mp4,OTHER,E,train,train,OTHER
train-02483,video/train/E/train-02483.mp4,LIKE_PREFERENCE,E,train,train,LIKE_PREFERENCE
train-02484,video/train/E/train-02484.mp4,LIKE_PREFERENCE,E,train,train,LIKE_PREFERENCE
train-02485,video/train/E/train-02485.mp4,LIKE_PREFERENCE,E,train,train,LIKE_PREFERENCE
train-02486,video/train/E/train-02486.mp4,LIKE_PREFERENCE,E,train,train,LIKE_PREFERENCE
train-02487,video/train/F/train-02487.mp4,OTHER,F,train,train,OTHER
train-02488,video/train/F/train-02488.mp4,OTHER,F,train,train,OTHER
train-02489,video/train/F/train-02489.mp4,OTHER,F,train,train,OTHER
train-02490,video/train/F/train-02490.mp4,TIME_QUERY,F,train,train,TIME_QUERY
train-02491,video/train/F/train-02491.mp4,NEGATION,F,train,train,NEGATION
train-02492,video/train/F/train-02492.mp4,OTHER,F,train,train,OTHER
train-02493,video/train/F/train-02493.mp4,QUESTION,F,train,train,QUESTION
train-02494,video/train/F/train-02494.mp4,NEGATION,F,train,train,NEGATION
train-02495,video/train/F/train-02495.mp4,CONFIRMATION,F,train,train,CONFIRMATION
train-02496,video/train/F/train-02496.mp4,NEGATION,F,train,train,NEGATION
train-02497,video/train/F/train-02497.mp4,OTHER,F,train,train,OTHER
train-02498,video/train/F/train-02498.mp4,OTHER,F,train,train,OTHER
train-02499,video/train/F/train-02499.mp4,QUESTION,F,train,train,QUESTION
train-02500,video/train/F/train-02500.mp4,OTHER,F,train,train,OTHER
train-02501,video/train/F/train-02501.mp4,OTHER,F,train,train,OTHER
train-02502,video/train/F/train-02502.mp4,LIKE_PREFERENCE,F,train,train,LIKE_PREFERENCE
train-02503,video/train/F/train-02503.mp4,OTHER,F,train,train,OTHER
train-02504,video/train/F/train-02504.mp4,CONFIRMATION,F,train,train,CONFIRMATION
train-02505,video/train/F/train-02505.mp4,CONFIRMATION,F,train,train,CONFIRMATION
train-02506,video/train/F/train-02506.mp4,CONFIRMATION,F,train,train,CONFIRMATION
train-02507,video/train/F/train-02507.mp4,OTHER,F,train,train,OTHER
train-02508,video/train/F/train-02508.mp4,OTHER,F,train,train,OTHER
train-02509,video/train/F/train-02509.mp4,ACTION_REQUEST,F,train,train,ACTION_REQUEST
train-02510,video/train/F/train-02510.mp4,TIME_QUERY,F,train,train,TIME_QUERY
train-02511,video/train/F/train-02511.mp4,OTHER,F,train,train,OTHER
train-02512,video/train/F/train-02512.mp4,OTHER,F,train,train,OTHER
train-02513,video/train/F/train-02513.mp4,OTHER,F,train,train,OTHER
train-02514,video/train/F/train-02514.mp4,OTHER,F,train,train,OTHER
train-02515,video/train/F/train-02515.mp4,QUESTION,F,train,train,QUESTION
train-02516,video/train/F/train-02516.mp4,OTHER,F,train,train,OTHER
train-02517,video/train/F/train-02517.mp4,CONFIRMATION,F,train,train,CONFIRMATION
train-02518,video/train/F/train-02518.mp4,TIME_QUERY,F,train,train,TIME_QUERY
train-02519,video/train/F/train-02519.mp4,NEGATION,F,train,train,NEGATION
train-02520,video/train/F/train-02520.mp4,QUESTION,F,train,train,QUESTION
train-02521,video/train/F/train-02521.mp4,OTHER,F,train,train,OTHER
train-02522,video/train/F/train-02522.mp4,EMOTION,F,train,train,EMOTION
train-02523,video/train/F/train-02523.mp4,OTHER,F,train,train,OTHER
train-02524,video/train/F/train-02524.mp4,CONFIRMATION,F,train,train,CONFIRMATION
train-02525,video/train/F/train-02525.mp4,PURCHASE,F,train,train,PURCHASE
train-02526,video/train/F/train-02526.mp4,ACTION_REQUEST,F,train,train,ACTION_REQUEST
train-02527,video/train/F/train-02527.mp4,OTHER,F,train,train,OTHER
train-02528,video/train/F/train-02528.mp4,CONFIRMATION,F,train,train,CONFIRMATION
train-02529,video/train/F/train-02529.mp4,OTHER,F,train,train,OTHER
train-02530,video/train/F/train-02530.mp4,OTHER,F,train,train,OTHER
train-02531,video/train/F/train-02531.mp4,OTHER,F,train,train,OTHER
train-02532,video/train/F/train-02532.mp4,OTHER,F,train,train,OTHER
train-02533,video/train/F/train-02533.mp4,OTHER,F,train,train,OTHER
train-02534,video/train/F/train-02534.mp4,OTHER,F,train,train,OTHER
train-02535,video/train/F/train-02535.mp4,HELP_REQUEST,F,train,train,HELP_REQUEST
train-02536,video/train/F/train-02536.mp4,OTHER,F,train,train,OTHER
train-02537,video/train/F/train-02537.mp4,OTHER,F,train,train,OTHER
train-02538,video/train/F/train-02538.mp4,OTHER,F,train,train,OTHER
train-02539,video/train/F/train-02539.mp4,OTHER,F,train,train,OTHER
train-02540,video/train/F/train-02540.mp4,OTHER,F,train,train,OTHER
train-02541,video/train/F/train-02541.mp4,OTHER,F,train,train,OTHER
train-02542,video/train/F/train-02542.mp4,OTHER,F,train,train,OTHER
train-02543,video/train/F/train-02543.mp4,OTHER,F,train,train,OTHER
train-02544,video/train/F/train-02544.mp4,OTHER,F,train,train,OTHER
train-02545,video/train/F/train-02545.mp4,OTHER,F,train,train,OTHER
train-02546,video/train/F/train-02546.mp4,OTHER,F,train,train,OTHER
train-02547,video/train/F/train-02547.mp4,OTHER,F,train,train,OTHER
train-02548,video/train/F/train-02548.mp4,OTHER,F,train,train,OTHER
train-02549,video/train/F/train-02549.mp4,ACTION_REQUEST,F,train,train,ACTION_REQUEST
train-02550,video/train/F/train-02550.mp4,ACTION_REQUEST,F,train,train,ACTION_REQUEST
train-02551,video/train/F/train-02551.mp4,OTHER,F,train,train,OTHER
train-02552,video/train/F/train-02552.mp4,LIKE_PREFERENCE,F,train,train,LIKE_PREFERENCE
train-02553,video/train/F/train-02553.mp4,OTHER,F,train,train,OTHER
train-02554,video/train/F/train-02554.mp4,ACTION_REQUEST,F,train,train,ACTION_REQUEST
train-02555,video/train/F/train-02555.mp4,OTHER,F,train,train,OTHER
train-02556,video/train/F/train-02556.mp4,OTHER,F,train,train,OTHER
train-02557,video/train/F/train-02557.mp4,OTHER,F,train,train,OTHER
train-02558,video/train/F/train-02558.mp4,OTHER,F,train,train,OTHER
train-02559,video/train/F/train-02559.mp4,ACTION_REQUEST,F,train,train,ACTION_REQUEST
train-02560,video/train/F/train-02560.mp4,OTHER,F,train,train,OTHER
train-02561,video/train/F/train-02561.mp4,OTHER,F,train,train,OTHER
train-02562,video/train/F/train-02562.mp4,ACTION_REQUEST,F,train,train,ACTION_REQUEST
train-02563,video/train/F/train-02563.mp4,OTHER,F,train,train,OTHER
train-02564,video/train/F/train-02564.mp4,OTHER,F,train,train,OTHER
train-02565,video/train/F/train-02565.mp4,TIME_QUERY,F,train,train,TIME_QUERY
train-02566,video/train/F/train-02566.mp4,ACTION_REQUEST,F,train,train,ACTION_REQUEST
train-02567,video/train/F/train-02567.mp4,ACTION_REQUEST,F,train,train,ACTION_REQUEST
train-02568,video/train/F/train-02568.mp4,NEGATION,F,train,train,NEGATION
train-02569,video/train/F/train-02569.mp4,TIME_QUERY,F,train,train,TIME_QUERY
train-02570,video/train/F/train-02570.mp4,ACTION_REQUEST,F,train,train,ACTION_REQUEST
train-02571,video/train/F/train-02571.mp4,ACTION_REQUEST,F,train,train,ACTION_REQUEST
train-02572,video/train/F/train-02572.mp4,ACTION_REQUEST,F,train,train,ACTION_REQUEST
train-02573,video/train/F/train-02573.mp4,OTHER,F,train,train,OTHER
train-02574,video/train/F/train-02574.mp4,ACTION_REQUEST,F,train,train,ACTION_REQUEST
train-02575,video/train/F/train-02575.mp4,ACTION_REQUEST,F,train,train,ACTION_REQUEST
train-02576,video/train/F/train-02576.mp4,PURCHASE,F,train,train,PURCHASE
train-02577,video/train/F/train-02577.mp4,OTHER,F,train,train,OTHER
train-02578,video/train/F/train-02578.mp4,CONFIRMATION,F,train,train,CONFIRMATION
train-02579,video/train/F/train-02579.mp4,QUESTION,F,train,train,QUESTION
train-02580,video/train/F/train-02580.mp4,QUESTION,F,train,train,QUESTION
train-02581,video/train/F/train-02581.mp4,PURCHASE,F,train,train,PURCHASE
train-02582,video/train/F/train-02582.mp4,NEGATION,F,train,train,NEGATION
train-02583,video/train/F/train-02583.mp4,NEGATION,F,train,train,NEGATION
train-02584,video/train/F/train-02584.mp4,OTHER,F,train,train,OTHER
train-02585,video/train/F/train-02585.mp4,OTHER,F,train,train,OTHER
train-02586,video/train/F/train-02586.mp4,QUESTION,F,train,train,QUESTION
train-02587,video/train/F/train-02587.mp4,TIME_QUERY,F,train,train,TIME_QUERY
train-02588,video/train/F/train-02588.mp4,OTHER,F,train,train,OTHER
train-02589,video/train/F/train-02589.mp4,ACTION_REQUEST,F,train,train,ACTION_REQUEST
train-02590,video/train/F/train-02590.mp4,OTHER,F,train,train,OTHER
train-02591,video/train/F/train-02591.mp4,ACTION_REQUEST,F,train,train,ACTION_REQUEST
train-02592,video/train/F/train-02592.mp4,OTHER,F,train,train,OTHER
train-02593,video/train/F/train-02593.mp4,OTHER,F,train,train,OTHER
train-02594,video/train/F/train-02594.mp4,QUESTION,F,train,train,QUESTION
train-02595,video/train/F/train-02595.mp4,CONFIRMATION,F,train,train,CONFIRMATION
train-02596,video/train/F/train-02596.mp4,CONFIRMATION,F,train,train,CONFIRMATION
train-02597,video/train/F/train-02597.mp4,ACTION_REQUEST,F,train,train,ACTION_REQUEST
train-02598,video/train/F/train-02598.mp4,CONFIRMATION,F,train,train,CONFIRMATION
train-02599,video/train/F/train-02599.mp4,ACTION_REQUEST,F,train,train,ACTION_REQUEST
train-02600,video/train/F/train-02600.mp4,CONFIRMATION,F,train,train,CONFIRMATION
train-02601,video/train/F/train-02601.mp4,QUESTION,F,train,train,QUESTION
train-02602,video/train/F/train-02602.mp4,QUESTION,F,train,train,QUESTION
train-02603,video/train/F/train-02603.mp4,HELP_REQUEST,F,train,train,HELP_REQUEST
train-02604,video/train/F/train-02604.mp4,HELP_REQUEST,F,train,train,HELP_REQUEST
train-02605,video/train/F/train-02605.mp4,CONFIRMATION,F,train,train,CONFIRMATION
train-02606,video/train/F/train-02606.mp4,CONFIRMATION,F,train,train,CONFIRMATION
train-02607,video/train/F/train-02607.mp4,CONFIRMATION,F,train,train,CONFIRMATION
train-02608,video/train/F/train-02608.mp4,CONFIRMATION,F,train,train,CONFIRMATION
train-02609,video/train/F/train-02609.mp4,CONFIRMATION,F,train,train,CONFIRMATION
train-02610,video/train/F/train-02610.mp4,CONFIRMATION,F,train,train,CONFIRMATION
train-02611,video/train/F/train-02611.mp4,CONFIRMATION,F,train,train,CONFIRMATION
train-02612,video/train/F/train-02612.mp4,CONFIRMATION,F,train,train,CONFIRMATION
train-02613,video/train/F/train-02613.mp4,CONFIRMATION,F,train,train,CONFIRMATION
train-02614,video/train/F/train-02614.mp4,PURCHASE,F,train,train,PURCHASE
train-02615,video/train/F/train-02615.mp4,CONFIRMATION,F,train,train,CONFIRMATION
train-02616,video/train/F/train-02616.mp4,ACTION_REQUEST,F,train,train,ACTION_REQUEST
train-02617,video/train/F/train-02617.mp4,ACTION_REQUEST,F,train,train,ACTION_REQUEST
train-02618,video/train/F/train-02618.mp4,CONFIRMATION,F,train,train,CONFIRMATION
train-02619,video/train/F/train-02619.mp4,ACTION_REQUEST,F,train,train,ACTION_REQUEST
train-02620,video/train/F/train-02620.mp4,ACTION_REQUEST,F,train,train,ACTION_REQUEST
train-02621,video/train/F/train-02621.mp4,CONFIRMATION,F,train,train,CONFIRMATION
train-02622,video/train/F/train-02622.mp4,PURCHASE,F,train,train,PURCHASE
train-02623,video/train/F/train-02623.mp4,CONFIRMATION,F,train,train,CONFIRMATION
train-02624,video/train/F/train-02624.mp4,ACTION_REQUEST,F,train,train,ACTION_REQUEST
train-02625,video/train/F/train-02625.mp4,ACTION_REQUEST,F,train,train,ACTION_REQUEST
train-02626,video/train/F/train-02626.mp4,CONFIRMATION,F,train,train,CONFIRMATION
train-02627,video/train/F/train-02627.mp4,CONFIRMATION,F,train,train,CONFIRMATION
train-02628,video/train/F/train-02628.mp4,CONFIRMATION,F,train,train,CONFIRMATION
train-02629,video/train/F/train-02629.mp4,ACTION_REQUEST,F,train,train,ACTION_REQUEST
train-02630,video/train/F/train-02630.mp4,OTHER,F,train,train,OTHER
train-02631,video/train/F/train-02631.mp4,NEGATION,F,train,train,NEGATION
train-02632,video/train/F/train-02632.mp4,OTHER,F,train,train,OTHER
train-02633,video/train/F/train-02633.mp4,OTHER,F,train,train,OTHER
train-02634,video/train/F/train-02634.mp4,OTHER,F,train,train,OTHER
train-02635,video/train/F/train-02635.mp4,OTHER,F,train,train,OTHER
train-02636,video/train/F/train-02636.mp4,OTHER,F,train,train,OTHER
train-02637,video/train/F/train-02637.mp4,OTHER,F,train,train,OTHER
train-02638,video/train/F/train-02638.mp4,ACTION_REQUEST,F,train,train,ACTION_REQUEST
train-02639,video/train/F/train-02639.mp4,OTHER,F,train,train,OTHER
train-02640,video/train/F/train-02640.mp4,OTHER,F,train,train,OTHER
train-02641,video/train/F/train-02641.mp4,LOCATION_QUERY,F,train,train,LOCATION_QUERY
train-02642,video/train/F/train-02642.mp4,NEGATION,F,train,train,NEGATION
train-02643,video/train/F/train-02643.mp4,OTHER,F,train,train,OTHER
train-02644,video/train/F/train-02644.mp4,NEGATION,F,train,train,NEGATION
train-02645,video/train/F/train-02645.mp4,OTHER,F,train,train,OTHER
train-02646,video/train/F/train-02646.mp4,NEGATION,F,train,train,NEGATION
train-02647,video/train/F/train-02647.mp4,LIKE_PREFERENCE,F,train,train,LIKE_PREFERENCE
train-02648,video/train/F/train-02648.mp4,LIKE_PREFERENCE,F,train,train,LIKE_PREFERENCE
train-02649,video/train/F/train-02649.mp4,LIKE_PREFERENCE,F,train,train,LIKE_PREFERENCE
train-02650,video/train/F/train-02650.mp4,LIKE_PREFERENCE,F,train,train,LIKE_PREFERENCE
train-02651,video/train/F/train-02651.mp4,LIKE_PREFERENCE,F,train,train,LIKE_PREFERENCE
train-02652,video/train/F/train-02652.mp4,LIKE_PREFERENCE,F,train,train,LIKE_PREFERENCE
train-02653,video/train/F/train-02653.mp4,LIKE_PREFERENCE,F,train,train,LIKE_PREFERENCE
train-02654,video/train/F/train-02654.mp4,LIKE_PREFERENCE,F,train,train,LIKE_PREFERENCE
train-02655,video/train/F/train-02655.mp4,LIKE_PREFERENCE,F,train,train,LIKE_PREFERENCE
train-02656,video/train/F/train-02656.mp4,LIKE_PREFERENCE,F,train,train,LIKE_PREFERENCE
train-02657,video/train/F/train-02657.mp4,LIKE_PREFERENCE,F,train,train,LIKE_PREFERENCE
train-02658,video/train/F/train-02658.mp4,HELP_REQUEST,F,train,train,HELP_REQUEST
train-02659,video/train/F/train-02659.mp4,LIKE_PREFERENCE,F,train,train,LIKE_PREFERENCE
train-02660,video/train/F/train-02660.mp4,LIKE_PREFERENCE,F,train,train,LIKE_PREFERENCE
train-02661,video/train/F/train-02661.mp4,LIKE_PREFERENCE,F,train,train,LIKE_PREFERENCE
train-02662,video/train/F/train-02662.mp4,LIKE_PREFERENCE,F,train,train,LIKE_PREFERENCE
train-02663,video/train/F/train-02663.mp4,LOCATION_QUERY,F,train,train,LOCATION_QUERY
train-02664,video/train/F/train-02664.mp4,LIKE_PREFERENCE,F,train,train,LIKE_PREFERENCE
train-02665,video/train/F/train-02665.mp4,LIKE_PREFERENCE,F,train,train,LIKE_PREFERENCE
train-02666,video/train/F/train-02666.mp4,LIKE_PREFERENCE,F,train,train,LIKE_PREFERENCE
train-02667,video/train/F/train-02667.mp4,LIKE_PREFERENCE,F,train,train,LIKE_PREFERENCE
train-02668,video/train/F/train-02668.mp4,LIKE_PREFERENCE,F,train,train,LIKE_PREFERENCE
train-02669,video/train/F/train-02669.mp4,LIKE_PREFERENCE,F,train,train,LIKE_PREFERENCE
train-02670,video/train/F/train-02670.mp4,OTHER,F,train,train,OTHER
train-02671,video/train/F/train-02671.mp4,HEALTH,F,train,train,HEALTH
train-02672,video/train/F/train-02672.mp4,OTHER,F,train,train,OTHER
train-02673,video/train/F/train-02673.mp4,OTHER,F,train,train,OTHER
train-02674,video/train/F/train-02674.mp4,OTHER,F,train,train,OTHER
train-02675,video/train/F/train-02675.mp4,OTHER,F,train,train,OTHER
train-02676,video/train/F/train-02676.mp4,OTHER,F,train,train,OTHER
train-02677,video/train/F/train-02677.mp4,OTHER,F,train,train,OTHER
train-02678,video/train/F/train-02678.mp4,OTHER,F,train,train,OTHER
train-02679,video/train/F/train-02679.mp4,OTHER,F,train,train,OTHER
train-02680,video/train/F/train-02680.mp4,OTHER,F,train,train,OTHER
train-02681,video/train/F/train-02681.mp4,NEGATION,F,train,train,NEGATION
train-02682,video/train/F/train-02682.mp4,OTHER,F,train,train,OTHER
train-02683,video/train/F/train-02683.mp4,CONFIRMATION,F,train,train,CONFIRMATION
train-02684,video/train/F/train-02684.mp4,OTHER,F,train,train,OTHER
train-02685,video/train/F/train-02685.mp4,OTHER,F,train,train,OTHER
train-02686,video/train/F/train-02686.mp4,OTHER,F,train,train,OTHER
train-02687,video/train/F/train-02687.mp4,OTHER,F,train,train,OTHER
train-02688,video/train/F/train-02688.mp4,OTHER,F,train,train,OTHER
train-02689,video/train/F/train-02689.mp4,TIME_QUERY,F,train,train,TIME_QUERY
train-02690,video/train/F/train-02690.mp4,OTHER,F,train,train,OTHER
train-02691,video/train/F/train-02691.mp4,OTHER,F,train,train,OTHER
train-02692,video/train/F/train-02692.mp4,OTHER,F,train,train,OTHER
train-02693,video/train/F/train-02693.mp4,OTHER,F,train,train,OTHER
train-02694,video/train/F/train-02694.mp4,OTHER,F,train,train,OTHER
train-02695,video/train/F/train-02695.mp4,OTHER,F,train,train,OTHER
train-02696,video/train/F/train-02696.mp4,QUESTION,F,train,train,QUESTION
train-02697,video/train/F/train-02697.mp4,QUESTION,F,train,train,QUESTION
train-02698,video/train/F/train-02698.mp4,TIME_QUERY,F,train,train,TIME_QUERY
train-02699,video/train/F/train-02699.mp4,OTHER,F,train,train,OTHER
train-02700,video/train/F/train-02700.mp4,QUESTION,F,train,train,QUESTION
train-02701,video/train/F/train-02701.mp4,OTHER,F,train,train,OTHER
train-02702,video/train/F/train-02702.mp4,OTHER,F,train,train,OTHER
train-02703,video/train/F/train-02703.mp4,OTHER,F,train,train,OTHER
train-02704,video/train/F/train-02704.mp4,OTHER,F,train,train,OTHER
train-02705,video/train/F/train-02705.mp4,OTHER,F,train,train,OTHER
train-02706,video/train/F/train-02706.mp4,OTHER,F,train,train,OTHER
train-02707,video/train/F/train-02707.mp4,OTHER,F,train,train,OTHER
train-02708,video/train/F/train-02708.mp4,ACTION_REQUEST,F,train,train,ACTION_REQUEST
train-02709,video/train/F/train-02709.mp4,OTHER,F,train,train,OTHER
train-02710,video/train/F/train-02710.mp4,QUESTION,F,train,train,QUESTION
train-02711,video/train/F/train-02711.mp4,OTHER,F,train,train,OTHER
train-02712,video/train/F/train-02712.mp4,TIME_QUERY,F,train,train,TIME_QUERY
train-02713,video/train/F/train-02713.mp4,OTHER,F,train,train,OTHER
train-02714,video/train/F/train-02714.mp4,PURCHASE,F,train,train,PURCHASE
train-02715,video/train/F/train-02715.mp4,TIME_QUERY,F,train,train,TIME_QUERY
train-02716,video/train/F/train-02716.mp4,OTHER,F,train,train,OTHER
train-02717,video/train/F/train-02717.mp4,OTHER,F,train,train,OTHER
train-02718,video/train/F/train-02718.mp4,ACTION_REQUEST,F,train,train,ACTION_REQUEST
train-02719,video/train/F/train-02719.mp4,CONFIRMATION,F,train,train,CONFIRMATION
train-02720,video/train/F/train-02720.mp4,OTHER,F,train,train,OTHER
train-02721,video/train/F/train-02721.mp4,NEGATION,F,train,train,NEGATION
train-02722,video/train/F/train-02722.mp4,OTHER,F,train,train,OTHER
train-02723,video/train/F/train-02723.mp4,OTHER,F,train,train,OTHER
train-02724,video/train/F/train-02724.mp4,OTHER,F,train,train,OTHER
train-02725,video/train/F/train-02725.mp4,OTHER,F,train,train,OTHER
train-02726,video/train/F/train-02726.mp4,OTHER,F,train,train,OTHER
train-02727,video/train/F/train-02727.mp4,ACTION_REQUEST,F,train,train,ACTION_REQUEST
train-02728,video/train/F/train-02728.mp4,OTHER,F,train,train,OTHER
train-02729,video/train/F/train-02729.mp4,OTHER,F,train,train,OTHER
train-02730,video/train/F/train-02730.mp4,OTHER,F,train,train,OTHER
train-02731,video/train/F/train-02731.mp4,OTHER,F,train,train,OTHER
train-02732,video/train/F/train-02732.mp4,OTHER,F,train,train,OTHER
train-02733,video/train/F/train-02733.mp4,OTHER,F,train,train,OTHER
train-02734,video/train/F/train-02734.mp4,OTHER,F,train,train,OTHER
train-02735,video/train/F/train-02735.mp4,OTHER,F,train,train,OTHER
train-02736,video/train/F/train-02736.mp4,OTHER,F,train,train,OTHER
train-02737,video/train/F/train-02737.mp4,PURCHASE,F,train,train,PURCHASE
train-02738,video/train/F/train-02738.mp4,OTHER,F,train,train,OTHER
train-02739,video/train/F/train-02739.mp4,LIKE_PREFERENCE,F,train,train,LIKE_PREFERENCE
train-02740,video/train/F/train-02740.mp4,NEGATION,F,train,train,NEGATION
train-02741,video/train/F/train-02741.mp4,OTHER,F,train,train,OTHER
train-02742,video/train/F/train-02742.mp4,LIKE_PREFERENCE,F,train,train,LIKE_PREFERENCE
train-02743,video/train/F/train-02743.mp4,OTHER,F,train,train,OTHER
train-02744,video/train/F/train-02744.mp4,TIME_QUERY,F,train,train,TIME_QUERY
train-02745,video/train/F/train-02745.mp4,LIKE_PREFERENCE,F,train,train,LIKE_PREFERENCE
train-02746,video/train/F/train-02746.mp4,OTHER,F,train,train,OTHER
train-02747,video/train/F/train-02747.mp4,OTHER,F,train,train,OTHER
train-02748,video/train/F/train-02748.mp4,OTHER,F,train,train,OTHER
train-02749,video/train/F/train-02749.mp4,OTHER,F,train,train,OTHER
train-02750,video/train/F/train-02750.mp4,OTHER,F,train,train,OTHER
train-02751,video/train/F/train-02751.mp4,ACTION_REQUEST,F,train,train,ACTION_REQUEST
train-02752,video/train/F/train-02752.mp4,HELP_REQUEST,F,train,train,HELP_REQUEST
train-02753,video/train/F/train-02753.mp4,OTHER,F,train,train,OTHER
train-02754,video/train/F/train-02754.mp4,OTHER,F,train,train,OTHER
train-02755,video/train/F/train-02755.mp4,CONFIRMATION,F,train,train,CONFIRMATION
train-02756,video/train/F/train-02756.mp4,OTHER,F,train,train,OTHER
train-02757,video/train/F/train-02757.mp4,OTHER,F,train,train,OTHER
train-02758,video/train/F/train-02758.mp4,OTHER,F,train,train,OTHER
train-02759,video/train/F/train-02759.mp4,OTHER,F,train,train,OTHER
train-02760,video/train/F/train-02760.mp4,CONFIRMATION,F,train,train,CONFIRMATION
train-02761,video/train/F/train-02761.mp4,GREETING,F,train,train,GREETING
train-02762,video/train/F/train-02762.mp4,OTHER,F,train,train,OTHER
train-02763,video/train/F/train-02763.mp4,OTHER,F,train,train,OTHER
train-02764,video/train/F/train-02764.mp4,OTHER,F,train,train,OTHER
train-02765,video/train/F/train-02765.mp4,NEGATION,F,train,train,NEGATION
train-02766,video/train/F/train-02766.mp4,OTHER,F,train,train,OTHER
train-02767,video/train/F/train-02767.mp4,OTHER,F,train,train,OTHER
train-02768,video/train/F/train-02768.mp4,OTHER,F,train,train,OTHER
train-02769,video/train/F/train-02769.mp4,OTHER,F,train,train,OTHER
train-02770,video/train/F/train-02770.mp4,OTHER,F,train,train,OTHER
train-02771,video/train/F/train-02771.mp4,OTHER,F,train,train,OTHER
train-02772,video/train/F/train-02772.mp4,OTHER,F,train,train,OTHER
train-02773,video/train/F/train-02773.mp4,OTHER,F,train,train,OTHER
train-02774,video/train/F/train-02774.mp4,TIME_QUERY,F,train,train,TIME_QUERY
train-02775,video/train/F/train-02775.mp4,OTHER,F,train,train,OTHER
train-02776,video/train/F/train-02776.mp4,OTHER,F,train,train,OTHER
train-02777,video/train/F/train-02777.mp4,ACTION_REQUEST,F,train,train,ACTION_REQUEST
train-02778,video/train/F/train-02778.mp4,OTHER,F,train,train,OTHER
train-02779,video/train/F/train-02779.mp4,HELP_REQUEST,F,train,train,HELP_REQUEST
train-02780,video/train/F/train-02780.mp4,HELP_REQUEST,F,train,train,HELP_REQUEST
train-02781,video/train/F/train-02781.mp4,OTHER,F,train,train,OTHER
train-02782,video/train/F/train-02782.mp4,QUESTION,F,train,train,QUESTION
train-02783,video/train/F/train-02783.mp4,QUESTION,F,train,train,QUESTION
train-02784,video/train/F/train-02784.mp4,ACTION_REQUEST,F,train,train,ACTION_REQUEST
train-02785,video/train/F/train-02785.mp4,ACTION_REQUEST,F,train,train,ACTION_REQUEST
train-02786,video/train/F/train-02786.mp4,OTHER,F,train,train,OTHER
train-02787,video/train/F/train-02787.mp4,OTHER,F,train,train,OTHER
train-02788,video/train/F/train-02788.mp4,QUESTION,F,train,train,QUESTION
train-02789,video/train/F/train-02789.mp4,LIKE_PREFERENCE,F,train,train,LIKE_PREFERENCE
train-02790,video/train/F/train-02790.mp4,TIME_QUERY,F,train,train,TIME_QUERY
train-02791,video/train/F/train-02791.mp4,OTHER,F,train,train,OTHER
train-02792,video/train/F/train-02792.mp4,PURCHASE,F,train,train,PURCHASE
train-02793,video/train/F/train-02793.mp4,ACTION_REQUEST,F,train,train,ACTION_REQUEST
train-02794,video/train/F/train-02794.mp4,LIKE_PREFERENCE,F,train,train,LIKE_PREFERENCE
train-02795,video/train/F/train-02795.mp4,LIKE_PREFERENCE,F,train,train,LIKE_PREFERENCE
train-02796,video/train/F/train-02796.mp4,LOCATION_QUERY,F,train,train,LOCATION_QUERY
train-02797,video/train/F/train-02797.mp4,OTHER,F,train,train,OTHER
train-02798,video/train/F/train-02798.mp4,OTHER,F,train,train,OTHER
train-02799,video/train/F/train-02799.mp4,ACTION_REQUEST,F,train,train,ACTION_REQUEST
train-02800,video/train/F/train-02800.mp4,ACTION_REQUEST,F,train,train,ACTION_REQUEST
train-02801,video/train/F/train-02801.mp4,OTHER,F,train,train,OTHER
train-02802,video/train/F/train-02802.mp4,OTHER,F,train,train,OTHER
train-02803,video/train/F/train-02803.mp4,TIME_QUERY,F,train,train,TIME_QUERY
train-02804,video/train/F/train-02804.mp4,OTHER,F,train,train,OTHER
train-02805,video/train/F/train-02805.mp4,LIKE_PREFERENCE,F,train,train,LIKE_PREFERENCE
train-02806,video/train/F/train-02806.mp4,EMOTION,F,train,train,EMOTION
train-02807,video/train/F/train-02807.mp4,OTHER,F,train,train,OTHER
train-02808,video/train/F/train-02808.mp4,OTHER,F,train,train,OTHER
train-02809,video/train/F/train-02809.mp4,EMOTION,F,train,train,EMOTION
train-02810,video/train/F/train-02810.mp4,ACTION_REQUEST,F,train,train,ACTION_REQUEST
train-02811,video/train/F/train-02811.mp4,HEALTH,F,train,train,HEALTH
train-02812,video/train/F/train-02812.mp4,CONFIRMATION,F,train,train,CONFIRMATION
train-02813,video/train/F/train-02813.mp4,OTHER,F,train,train,OTHER
train-02814,video/train/F/train-02814.mp4,OTHER,F,train,train,OTHER
train-02815,video/train/F/train-02815.mp4,OTHER,F,train,train,OTHER
train-02816,video/train/F/train-02816.mp4,OTHER,F,train,train,OTHER
train-02817,video/train/F/train-02817.mp4,OTHER,F,train,train,OTHER
train-02818,video/train/F/train-02818.mp4,CONFIRMATION,F,train,train,CONFIRMATION
train-02819,video/train/F/train-02819.mp4,OTHER,F,train,train,OTHER
train-02820,video/train/F/train-02820.mp4,OTHER,F,train,train,OTHER
train-02821,video/train/F/train-02821.mp4,OTHER,F,train,train,OTHER
train-02822,video/train/F/train-02822.mp4,OTHER,F,train,train,OTHER
train-02823,video/train/F/train-02823.mp4,OTHER,F,train,train,OTHER
train-02824,video/train/F/train-02824.mp4,QUESTION,F,train,train,QUESTION
train-02825,video/train/F/train-02825.mp4,OTHER,F,train,train,OTHER
train-02826,video/train/F/train-02826.mp4,ACTION_REQUEST,F,train,train,ACTION_REQUEST
train-02827,video/train/F/train-02827.mp4,OTHER,F,train,train,OTHER
train-02828,video/train/F/train-02828.mp4,OTHER,F,train,train,OTHER
train-02829,video/train/F/train-02829.mp4,TIME_QUERY,F,train,train,TIME_QUERY
train-02830,video/train/F/train-02830.mp4,OTHER,F,train,train,OTHER
train-02831,video/train/F/train-02831.mp4,QUESTION,F,train,train,QUESTION
train-02832,video/train/F/train-02832.mp4,QUESTION,F,train,train,QUESTION
train-02833,video/train/F/train-02833.mp4,TIME_QUERY,F,train,train,TIME_QUERY
train-02834,video/train/F/train-02834.mp4,QUESTION,F,train,train,QUESTION
train-02835,video/train/F/train-02835.mp4,QUESTION,F,train,train,QUESTION
train-02836,video/train/F/train-02836.mp4,TIME_QUERY,F,train,train,TIME_QUERY
train-02837,video/train/F/train-02837.mp4,OTHER,F,train,train,OTHER
train-02838,video/train/F/train-02838.mp4,EMOTION,F,train,train,EMOTION
train-02839,video/train/F/train-02839.mp4,OTHER,F,train,train,OTHER
train-02840,video/train/F/train-02840.mp4,OTHER,F,train,train,OTHER
train-02841,video/train/F/train-02841.mp4,PURCHASE,F,train,train,PURCHASE
train-02842,video/train/F/train-02842.mp4,PURCHASE,F,train,train,PURCHASE
train-02843,video/train/F/train-02843.mp4,PURCHASE,F,train,train,PURCHASE
train-02844,video/train/F/train-02844.mp4,PURCHASE,F,train,train,PURCHASE
train-02845,video/train/F/train-02845.mp4,PURCHASE,F,train,train,PURCHASE
train-02846,video/train/F/train-02846.mp4,PURCHASE,F,train,train,PURCHASE
train-02847,video/train/F/train-02847.mp4,PURCHASE,F,train,train,PURCHASE
train-02848,video/train/F/train-02848.mp4,TIME_QUERY,F,train,train,TIME_QUERY
train-02849,video/train/F/train-02849.mp4,PURCHASE,F,train,train,PURCHASE
train-02850,video/train/F/train-02850.mp4,OTHER,F,train,train,OTHER
train-02851,video/train/F/train-02851.mp4,TIME_QUERY,F,train,train,TIME_QUERY
train-02852,video/train/F/train-02852.mp4,CONFIRMATION,F,train,train,CONFIRMATION
train-02853,video/train/F/train-02853.mp4,CONFIRMATION,F,train,train,CONFIRMATION
train-02854,video/train/F/train-02854.mp4,OTHER,F,train,train,OTHER
train-02855,video/train/F/train-02855.mp4,ACTION_REQUEST,F,train,train,ACTION_REQUEST
train-02856,video/train/F/train-02856.mp4,OTHER,F,train,train,OTHER
train-02857,video/train/F/train-02857.mp4,OTHER,F,train,train,OTHER
train-02858,video/train/F/train-02858.mp4,ACTION_REQUEST,F,train,train,ACTION_REQUEST
train-02859,video/train/F/train-02859.mp4,PURCHASE,F,train,train,PURCHASE
train-02860,video/train/F/train-02860.mp4,EMOTION,F,train,train,EMOTION
train-02861,video/train/F/train-02861.mp4,OTHER,F,train,train,OTHER
train-02862,video/train/F/train-02862.mp4,NEGATION,F,train,train,NEGATION
train-02863,video/train/F/train-02863.mp4,PURCHASE,F,train,train,PURCHASE
train-02864,video/train/F/train-02864.mp4,OTHER,F,train,train,OTHER
train-02865,video/train/F/train-02865.mp4,OTHER,F,train,train,OTHER
train-02866,video/train/F/train-02866.mp4,OTHER,F,train,train,OTHER
train-02867,video/train/F/train-02867.mp4,OTHER,F,train,train,OTHER
train-02868,video/train/F/train-02868.mp4,OTHER,F,train,train,OTHER
train-02869,video/train/F/train-02869.mp4,OTHER,F,train,train,OTHER
train-02870,video/train/F/train-02870.mp4,OTHER,F,train,train,OTHER
train-02871,video/train/F/train-02871.mp4,OTHER,F,train,train,OTHER
train-02872,video/train/F/train-02872.mp4,OTHER,F,train,train,OTHER
train-02873,video/train/F/train-02873.mp4,QUESTION,F,train,train,QUESTION
train-02874,video/train/F/train-02874.mp4,OTHER,F,train,train,OTHER
train-02875,video/train/F/train-02875.mp4,TIME_QUERY,F,train,train,TIME_QUERY
train-02876,video/train/F/train-02876.mp4,TIME_QUERY,F,train,train,TIME_QUERY
train-02877,video/train/F/train-02877.mp4,OTHER,F,train,train,OTHER
train-02878,video/train/F/train-02878.mp4,PURCHASE,F,train,train,PURCHASE
train-02879,video/train/F/train-02879.mp4,HEALTH,F,train,train,HEALTH
train-02880,video/train/F/train-02880.mp4,OTHER,F,train,train,OTHER
train-02881,video/train/F/train-02881.mp4,OTHER,F,train,train,OTHER
train-02882,video/train/F/train-02882.mp4,OTHER,F,train,train,OTHER
train-02883,video/train/F/train-02883.mp4,OTHER,F,train,train,OTHER
train-02884,video/train/F/train-02884.mp4,OTHER,F,train,train,OTHER
train-02885,video/train/F/train-02885.mp4,OTHER,F,train,train,OTHER
train-02886,video/train/F/train-02886.mp4,OTHER,F,train,train,OTHER
train-02887,video/train/F/train-02887.mp4,CONFIRMATION,F,train,train,CONFIRMATION
train-02888,video/train/F/train-02888.mp4,OTHER,F,train,train,OTHER
train-02889,video/train/F/train-02889.mp4,OTHER,F,train,train,OTHER
train-02890,video/train/F/train-02890.mp4,PURCHASE,F,train,train,PURCHASE
train-02891,video/train/F/train-02891.mp4,OTHER,F,train,train,OTHER
train-02892,video/train/F/train-02892.mp4,OTHER,F,train,train,OTHER
train-02893,video/train/F/train-02893.mp4,OTHER,F,train,train,OTHER
train-02894,video/train/F/train-02894.mp4,ACTION_REQUEST,F,train,train,ACTION_REQUEST
train-02895,video/train/F/train-02895.mp4,OTHER,F,train,train,OTHER
train-02896,video/train/F/train-02896.mp4,OTHER,F,train,train,OTHER
train-02897,video/train/F/train-02897.mp4,OTHER,F,train,train,OTHER
train-02898,video/train/F/train-02898.mp4,OTHER,F,train,train,OTHER
train-02899,video/train/F/train-02899.mp4,OTHER,F,train,train,OTHER
train-02900,video/train/F/train-02900.mp4,OTHER,F,train,train,OTHER
train-02901,video/train/F/train-02901.mp4,OTHER,F,train,train,OTHER
train-02902,video/train/F/train-02902.mp4,OTHER,F,train,train,OTHER
train-02903,video/train/F/train-02903.mp4,OTHER,F,train,train,OTHER
train-02904,video/train/F/train-02904.mp4,ACTION_REQUEST,F,train,train,ACTION_REQUEST
train-02905,video/train/F/train-02905.mp4,QUESTION,F,train,train,QUESTION
train-02906,video/train/F/train-02906.mp4,QUESTION,F,train,train,QUESTION
train-02907,video/train/F/train-02907.mp4,CONFIRMATION,F,train,train,CONFIRMATION
train-02908,video/train/F/train-02908.mp4,QUESTION,F,train,train,QUESTION
train-02909,video/train/F/train-02909.mp4,OTHER,F,train,train,OTHER
train-02910,video/train/F/train-02910.mp4,OTHER,F,train,train,OTHER
train-02911,video/train/F/train-02911.mp4,PURCHASE,F,train,train,PURCHASE
train-02912,video/train/F/train-02912.mp4,PURCHASE,F,train,train,PURCHASE
train-02913,video/train/F/train-02913.mp4,ACTION_REQUEST,F,train,train,ACTION_REQUEST
train-02914,video/train/F/train-02914.mp4,OTHER,F,train,train,OTHER
train-02915,video/train/F/train-02915.mp4,OTHER,F,train,train,OTHER
train-02916,video/train/F/train-02916.mp4,OTHER,F,train,train,OTHER
train-02917,video/train/F/train-02917.mp4,OTHER,F,train,train,OTHER
train-02918,video/train/F/train-02918.mp4,OTHER,F,train,train,OTHER
train-02919,video/train/F/train-02919.mp4,OTHER,F,train,train,OTHER
train-02920,video/train/F/train-02920.mp4,OTHER,F,train,train,OTHER
train-02921,video/train/F/train-02921.mp4,OTHER,F,train,train,OTHER
train-02922,video/train/F/train-02922.mp4,OTHER,F,train,train,OTHER
train-02923,video/train/F/train-02923.mp4,TIME_QUERY,F,train,train,TIME_QUERY
train-02924,video/train/F/train-02924.mp4,OTHER,F,train,train,OTHER
train-02925,video/train/F/train-02925.mp4,ACTION_REQUEST,F,train,train,ACTION_REQUEST
train-02926,video/train/F/train-02926.mp4,OTHER,F,train,train,OTHER
train-02927,video/train/F/train-02927.mp4,OTHER,F,train,train,OTHER
train-02928,video/train/F/train-02928.mp4,ACTION_REQUEST,F,train,train,ACTION_REQUEST
train-02929,video/train/F/train-02929.mp4,OTHER,F,train,train,OTHER
train-02930,video/train/F/train-02930.mp4,ACTION_REQUEST,F,train,train,ACTION_REQUEST
train-02931,video/train/F/train-02931.mp4,ACTION_REQUEST,F,train,train,ACTION_REQUEST
train-02932,video/train/F/train-02932.mp4,OTHER,F,train,train,OTHER
train-02933,video/train/F/train-02933.mp4,OTHER,F,train,train,OTHER
train-02934,video/train/F/train-02934.mp4,OTHER,F,train,train,OTHER
train-02935,video/train/F/train-02935.mp4,OTHER,F,train,train,OTHER
train-02936,video/train/F/train-02936.mp4,OTHER,F,train,train,OTHER
train-02937,video/train/F/train-02937.mp4,NEGATION,F,train,train,NEGATION
train-02938,video/train/F/train-02938.mp4,OTHER,F,train,train,OTHER
train-02939,video/train/F/train-02939.mp4,NEGATION,F,train,train,NEGATION
train-02940,video/train/F/train-02940.mp4,OTHER,F,train,train,OTHER
train-02941,video/train/F/train-02941.mp4,OTHER,F,train,train,OTHER
train-02942,video/train/F/train-02942.mp4,OTHER,F,train,train,OTHER
train-02943,video/train/F/train-02943.mp4,HELP_REQUEST,F,train,train,HELP_REQUEST
train-02944,video/train/F/train-02944.mp4,CONFIRMATION,F,train,train,CONFIRMATION
train-02945,video/train/F/train-02945.mp4,OTHER,F,train,train,OTHER
train-02946,video/train/F/train-02946.mp4,OTHER,F,train,train,OTHER
train-02947,video/train/F/train-02947.mp4,OTHER,F,train,train,OTHER
train-02948,video/train/F/train-02948.mp4,PURCHASE,F,train,train,PURCHASE
train-02949,video/train/F/train-02949.mp4,OTHER,F,train,train,OTHER
train-02950,video/train/F/train-02950.mp4,OTHER,F,train,train,OTHER
train-02951,video/train/F/train-02951.mp4,NEGATION,F,train,train,NEGATION
train-02952,video/train/F/train-02952.mp4,OTHER,F,train,train,OTHER
train-02953,video/train/F/train-02953.mp4,LOCATION_QUERY,F,train,train,LOCATION_QUERY
train-02954,video/train/F/train-02954.mp4,OTHER,F,train,train,OTHER
train-02955,video/train/F/train-02955.mp4,OTHER,F,train,train,OTHER
train-02956,video/train/F/train-02956.mp4,OTHER,F,train,train,OTHER
train-02957,video/train/F/train-02957.mp4,PURCHASE,F,train,train,PURCHASE
train-02958,video/train/F/train-02958.mp4,OTHER,F,train,train,OTHER
train-02959,video/train/F/train-02959.mp4,EMOTION,F,train,train,EMOTION
train-02960,video/train/F/train-02960.mp4,EMOTION,F,train,train,EMOTION
train-02961,video/train/F/train-02961.mp4,EMOTION,F,train,train,EMOTION
train-02962,video/train/F/train-02962.mp4,TIME_QUERY,F,train,train,TIME_QUERY
train-02963,video/train/F/train-02963.mp4,NEGATION,F,train,train,NEGATION
train-02964,video/train/F/train-02964.mp4,NEGATION,F,train,train,NEGATION
train-02965,video/train/F/train-02965.mp4,ACTION_REQUEST,F,train,train,ACTION_REQUEST
train-02966,video/train/F/train-02966.mp4,OTHER,F,train,train,OTHER
train-02967,video/train/F/train-02967.mp4,OTHER,F,train,train,OTHER
train-02968,video/train/F/train-02968.mp4,CONFIRMATION,F,train,train,CONFIRMATION
train-02969,video/train/F/train-02969.mp4,OTHER,F,train,train,OTHER
train-02970,video/train/F/train-02970.mp4,QUESTION,F,train,train,QUESTION
train-02971,video/train/F/train-02971.mp4,EMOTION,F,train,train,EMOTION
train-02972,video/train/F/train-02972.mp4,TIME_QUERY,F,train,train,TIME_QUERY
train-02973,video/train/F/train-02973.mp4,QUESTION,F,train,train,QUESTION
train-02974,video/train/F/train-02974.mp4,CONFIRMATION,F,train,train,CONFIRMATION
train-02975,video/train/F/train-02975.mp4,OTHER,F,train,train,OTHER
train-02976,video/train/F/train-02976.mp4,OTHER,F,train,train,OTHER
train-02977,video/train/F/train-02977.mp4,CONFIRMATION,F,train,train,CONFIRMATION
train-02978,video/train/F/train-02978.mp4,OTHER,F,train,train,OTHER
train-02979,video/train/G/train-02979.mp4,OTHER,G,train,train,OTHER
train-02980,video/train/G/train-02980.mp4,NEGATION,G,train,train,NEGATION
train-02981,video/train/G/train-02981.mp4,CONFIRMATION,G,train,train,CONFIRMATION
train-02982,video/train/G/train-02982.mp4,OTHER,G,train,train,OTHER
train-02983,video/train/G/train-02983.mp4,OTHER,G,train,train,OTHER
train-02984,video/train/G/train-02984.mp4,OTHER,G,train,train,OTHER
train-02985,video/train/G/train-02985.mp4,TIME_QUERY,G,train,train,TIME_QUERY
train-02986,video/train/G/train-02986.mp4,TIME_QUERY,G,train,train,TIME_QUERY
train-02987,video/train/G/train-02987.mp4,TIME_QUERY,G,train,train,TIME_QUERY
train-02988,video/train/G/train-02988.mp4,OTHER,G,train,train,OTHER
train-02989,video/train/G/train-02989.mp4,CONFIRMATION,G,train,train,CONFIRMATION
train-02990,video/train/G/train-02990.mp4,TIME_QUERY,G,train,train,TIME_QUERY
train-02991,video/train/G/train-02991.mp4,TIME_QUERY,G,train,train,TIME_QUERY
train-02992,video/train/G/train-02992.mp4,TIME_QUERY,G,train,train,TIME_QUERY
train-02993,video/train/G/train-02993.mp4,TIME_QUERY,G,train,train,TIME_QUERY
train-02994,video/train/G/train-02994.mp4,TIME_QUERY,G,train,train,TIME_QUERY
train-02995,video/train/G/train-02995.mp4,CONFIRMATION,G,train,train,CONFIRMATION
train-02996,video/train/G/train-02996.mp4,CONFIRMATION,G,train,train,CONFIRMATION
train-02997,video/train/G/train-02997.mp4,CONFIRMATION,G,train,train,CONFIRMATION
train-02998,video/train/G/train-02998.mp4,CONFIRMATION,G,train,train,CONFIRMATION
train-02999,video/train/G/train-02999.mp4,ACTION_REQUEST,G,train,train,ACTION_REQUEST
train-03000,video/train/G/train-03000.mp4,CONFIRMATION,G,train,train,CONFIRMATION
train-03001,video/train/G/train-03001.mp4,CONFIRMATION,G,train,train,CONFIRMATION
train-03002,video/train/G/train-03002.mp4,CONFIRMATION,G,train,train,CONFIRMATION
train-03003,video/train/G/train-03003.mp4,CONFIRMATION,G,train,train,CONFIRMATION
train-03004,video/train/G/train-03004.mp4,CONFIRMATION,G,train,train,CONFIRMATION
train-03005,video/train/G/train-03005.mp4,CONFIRMATION,G,train,train,CONFIRMATION
train-03006,video/train/G/train-03006.mp4,CONFIRMATION,G,train,train,CONFIRMATION
train-03007,video/train/G/train-03007.mp4,OTHER,G,train,train,OTHER
train-03008,video/train/G/train-03008.mp4,CONFIRMATION,G,train,train,CONFIRMATION
train-03009,video/train/G/train-03009.mp4,CONFIRMATION,G,train,train,CONFIRMATION
train-03010,video/train/G/train-03010.mp4,LIKE_PREFERENCE,G,train,train,LIKE_PREFERENCE
train-03011,video/train/G/train-03011.mp4,CONFIRMATION,G,train,train,CONFIRMATION
train-03012,video/train/G/train-03012.mp4,CONFIRMATION,G,train,train,CONFIRMATION
train-03013,video/train/G/train-03013.mp4,CONFIRMATION,G,train,train,CONFIRMATION
train-03014,video/train/G/train-03014.mp4,CONFIRMATION,G,train,train,CONFIRMATION
train-03015,video/train/G/train-03015.mp4,CONFIRMATION,G,train,train,CONFIRMATION
train-03016,video/train/G/train-03016.mp4,EMOTION,G,train,train,EMOTION
train-03017,video/train/G/train-03017.mp4,OTHER,G,train,train,OTHER
train-03018,video/train/G/train-03018.mp4,CONFIRMATION,G,train,train,CONFIRMATION
train-03019,video/train/G/train-03019.mp4,PURCHASE,G,train,train,PURCHASE
train-03020,video/train/G/train-03020.mp4,ACTION_REQUEST,G,train,train,ACTION_REQUEST
train-03021,video/train/G/train-03021.mp4,LOCATION_QUERY,G,train,train,LOCATION_QUERY
train-03022,video/train/G/train-03022.mp4,LIKE_PREFERENCE,G,train,train,LIKE_PREFERENCE
train-03023,video/train/G/train-03023.mp4,LOCATION_QUERY,G,train,train,LOCATION_QUERY
train-03024,video/train/G/train-03024.mp4,LIKE_PREFERENCE,G,train,train,LIKE_PREFERENCE
train-03025,video/train/G/train-03025.mp4,CONFIRMATION,G,train,train,CONFIRMATION
train-03026,video/train/G/train-03026.mp4,CONFIRMATION,G,train,train,CONFIRMATION
train-03027,video/train/G/train-03027.mp4,OTHER,G,train,train,OTHER
train-03028,video/train/G/train-03028.mp4,CONFIRMATION,G,train,train,CONFIRMATION
train-03029,video/train/G/train-03029.mp4,OTHER,G,train,train,OTHER
train-03030,video/train/G/train-03030.mp4,OTHER,G,train,train,OTHER
train-03031,video/train/G/train-03031.mp4,OTHER,G,train,train,OTHER
train-03032,video/train/G/train-03032.mp4,LOCATION_QUERY,G,train,train,LOCATION_QUERY
train-03033,video/train/G/train-03033.mp4,TIME_QUERY,G,train,train,TIME_QUERY
train-03034,video/train/G/train-03034.mp4,OTHER,G,train,train,OTHER
train-03035,video/train/G/train-03035.mp4,ACTION_REQUEST,G,train,train,ACTION_REQUEST
train-03036,video/train/G/train-03036.mp4,OTHER,G,train,train,OTHER
train-03037,video/train/G/train-03037.mp4,OTHER,G,train,train,OTHER
train-03038,video/train/G/train-03038.mp4,OTHER,G,train,train,OTHER
train-03039,video/train/G/train-03039.mp4,HEALTH,G,train,train,HEALTH
train-03040,video/train/G/train-03040.mp4,EMOTION,G,train,train,EMOTION
train-03041,video/train/G/train-03041.mp4,OTHER,G,train,train,OTHER
train-03042,video/train/G/train-03042.mp4,OTHER,G,train,train,OTHER
train-03043,video/train/G/train-03043.mp4,HELP_REQUEST,G,train,train,HELP_REQUEST
train-03044,video/train/G/train-03044.mp4,TIME_QUERY,G,train,train,TIME_QUERY
train-03045,video/train/G/train-03045.mp4,TIME_QUERY,G,train,train,TIME_QUERY
train-03046,video/train/G/train-03046.mp4,ACTION_REQUEST,G,train,train,ACTION_REQUEST
train-03047,video/train/G/train-03047.mp4,OTHER,G,train,train,OTHER
train-03048,video/train/G/train-03048.mp4,OTHER,G,train,train,OTHER
train-03049,video/train/G/train-03049.mp4,OTHER,G,train,train,OTHER
train-03050,video/train/G/train-03050.mp4,OTHER,G,train,train,OTHER
train-03051,video/train/G/train-03051.mp4,OTHER,G,train,train,OTHER
train-03052,video/train/G/train-03052.mp4,HELP_REQUEST,G,train,train,HELP_REQUEST
train-03053,video/train/G/train-03053.mp4,OTHER,G,train,train,OTHER
train-03054,video/train/G/train-03054.mp4,LOCATION_QUERY,G,train,train,LOCATION_QUERY
train-03055,video/train/G/train-03055.mp4,ACTION_REQUEST,G,train,train,ACTION_REQUEST
train-03056,video/train/G/train-03056.mp4,PURCHASE,G,train,train,PURCHASE
train-03057,video/train/G/train-03057.mp4,TIME_QUERY,G,train,train,TIME_QUERY
train-03058,video/train/G/train-03058.mp4,TIME_QUERY,G,train,train,TIME_QUERY
train-03059,video/train/G/train-03059.mp4,TIME_QUERY,G,train,train,TIME_QUERY
train-03060,video/train/G/train-03060.mp4,TIME_QUERY,G,train,train,TIME_QUERY
train-03061,video/train/G/train-03061.mp4,TIME_QUERY,G,train,train,TIME_QUERY
train-03062,video/train/G/train-03062.mp4,TIME_QUERY,G,train,train,TIME_QUERY
train-03063,video/train/G/train-03063.mp4,TIME_QUERY,G,train,train,TIME_QUERY
train-03064,video/train/G/train-03064.mp4,OTHER,G,train,train,OTHER
train-03065,video/train/G/train-03065.mp4,ACTION_REQUEST,G,train,train,ACTION_REQUEST
train-03066,video/train/G/train-03066.mp4,ACTION_REQUEST,G,train,train,ACTION_REQUEST
train-03067,video/train/G/train-03067.mp4,ACTION_REQUEST,G,train,train,ACTION_REQUEST
train-03068,video/train/G/train-03068.mp4,TIME_QUERY,G,train,train,TIME_QUERY
train-03069,video/train/G/train-03069.mp4,ACTION_REQUEST,G,train,train,ACTION_REQUEST
train-03070,video/train/G/train-03070.mp4,LIKE_PREFERENCE,G,train,train,LIKE_PREFERENCE
train-03071,video/train/G/train-03071.mp4,LIKE_PREFERENCE,G,train,train,LIKE_PREFERENCE
train-03072,video/train/G/train-03072.mp4,OTHER,G,train,train,OTHER
train-03073,video/train/G/train-03073.mp4,ACTION_REQUEST,G,train,train,ACTION_REQUEST
train-03074,video/train/G/train-03074.mp4,OTHER,G,train,train,OTHER
train-03075,video/train/G/train-03075.mp4,OTHER,G,train,train,OTHER
train-03076,video/train/G/train-03076.mp4,OTHER,G,train,train,OTHER
train-03077,video/train/G/train-03077.mp4,OTHER,G,train,train,OTHER
train-03078,video/train/G/train-03078.mp4,LOCATION_QUERY,G,train,train,LOCATION_QUERY
train-03079,video/train/G/train-03079.mp4,OTHER,G,train,train,OTHER
train-03080,video/train/G/train-03080.mp4,ACTION_REQUEST,G,train,train,ACTION_REQUEST
train-03081,video/train/G/train-03081.mp4,OTHER,G,train,train,OTHER
train-03082,video/train/G/train-03082.mp4,OTHER,G,train,train,OTHER
train-03083,video/train/G/train-03083.mp4,HEALTH,G,train,train,HEALTH
train-03084,video/train/G/train-03084.mp4,OTHER,G,train,train,OTHER
train-03085,video/train/G/train-03085.mp4,LOCATION_QUERY,G,train,train,LOCATION_QUERY
train-03086,video/train/G/train-03086.mp4,OTHER,G,train,train,OTHER
train-03087,video/train/G/train-03087.mp4,OTHER,G,train,train,OTHER
train-03088,video/train/G/train-03088.mp4,OTHER,G,train,train,OTHER
train-03089,video/train/G/train-03089.mp4,EMOTION,G,train,train,EMOTION
train-03090,video/train/G/train-03090.mp4,OTHER,G,train,train,OTHER
train-03091,video/train/G/train-03091.mp4,QUESTION,G,train,train,QUESTION
train-03092,video/train/G/train-03092.mp4,LIKE_PREFERENCE,G,train,train,LIKE_PREFERENCE
train-03093,video/train/G/train-03093.mp4,LIKE_PREFERENCE,G,train,train,LIKE_PREFERENCE
train-03094,video/train/G/train-03094.mp4,LIKE_PREFERENCE,G,train,train,LIKE_PREFERENCE
train-03095,video/train/G/train-03095.mp4,LIKE_PREFERENCE,G,train,train,LIKE_PREFERENCE
train-03096,video/train/G/train-03096.mp4,LIKE_PREFERENCE,G,train,train,LIKE_PREFERENCE
train-03097,video/train/G/train-03097.mp4,HELP_REQUEST,G,train,train,HELP_REQUEST
train-03098,video/train/G/train-03098.mp4,ACTION_REQUEST,G,train,train,ACTION_REQUEST
train-03099,video/train/G/train-03099.mp4,OTHER,G,train,train,OTHER
train-03100,video/train/G/train-03100.mp4,HEALTH,G,train,train,HEALTH
train-03101,video/train/G/train-03101.mp4,OTHER,G,train,train,OTHER
train-03102,video/train/G/train-03102.mp4,LIKE_PREFERENCE,G,train,train,LIKE_PREFERENCE
train-03103,video/train/G/train-03103.mp4,LOCATION_QUERY,G,train,train,LOCATION_QUERY
train-03104,video/train/G/train-03104.mp4,TIME_QUERY,G,train,train,TIME_QUERY
train-03105,video/train/G/train-03105.mp4,TIME_QUERY,G,train,train,TIME_QUERY
train-03106,video/train/G/train-03106.mp4,TIME_QUERY,G,train,train,TIME_QUERY
train-03107,video/train/G/train-03107.mp4,TIME_QUERY,G,train,train,TIME_QUERY
train-03108,video/train/G/train-03108.mp4,TIME_QUERY,G,train,train,TIME_QUERY
train-03109,video/train/G/train-03109.mp4,TIME_QUERY,G,train,train,TIME_QUERY
train-03110,video/train/G/train-03110.mp4,TIME_QUERY,G,train,train,TIME_QUERY
train-03111,video/train/G/train-03111.mp4,TIME_QUERY,G,train,train,TIME_QUERY
train-03112,video/train/G/train-03112.mp4,TIME_QUERY,G,train,train,TIME_QUERY
train-03113,video/train/G/train-03113.mp4,QUESTION,G,train,train,QUESTION
train-03114,video/train/G/train-03114.mp4,TIME_QUERY,G,train,train,TIME_QUERY
train-03115,video/train/G/train-03115.mp4,TIME_QUERY,G,train,train,TIME_QUERY
train-03116,video/train/G/train-03116.mp4,TIME_QUERY,G,train,train,TIME_QUERY
train-03117,video/train/G/train-03117.mp4,OTHER,G,train,train,OTHER
train-03118,video/train/G/train-03118.mp4,OTHER,G,train,train,OTHER
train-03119,video/train/G/train-03119.mp4,OTHER,G,train,train,OTHER
train-03120,video/train/G/train-03120.mp4,OTHER,G,train,train,OTHER
train-03121,video/train/G/train-03121.mp4,QUESTION,G,train,train,QUESTION
train-03122,video/train/G/train-03122.mp4,ACTION_REQUEST,G,train,train,ACTION_REQUEST
train-03123,video/train/G/train-03123.mp4,OTHER,G,train,train,OTHER
train-03124,video/train/G/train-03124.mp4,OTHER,G,train,train,OTHER
train-03125,video/train/G/train-03125.mp4,OTHER,G,train,train,OTHER
train-03126,video/train/G/train-03126.mp4,OTHER,G,train,train,OTHER
train-03127,video/train/G/train-03127.mp4,ACTION_REQUEST,G,train,train,ACTION_REQUEST
train-03128,video/train/G/train-03128.mp4,CONFIRMATION,G,train,train,CONFIRMATION
train-03129,video/train/G/train-03129.mp4,OTHER,G,train,train,OTHER
train-03130,video/train/G/train-03130.mp4,HELP_REQUEST,G,train,train,HELP_REQUEST
train-03131,video/train/G/train-03131.mp4,OTHER,G,train,train,OTHER
train-03132,video/train/G/train-03132.mp4,LIKE_PREFERENCE,G,train,train,LIKE_PREFERENCE
train-03133,video/train/G/train-03133.mp4,PURCHASE,G,train,train,PURCHASE
train-03134,video/train/G/train-03134.mp4,OTHER,G,train,train,OTHER
train-03135,video/train/G/train-03135.mp4,OTHER,G,train,train,OTHER
train-03136,video/train/G/train-03136.mp4,OTHER,G,train,train,OTHER
train-03137,video/train/G/train-03137.mp4,OTHER,G,train,train,OTHER
train-03138,video/train/G/train-03138.mp4,OTHER,G,train,train,OTHER
train-03139,video/train/G/train-03139.mp4,OTHER,G,train,train,OTHER
train-03140,video/train/G/train-03140.mp4,OTHER,G,train,train,OTHER
train-03141,video/train/G/train-03141.mp4,OTHER,G,train,train,OTHER
train-03142,video/train/G/train-03142.mp4,OTHER,G,train,train,OTHER
train-03143,video/train/G/train-03143.mp4,QUESTION,G,train,train,QUESTION
train-03144,video/train/G/train-03144.mp4,OTHER,G,train,train,OTHER
train-03145,video/train/G/train-03145.mp4,OTHER,G,train,train,OTHER
train-03146,video/train/G/train-03146.mp4,CONFIRMATION,G,train,train,CONFIRMATION
train-03147,video/train/G/train-03147.mp4,QUESTION,G,train,train,QUESTION
train-03148,video/train/G/train-03148.mp4,HELP_REQUEST,G,train,train,HELP_REQUEST
train-03149,video/train/G/train-03149.mp4,OTHER,G,train,train,OTHER
train-03150,video/train/G/train-03150.mp4,EMOTION,G,train,train,EMOTION
train-03151,video/train/G/train-03151.mp4,OTHER,G,train,train,OTHER
train-03152,video/train/G/train-03152.mp4,ACTION_REQUEST,G,train,train,ACTION_REQUEST
train-03153,video/train/G/train-03153.mp4,CONFIRMATION,G,train,train,CONFIRMATION
train-03154,video/train/G/train-03154.mp4,TIME_QUERY,G,train,train,TIME_QUERY
train-03155,video/train/G/train-03155.mp4,CONFIRMATION,G,train,train,CONFIRMATION
train-03156,video/train/G/train-03156.mp4,ACTION_REQUEST,G,train,train,ACTION_REQUEST
train-03157,video/train/G/train-03157.mp4,OTHER,G,train,train,OTHER
train-03158,video/train/G/train-03158.mp4,ACTION_REQUEST,G,train,train,ACTION_REQUEST
train-03159,video/train/G/train-03159.mp4,ACTION_REQUEST,G,train,train,ACTION_REQUEST
train-03160,video/train/G/train-03160.mp4,QUESTION,G,train,train,QUESTION
train-03161,video/train/G/train-03161.mp4,OTHER,G,train,train,OTHER
train-03162,video/train/G/train-03162.mp4,OTHER,G,train,train,OTHER
train-03163,video/train/G/train-03163.mp4,OTHER,G,train,train,OTHER
train-03164,video/train/G/train-03164.mp4,OTHER,G,train,train,OTHER
train-03165,video/train/G/train-03165.mp4,OTHER,G,train,train,OTHER
train-03166,video/train/G/train-03166.mp4,TIME_QUERY,G,train,train,TIME_QUERY
train-03167,video/train/G/train-03167.mp4,OTHER,G,train,train,OTHER
train-03168,video/train/G/train-03168.mp4,OTHER,G,train,train,OTHER
train-03169,video/train/G/train-03169.mp4,ACTION_REQUEST,G,train,train,ACTION_REQUEST
train-03170,video/train/G/train-03170.mp4,OTHER,G,train,train,OTHER
train-03171,video/train/G/train-03171.mp4,LIKE_PREFERENCE,G,train,train,LIKE_PREFERENCE
train-03172,video/train/G/train-03172.mp4,QUESTION,G,train,train,QUESTION
train-03173,video/train/G/train-03173.mp4,CONFIRMATION,G,train,train,CONFIRMATION
train-03174,video/train/G/train-03174.mp4,CONFIRMATION,G,train,train,CONFIRMATION
train-03175,video/train/G/train-03175.mp4,LOCATION_QUERY,G,train,train,LOCATION_QUERY
train-03176,video/train/G/train-03176.mp4,LOCATION_QUERY,G,train,train,LOCATION_QUERY
train-03177,video/train/G/train-03177.mp4,OTHER,G,train,train,OTHER
train-03178,video/train/G/train-03178.mp4,ACTION_REQUEST,G,train,train,ACTION_REQUEST
train-03179,video/train/G/train-03179.mp4,LOCATION_QUERY,G,train,train,LOCATION_QUERY
train-03180,video/train/G/train-03180.mp4,OTHER,G,train,train,OTHER
train-03181,video/train/G/train-03181.mp4,CONFIRMATION,G,train,train,CONFIRMATION
train-03182,video/train/G/train-03182.mp4,QUESTION,G,train,train,QUESTION
train-03183,video/train/G/train-03183.mp4,OTHER,G,train,train,OTHER
train-03184,video/train/G/train-03184.mp4,EMOTION,G,train,train,EMOTION
train-03185,video/train/G/train-03185.mp4,QUESTION,G,train,train,QUESTION
train-03186,video/train/G/train-03186.mp4,OTHER,G,train,train,OTHER
train-03187,video/train/G/train-03187.mp4,OTHER,G,train,train,OTHER
train-03188,video/train/G/train-03188.mp4,OTHER,G,train,train,OTHER
train-03189,video/train/G/train-03189.mp4,OTHER,G,train,train,OTHER
train-03190,video/train/G/train-03190.mp4,OTHER,G,train,train,OTHER
train-03191,video/train/G/train-03191.mp4,OTHER,G,train,train,OTHER
train-03192,video/train/G/train-03192.mp4,OTHER,G,train,train,OTHER
train-03193,video/train/G/train-03193.mp4,OTHER,G,train,train,OTHER
train-03194,video/train/G/train-03194.mp4,OTHER,G,train,train,OTHER
train-03195,video/train/G/train-03195.mp4,OTHER,G,train,train,OTHER
train-03196,video/train/G/train-03196.mp4,ACTION_REQUEST,G,train,train,ACTION_REQUEST
train-03197,video/train/G/train-03197.mp4,CONFIRMATION,G,train,train,CONFIRMATION
train-03198,video/train/G/train-03198.mp4,QUESTION,G,train,train,QUESTION
train-03199,video/train/G/train-03199.mp4,CONFIRMATION,G,train,train,CONFIRMATION
train-03200,video/train/G/train-03200.mp4,PURCHASE,G,train,train,PURCHASE
train-03201,video/train/G/train-03201.mp4,CONFIRMATION,G,train,train,CONFIRMATION
train-03202,video/train/G/train-03202.mp4,CONFIRMATION,G,train,train,CONFIRMATION
train-03203,video/train/G/train-03203.mp4,ACTION_REQUEST,G,train,train,ACTION_REQUEST
train-03204,video/train/G/train-03204.mp4,CONFIRMATION,G,train,train,CONFIRMATION
train-03205,video/train/G/train-03205.mp4,PURCHASE,G,train,train,PURCHASE
train-03206,video/train/G/train-03206.mp4,CONFIRMATION,G,train,train,CONFIRMATION
train-03207,video/train/G/train-03207.mp4,CONFIRMATION,G,train,train,CONFIRMATION
train-03208,video/train/G/train-03208.mp4,ACTION_REQUEST,G,train,train,ACTION_REQUEST
train-03209,video/train/G/train-03209.mp4,CONFIRMATION,G,train,train,CONFIRMATION
train-03210,video/train/G/train-03210.mp4,ACTION_REQUEST,G,train,train,ACTION_REQUEST
train-03211,video/train/G/train-03211.mp4,CONFIRMATION,G,train,train,CONFIRMATION
train-03212,video/train/G/train-03212.mp4,CONFIRMATION,G,train,train,CONFIRMATION
train-03213,video/train/G/train-03213.mp4,OTHER,G,train,train,OTHER
train-03214,video/train/G/train-03214.mp4,OTHER,G,train,train,OTHER
train-03215,video/train/G/train-03215.mp4,OTHER,G,train,train,OTHER
train-03216,video/train/G/train-03216.mp4,TIME_QUERY,G,train,train,TIME_QUERY
train-03217,video/train/G/train-03217.mp4,OTHER,G,train,train,OTHER
train-03218,video/train/G/train-03218.mp4,OTHER,G,train,train,OTHER
train-03219,video/train/G/train-03219.mp4,CONFIRMATION,G,train,train,CONFIRMATION
train-03220,video/train/G/train-03220.mp4,LIKE_PREFERENCE,G,train,train,LIKE_PREFERENCE
train-03221,video/train/G/train-03221.mp4,PURCHASE,G,train,train,PURCHASE
train-03222,video/train/G/train-03222.mp4,OTHER,G,train,train,OTHER
train-03223,video/train/G/train-03223.mp4,QUESTION,G,train,train,QUESTION
train-03224,video/train/G/train-03224.mp4,OTHER,G,train,train,OTHER
train-03225,video/train/G/train-03225.mp4,TIME_QUERY,G,train,train,TIME_QUERY
train-03226,video/train/G/train-03226.mp4,ACTION_REQUEST,G,train,train,ACTION_REQUEST
train-03227,video/train/G/train-03227.mp4,OTHER,G,train,train,OTHER
train-03228,video/train/G/train-03228.mp4,OTHER,G,train,train,OTHER
train-03229,video/train/G/train-03229.mp4,PURCHASE,G,train,train,PURCHASE
train-03230,video/train/G/train-03230.mp4,ACTION_REQUEST,G,train,train,ACTION_REQUEST
train-03231,video/train/G/train-03231.mp4,ACTION_REQUEST,G,train,train,ACTION_REQUEST
train-03232,video/train/G/train-03232.mp4,OTHER,G,train,train,OTHER
train-03233,video/train/G/train-03233.mp4,OTHER,G,train,train,OTHER
train-03234,video/train/G/train-03234.mp4,OTHER,G,train,train,OTHER
train-03235,video/train/G/train-03235.mp4,OTHER,G,train,train,OTHER
train-03236,video/train/G/train-03236.mp4,OTHER,G,train,train,OTHER
train-03237,video/train/G/train-03237.mp4,OTHER,G,train,train,OTHER
train-03238,video/train/G/train-03238.mp4,OTHER,G,train,train,OTHER
train-03239,video/train/G/train-03239.mp4,CONFIRMATION,G,train,train,CONFIRMATION
train-03240,video/train/G/train-03240.mp4,CONFIRMATION,G,train,train,CONFIRMATION
train-03241,video/train/G/train-03241.mp4,CONFIRMATION,G,train,train,CONFIRMATION
train-03242,video/train/G/train-03242.mp4,OTHER,G,train,train,OTHER
train-03243,video/train/G/train-03243.mp4,OTHER,G,train,train,OTHER
train-03244,video/train/G/train-03244.mp4,OTHER,G,train,train,OTHER
train-03245,video/train/G/train-03245.mp4,OTHER,G,train,train,OTHER
train-03246,video/train/G/train-03246.mp4,OTHER,G,train,train,OTHER
train-03247,video/train/G/train-03247.mp4,QUESTION,G,train,train,QUESTION
train-03248,video/train/G/train-03248.mp4,OTHER,G,train,train,OTHER
train-03249,video/train/G/train-03249.mp4,OTHER,G,train,train,OTHER
train-03250,video/train/G/train-03250.mp4,QUESTION,G,train,train,QUESTION
train-03251,video/train/G/train-03251.mp4,OTHER,G,train,train,OTHER
train-03252,video/train/G/train-03252.mp4,OTHER,G,train,train,OTHER
train-03253,video/train/G/train-03253.mp4,NEGATION,G,train,train,NEGATION
train-03254,video/train/G/train-03254.mp4,PURCHASE,G,train,train,PURCHASE
train-03255,video/train/G/train-03255.mp4,TIME_QUERY,G,train,train,TIME_QUERY
train-03256,video/train/G/train-03256.mp4,OTHER,G,train,train,OTHER
train-03257,video/train/G/train-03257.mp4,OTHER,G,train,train,OTHER
train-03258,video/train/G/train-03258.mp4,HEALTH,G,train,train,HEALTH
train-03259,video/train/G/train-03259.mp4,OTHER,G,train,train,OTHER
train-03260,video/train/G/train-03260.mp4,CONFIRMATION,G,train,train,CONFIRMATION
train-03261,video/train/G/train-03261.mp4,OTHER,G,train,train,OTHER
train-03262,video/train/G/train-03262.mp4,OTHER,G,train,train,OTHER
train-03263,video/train/G/train-03263.mp4,OTHER,G,train,train,OTHER
train-03264,video/train/G/train-03264.mp4,LIKE_PREFERENCE,G,train,train,LIKE_PREFERENCE
train-03265,video/train/G/train-03265.mp4,OTHER,G,train,train,OTHER
train-03266,video/train/G/train-03266.mp4,TIME_QUERY,G,train,train,TIME_QUERY
train-03267,video/train/G/train-03267.mp4,HEALTH,G,train,train,HEALTH
train-03268,video/train/G/train-03268.mp4,CONFIRMATION,G,train,train,CONFIRMATION
train-03269,video/train/G/train-03269.mp4,OTHER,G,train,train,OTHER
train-03270,video/train/G/train-03270.mp4,OTHER,G,train,train,OTHER
train-03271,video/train/G/train-03271.mp4,OTHER,G,train,train,OTHER
train-03272,video/train/G/train-03272.mp4,TIME_QUERY,G,train,train,TIME_QUERY
train-03273,video/train/G/train-03273.mp4,NEGATION,G,train,train,NEGATION
train-03274,video/train/G/train-03274.mp4,OTHER,G,train,train,OTHER
train-03275,video/train/G/train-03275.mp4,PURCHASE,G,train,train,PURCHASE
train-03276,video/train/G/train-03276.mp4,ACTION_REQUEST,G,train,train,ACTION_REQUEST
train-03277,video/train/G/train-03277.mp4,OTHER,G,train,train,OTHER
train-03278,video/train/G/train-03278.mp4,OTHER,G,train,train,OTHER
train-03279,video/train/G/train-03279.mp4,ACTION_REQUEST,G,train,train,ACTION_REQUEST
train-03280,video/train/G/train-03280.mp4,OTHER,G,train,train,OTHER
train-03281,video/train/G/train-03281.mp4,OTHER,G,train,train,OTHER
train-03282,video/train/G/train-03282.mp4,OTHER,G,train,train,OTHER
train-03283,video/train/G/train-03283.mp4,ACTION_REQUEST,G,train,train,ACTION_REQUEST
train-03284,video/train/G/train-03284.mp4,CONFIRMATION,G,train,train,CONFIRMATION
train-03285,video/train/G/train-03285.mp4,ACTION_REQUEST,G,train,train,ACTION_REQUEST
train-03286,video/train/G/train-03286.mp4,QUESTION,G,train,train,QUESTION
train-03287,video/train/G/train-03287.mp4,QUESTION,G,train,train,QUESTION
train-03288,video/train/G/train-03288.mp4,QUESTION,G,train,train,QUESTION
train-03289,video/train/G/train-03289.mp4,QUESTION,G,train,train,QUESTION
train-03290,video/train/G/train-03290.mp4,QUESTION,G,train,train,QUESTION
train-03291,video/train/G/train-03291.mp4,QUESTION,G,train,train,QUESTION
train-03292,video/train/G/train-03292.mp4,OTHER,G,train,train,OTHER
train-03293,video/train/G/train-03293.mp4,QUESTION,G,train,train,QUESTION
train-03294,video/train/G/train-03294.mp4,CONFIRMATION,G,train,train,CONFIRMATION
train-03295,video/train/G/train-03295.mp4,OTHER,G,train,train,OTHER
train-03296,video/train/G/train-03296.mp4,CONFIRMATION,G,train,train,CONFIRMATION
train-03297,video/train/G/train-03297.mp4,OTHER,G,train,train,OTHER
train-03298,video/train/G/train-03298.mp4,ACTION_REQUEST,G,train,train,ACTION_REQUEST
train-03299,video/train/G/train-03299.mp4,OTHER,G,train,train,OTHER
train-03300,video/train/G/train-03300.mp4,OTHER,G,train,train,OTHER
train-03301,video/train/G/train-03301.mp4,HELP_REQUEST,G,train,train,HELP_REQUEST
train-03302,video/train/G/train-03302.mp4,CONFIRMATION,G,train,train,CONFIRMATION
train-03303,video/train/G/train-03303.mp4,OTHER,G,train,train,OTHER
train-03304,video/train/G/train-03304.mp4,OTHER,G,train,train,OTHER
train-03305,video/train/G/train-03305.mp4,OTHER,G,train,train,OTHER
train-03306,video/train/G/train-03306.mp4,OTHER,G,train,train,OTHER
train-03307,video/train/G/train-03307.mp4,OTHER,G,train,train,OTHER
train-03308,video/train/G/train-03308.mp4,OTHER,G,train,train,OTHER
train-03309,video/train/G/train-03309.mp4,QUESTION,G,train,train,QUESTION
train-03310,video/train/G/train-03310.mp4,ACTION_REQUEST,G,train,train,ACTION_REQUEST
train-03311,video/train/G/train-03311.mp4,OTHER,G,train,train,OTHER
train-03312,video/train/G/train-03312.mp4,TIME_QUERY,G,train,train,TIME_QUERY
train-03313,video/train/G/train-03313.mp4,TIME_QUERY,G,train,train,TIME_QUERY
train-03314,video/train/G/train-03314.mp4,TIME_QUERY,G,train,train,TIME_QUERY
train-03315,video/train/G/train-03315.mp4,TIME_QUERY,G,train,train,TIME_QUERY
train-03316,video/train/G/train-03316.mp4,TIME_QUERY,G,train,train,TIME_QUERY
train-03317,video/train/G/train-03317.mp4,TIME_QUERY,G,train,train,TIME_QUERY
train-03318,video/train/G/train-03318.mp4,ACTION_REQUEST,G,train,train,ACTION_REQUEST
train-03319,video/train/G/train-03319.mp4,OTHER,G,train,train,OTHER
train-03320,video/train/G/train-03320.mp4,OTHER,G,train,train,OTHER
train-03321,video/train/G/train-03321.mp4,LIKE_PREFERENCE,G,train,train,LIKE_PREFERENCE
train-03322,video/train/G/train-03322.mp4,OTHER,G,train,train,OTHER
train-03323,video/train/G/train-03323.mp4,OTHER,G,train,train,OTHER
train-03324,video/train/G/train-03324.mp4,ACTION_REQUEST,G,train,train,ACTION_REQUEST
train-03325,video/train/G/train-03325.mp4,ACTION_REQUEST,G,train,train,ACTION_REQUEST
train-03326,video/train/G/train-03326.mp4,QUESTION,G,train,train,QUESTION
train-03327,video/train/G/train-03327.mp4,TIME_QUERY,G,train,train,TIME_QUERY
train-03328,video/train/G/train-03328.mp4,CONFIRMATION,G,train,train,CONFIRMATION
train-03329,video/train/G/train-03329.mp4,OTHER,G,train,train,OTHER
train-03330,video/train/G/train-03330.mp4,TIME_QUERY,G,train,train,TIME_QUERY
train-03331,video/train/G/train-03331.mp4,TIME_QUERY,G,train,train,TIME_QUERY
train-03332,video/train/G/train-03332.mp4,NEGATION,G,train,train,NEGATION
train-03333,video/train/G/train-03333.mp4,OTHER,G,train,train,OTHER
train-03334,video/train/G/train-03334.mp4,OTHER,G,train,train,OTHER
train-03335,video/train/G/train-03335.mp4,ACTION_REQUEST,G,train,train,ACTION_REQUEST
train-03336,video/train/G/train-03336.mp4,GREETING,G,train,train,GREETING
train-03337,video/train/G/train-03337.mp4,HEALTH,G,train,train,HEALTH
train-03338,video/train/G/train-03338.mp4,OTHER,G,train,train,OTHER
train-03339,video/train/G/train-03339.mp4,OTHER,G,train,train,OTHER
train-03340,video/train/G/train-03340.mp4,NEGATION,G,train,train,NEGATION
train-03341,video/train/G/train-03341.mp4,OTHER,G,train,train,OTHER
train-03342,video/train/G/train-03342.mp4,TIME_QUERY,G,train,train,TIME_QUERY
train-03343,video/train/G/train-03343.mp4,OTHER,G,train,train,OTHER
train-03344,video/train/G/train-03344.mp4,OTHER,G,train,train,OTHER
train-03345,video/train/G/train-03345.mp4,OTHER,G,train,train,OTHER
train-03346,video/train/G/train-03346.mp4,OTHER,G,train,train,OTHER
train-03347,video/train/G/train-03347.mp4,HELP_REQUEST,G,train,train,HELP_REQUEST
train-03348,video/train/G/train-03348.mp4,PURCHASE,G,train,train,PURCHASE
train-03349,video/train/G/train-03349.mp4,QUESTION,G,train,train,QUESTION
train-03350,video/train/G/train-03350.mp4,OTHER,G,train,train,OTHER
train-03351,video/train/G/train-03351.mp4,OTHER,G,train,train,OTHER
train-03352,video/train/G/train-03352.mp4,OTHER,G,train,train,OTHER
train-03353,video/train/G/train-03353.mp4,OTHER,G,train,train,OTHER
train-03354,video/train/G/train-03354.mp4,OTHER,G,train,train,OTHER
train-03355,video/train/G/train-03355.mp4,OTHER,G,train,train,OTHER
train-03356,video/train/G/train-03356.mp4,OTHER,G,train,train,OTHER
train-03357,video/train/G/train-03357.mp4,OTHER,G,train,train,OTHER
train-03358,video/train/G/train-03358.mp4,OTHER,G,train,train,OTHER
train-03359,video/train/G/train-03359.mp4,OTHER,G,train,train,OTHER
train-03360,video/train/G/train-03360.mp4,QUESTION,G,train,train,QUESTION
train-03361,video/train/G/train-03361.mp4,OTHER,G,train,train,OTHER
train-03362,video/train/G/train-03362.mp4,TIME_QUERY,G,train,train,TIME_QUERY
train-03363,video/train/G/train-03363.mp4,OTHER,G,train,train,OTHER
train-03364,video/train/G/train-03364.mp4,OTHER,G,train,train,OTHER
train-03365,video/train/G/train-03365.mp4,LIKE_PREFERENCE,G,train,train,LIKE_PREFERENCE
train-03366,video/train/G/train-03366.mp4,LIKE_PREFERENCE,G,train,train,LIKE_PREFERENCE
train-03367,video/train/G/train-03367.mp4,LIKE_PREFERENCE,G,train,train,LIKE_PREFERENCE
train-03368,video/train/G/train-03368.mp4,OTHER,G,train,train,OTHER
train-03369,video/train/G/train-03369.mp4,OTHER,G,train,train,OTHER
train-03370,video/train/G/train-03370.mp4,HELP_REQUEST,G,train,train,HELP_REQUEST
train-03371,video/train/G/train-03371.mp4,OTHER,G,train,train,OTHER
train-03372,video/train/G/train-03372.mp4,OTHER,G,train,train,OTHER
train-03373,video/train/G/train-03373.mp4,OTHER,G,train,train,OTHER
train-03374,video/train/G/train-03374.mp4,ACTION_REQUEST,G,train,train,ACTION_REQUEST
train-03375,video/train/G/train-03375.mp4,OTHER,G,train,train,OTHER
train-03376,video/train/G/train-03376.mp4,TIME_QUERY,G,train,train,TIME_QUERY
train-03377,video/train/G/train-03377.mp4,OTHER,G,train,train,OTHER
train-03378,video/train/G/train-03378.mp4,HELP_REQUEST,G,train,train,HELP_REQUEST
train-03379,video/train/G/train-03379.mp4,ACTION_REQUEST,G,train,train,ACTION_REQUEST
train-03380,video/train/G/train-03380.mp4,EMOTION,G,train,train,EMOTION
train-03381,video/train/G/train-03381.mp4,OTHER,G,train,train,OTHER
train-03382,video/train/G/train-03382.mp4,HELP_REQUEST,G,train,train,HELP_REQUEST
train-03383,video/train/G/train-03383.mp4,CONFIRMATION,G,train,train,CONFIRMATION
train-03384,video/train/G/train-03384.mp4,PURCHASE,G,train,train,PURCHASE
train-03385,video/train/G/train-03385.mp4,OTHER,G,train,train,OTHER
train-03386,video/train/G/train-03386.mp4,PURCHASE,G,train,train,PURCHASE
train-03387,video/train/G/train-03387.mp4,TIME_QUERY,G,train,train,TIME_QUERY
train-03388,video/train/G/train-03388.mp4,OTHER,G,train,train,OTHER
train-03389,video/train/G/train-03389.mp4,PURCHASE,G,train,train,PURCHASE
train-03390,video/train/G/train-03390.mp4,OTHER,G,train,train,OTHER
train-03391,video/train/G/train-03391.mp4,OTHER,G,train,train,OTHER
train-03392,video/train/G/train-03392.mp4,OTHER,G,train,train,OTHER
train-03393,video/train/G/train-03393.mp4,OTHER,G,train,train,OTHER
train-03394,video/train/G/train-03394.mp4,OTHER,G,train,train,OTHER
train-03395,video/train/G/train-03395.mp4,CONFIRMATION,G,train,train,CONFIRMATION
train-03396,video/train/G/train-03396.mp4,OTHER,G,train,train,OTHER
train-03397,video/train/G/train-03397.mp4,OTHER,G,train,train,OTHER
train-03398,video/train/G/train-03398.mp4,CONFIRMATION,G,train,train,CONFIRMATION
train-03399,video/train/G/train-03399.mp4,OTHER,G,train,train,OTHER
train-03400,video/train/G/train-03400.mp4,CONFIRMATION,G,train,train,CONFIRMATION
train-03401,video/train/G/train-03401.mp4,OTHER,G,train,train,OTHER
train-03402,video/train/G/train-03402.mp4,CONFIRMATION,G,train,train,CONFIRMATION
train-03403,video/train/G/train-03403.mp4,OTHER,G,train,train,OTHER
train-03404,video/train/G/train-03404.mp4,ACTION_REQUEST,G,train,train,ACTION_REQUEST
train-03405,video/train/G/train-03405.mp4,OTHER,G,train,train,OTHER
train-03406,video/train/G/train-03406.mp4,OTHER,G,train,train,OTHER
train-03407,video/train/G/train-03407.mp4,OTHER,G,train,train,OTHER
train-03408,video/train/G/train-03408.mp4,QUESTION,G,train,train,QUESTION
train-03409,video/train/G/train-03409.mp4,QUESTION,G,train,train,QUESTION
train-03410,video/train/G/train-03410.mp4,OTHER,G,train,train,OTHER
train-03411,video/train/G/train-03411.mp4,PURCHASE,G,train,train,PURCHASE
train-03412,video/train/G/train-03412.mp4,GREETING,G,train,train,GREETING
train-03413,video/train/G/train-03413.mp4,OTHER,G,train,train,OTHER
train-03414,video/train/G/train-03414.mp4,OTHER,G,train,train,OTHER
train-03415,video/train/G/train-03415.mp4,OTHER,G,train,train,OTHER
train-03416,video/train/G/train-03416.mp4,OTHER,G,train,train,OTHER
train-03417,video/train/G/train-03417.mp4,ACTION_REQUEST,G,train,train,ACTION_REQUEST
train-03418,video/train/G/train-03418.mp4,OTHER,G,train,train,OTHER
train-03419,video/train/G/train-03419.mp4,OTHER,G,train,train,OTHER
train-03420,video/train/G/train-03420.mp4,OTHER,G,train,train,OTHER
train-03421,video/train/G/train-03421.mp4,OTHER,G,train,train,OTHER
train-03422,video/train/G/train-03422.mp4,OTHER,G,train,train,OTHER
train-03423,video/train/G/train-03423.mp4,OTHER,G,train,train,OTHER
train-03424,video/train/G/train-03424.mp4,OTHER,G,train,train,OTHER
train-03425,video/train/G/train-03425.mp4,ACTION_REQUEST,G,train,train,ACTION_REQUEST
train-03426,video/train/G/train-03426.mp4,QUESTION,G,train,train,QUESTION
train-03427,video/train/G/train-03427.mp4,OTHER,G,train,train,OTHER
train-03428,video/train/G/train-03428.mp4,OTHER,G,train,train,OTHER
train-03429,video/train/G/train-03429.mp4,OTHER,G,train,train,OTHER
train-03430,video/train/G/train-03430.mp4,LOCATION_QUERY,G,train,train,LOCATION_QUERY
train-03431,video/train/G/train-03431.mp4,OTHER,G,train,train,OTHER
train-03432,video/train/G/train-03432.mp4,OTHER,G,train,train,OTHER
train-03433,video/train/G/train-03433.mp4,OTHER,G,train,train,OTHER
train-03434,video/train/G/train-03434.mp4,LOCATION_QUERY,G,train,train,LOCATION_QUERY
train-03435,video/train/G/train-03435.mp4,OTHER,G,train,train,OTHER
train-03436,video/train/G/train-03436.mp4,OTHER,G,train,train,OTHER
train-03437,video/train/G/train-03437.mp4,QUESTION,G,train,train,QUESTION
train-03438,video/train/G/train-03438.mp4,CONFIRMATION,G,train,train,CONFIRMATION
train-03439,video/train/G/train-03439.mp4,OTHER,G,train,train,OTHER
train-03440,video/train/G/train-03440.mp4,OTHER,G,train,train,OTHER
train-03441,video/train/G/train-03441.mp4,OTHER,G,train,train,OTHER
train-03442,video/train/G/train-03442.mp4,OTHER,G,train,train,OTHER
train-03443,video/train/G/train-03443.mp4,HELP_REQUEST,G,train,train,HELP_REQUEST
train-03444,video/train/G/train-03444.mp4,OTHER,G,train,train,OTHER
train-03445,video/train/G/train-03445.mp4,OTHER,G,train,train,OTHER
train-03446,video/train/G/train-03446.mp4,OTHER,G,train,train,OTHER
train-03447,video/train/G/train-03447.mp4,OTHER,G,train,train,OTHER
train-03448,video/train/G/train-03448.mp4,OTHER,G,train,train,OTHER
train-03449,video/train/G/train-03449.mp4,OTHER,G,train,train,OTHER
train-03450,video/train/G/train-03450.mp4,QUESTION,G,train,train,QUESTION
train-03451,video/train/G/train-03451.mp4,OTHER,G,train,train,OTHER
train-03452,video/train/G/train-03452.mp4,OTHER,G,train,train,OTHER
train-03453,video/train/G/train-03453.mp4,OTHER,G,train,train,OTHER
train-03454,video/train/G/train-03454.mp4,OTHER,G,train,train,OTHER
train-03455,video/train/G/train-03455.mp4,OTHER,G,train,train,OTHER
train-03456,video/train/G/train-03456.mp4,LOCATION_QUERY,G,train,train,LOCATION_QUERY
train-03457,video/train/G/train-03457.mp4,QUESTION,G,train,train,QUESTION
train-03458,video/train/G/train-03458.mp4,QUESTION,G,train,train,QUESTION
train-03459,video/train/G/train-03459.mp4,QUESTION,G,train,train,QUESTION
train-03460,video/train/G/train-03460.mp4,OTHER,G,train,train,OTHER
train-03461,video/train/G/train-03461.mp4,HELP_REQUEST,G,train,train,HELP_REQUEST
train-03462,video/train/G/train-03462.mp4,QUESTION,G,train,train,QUESTION
train-03463,video/train/G/train-03463.mp4,HEALTH,G,train,train,HEALTH
train-03464,video/train/G/train-03464.mp4,OTHER,G,train,train,OTHER
train-03465,video/train/G/train-03465.mp4,QUESTION,G,train,train,QUESTION
train-03466,video/train/G/train-03466.mp4,TIME_QUERY,G,train,train,TIME_QUERY
train-03467,video/train/G/train-03467.mp4,OTHER,G,train,train,OTHER
train-03468,video/train/G/train-03468.mp4,OTHER,G,train,train,OTHER
train-03469,video/train/H/train-03469.mp4,QUESTION,H,train,train,QUESTION
train-03470,video/train/H/train-03470.mp4,OTHER,H,train,train,OTHER
train-03471,video/train/H/train-03471.mp4,HEALTH,H,train,train,HEALTH
train-03472,video/train/H/train-03472.mp4,OTHER,H,train,train,OTHER
train-03473,video/train/H/train-03473.mp4,OTHER,H,train,train,OTHER
train-03474,video/train/H/train-03474.mp4,OTHER,H,train,train,OTHER
train-03475,video/train/H/train-03475.mp4,OTHER,H,train,train,OTHER
train-03476,video/train/H/train-03476.mp4,ACTION_REQUEST,H,train,train,ACTION_REQUEST
train-03477,video/train/H/train-03477.mp4,QUESTION,H,train,train,QUESTION
train-03478,video/train/H/train-03478.mp4,LIKE_PREFERENCE,H,train,train,LIKE_PREFERENCE
train-03479,video/train/H/train-03479.mp4,CONFIRMATION,H,train,train,CONFIRMATION
train-03480,video/train/H/train-03480.mp4,OTHER,H,train,train,OTHER
train-03481,video/train/H/train-03481.mp4,OTHER,H,train,train,OTHER
train-03482,video/train/H/train-03482.mp4,PURCHASE,H,train,train,PURCHASE
train-03483,video/train/H/train-03483.mp4,OTHER,H,train,train,OTHER
train-03484,video/train/H/train-03484.mp4,OTHER,H,train,train,OTHER
train-03485,video/train/H/train-03485.mp4,OTHER,H,train,train,OTHER
train-03486,video/train/H/train-03486.mp4,OTHER,H,train,train,OTHER
train-03487,video/train/H/train-03487.mp4,OTHER,H,train,train,OTHER
train-03488,video/train/H/train-03488.mp4,OTHER,H,train,train,OTHER
train-03489,video/train/H/train-03489.mp4,QUESTION,H,train,train,QUESTION
train-03490,video/train/H/train-03490.mp4,OTHER,H,train,train,OTHER
train-03491,video/train/H/train-03491.mp4,QUESTION,H,train,train,QUESTION
train-03492,video/train/H/train-03492.mp4,OTHER,H,train,train,OTHER
train-03493,video/train/H/train-03493.mp4,CONFIRMATION,H,train,train,CONFIRMATION
train-03494,video/train/H/train-03494.mp4,QUESTION,H,train,train,QUESTION
train-03495,video/train/H/train-03495.mp4,EMOTION,H,train,train,EMOTION
train-03496,video/train/H/train-03496.mp4,OTHER,H,train,train,OTHER
train-03497,video/train/H/train-03497.mp4,QUESTION,H,train,train,QUESTION
train-03498,video/train/H/train-03498.mp4,OTHER,H,train,train,OTHER
train-03499,video/train/H/train-03499.mp4,OTHER,H,train,train,OTHER
train-03500,video/train/H/train-03500.mp4,LIKE_PREFERENCE,H,train,train,LIKE_PREFERENCE
train-03501,video/train/H/train-03501.mp4,OTHER,H,train,train,OTHER
train-03502,video/train/H/train-03502.mp4,LOCATION_QUERY,H,train,train,LOCATION_QUERY
train-03503,video/train/H/train-03503.mp4,OTHER,H,train,train,OTHER
train-03504,video/train/H/train-03504.mp4,QUESTION,H,train,train,QUESTION
train-03505,video/train/H/train-03505.mp4,NEGATION,H,train,train,NEGATION
train-03506,video/train/H/train-03506.mp4,OTHER,H,train,train,OTHER
train-03507,video/train/H/train-03507.mp4,CONFIRMATION,H,train,train,CONFIRMATION
train-03508,video/train/H/train-03508.mp4,OTHER,H,train,train,OTHER
train-03509,video/train/H/train-03509.mp4,OTHER,H,train,train,OTHER
train-03510,video/train/H/train-03510.mp4,OTHER,H,train,train,OTHER
train-03511,video/train/H/train-03511.mp4,OTHER,H,train,train,OTHER
train-03512,video/train/H/train-03512.mp4,OTHER,H,train,train,OTHER
train-03513,video/train/H/train-03513.mp4,OTHER,H,train,train,OTHER
train-03514,video/train/H/train-03514.mp4,CONFIRMATION,H,train,train,CONFIRMATION
train-03515,video/train/H/train-03515.mp4,ACTION_REQUEST,H,train,train,ACTION_REQUEST
train-03516,video/train/H/train-03516.mp4,TIME_QUERY,H,train,train,TIME_QUERY
train-03517,video/train/H/train-03517.mp4,QUESTION,H,train,train,QUESTION
train-03518,video/train/H/train-03518.mp4,TIME_QUERY,H,train,train,TIME_QUERY
train-03519,video/train/H/train-03519.mp4,TIME_QUERY,H,train,train,TIME_QUERY
train-03520,video/train/H/train-03520.mp4,TIME_QUERY,H,train,train,TIME_QUERY
train-03521,video/train/H/train-03521.mp4,TIME_QUERY,H,train,train,TIME_QUERY
train-03522,video/train/H/train-03522.mp4,TIME_QUERY,H,train,train,TIME_QUERY
train-03523,video/train/H/train-03523.mp4,TIME_QUERY,H,train,train,TIME_QUERY
train-03524,video/train/H/train-03524.mp4,TIME_QUERY,H,train,train,TIME_QUERY
train-03525,video/train/H/train-03525.mp4,TIME_QUERY,H,train,train,TIME_QUERY
train-03526,video/train/H/train-03526.mp4,QUESTION,H,train,train,QUESTION
train-03527,video/train/H/train-03527.mp4,TIME_QUERY,H,train,train,TIME_QUERY
train-03528,video/train/H/train-03528.mp4,TIME_QUERY,H,train,train,TIME_QUERY
train-03529,video/train/H/train-03529.mp4,TIME_QUERY,H,train,train,TIME_QUERY
train-03530,video/train/H/train-03530.mp4,TIME_QUERY,H,train,train,TIME_QUERY
train-03531,video/train/H/train-03531.mp4,TIME_QUERY,H,train,train,TIME_QUERY
train-03532,video/train/H/train-03532.mp4,TIME_QUERY,H,train,train,TIME_QUERY
train-03533,video/train/H/train-03533.mp4,TIME_QUERY,H,train,train,TIME_QUERY
train-03534,video/train/H/train-03534.mp4,TIME_QUERY,H,train,train,TIME_QUERY
train-03535,video/train/H/train-03535.mp4,LIKE_PREFERENCE,H,train,train,LIKE_PREFERENCE
train-03536,video/train/H/train-03536.mp4,OTHER,H,train,train,OTHER
train-03537,video/train/H/train-03537.mp4,HELP_REQUEST,H,train,train,HELP_REQUEST
train-03538,video/train/H/train-03538.mp4,TIME_QUERY,H,train,train,TIME_QUERY
train-03539,video/train/H/train-03539.mp4,CONFIRMATION,H,train,train,CONFIRMATION
train-03540,video/train/H/train-03540.mp4,ACTION_REQUEST,H,train,train,ACTION_REQUEST
train-03541,video/train/H/train-03541.mp4,TIME_QUERY,H,train,train,TIME_QUERY
train-03542,video/train/H/train-03542.mp4,TIME_QUERY,H,train,train,TIME_QUERY
train-03543,video/train/H/train-03543.mp4,TIME_QUERY,H,train,train,TIME_QUERY
train-03544,video/train/H/train-03544.mp4,TIME_QUERY,H,train,train,TIME_QUERY
train-03545,video/train/H/train-03545.mp4,TIME_QUERY,H,train,train,TIME_QUERY
train-03546,video/train/H/train-03546.mp4,LIKE_PREFERENCE,H,train,train,LIKE_PREFERENCE
train-03547,video/train/H/train-03547.mp4,CONFIRMATION,H,train,train,CONFIRMATION
train-03548,video/train/H/train-03548.mp4,QUESTION,H,train,train,QUESTION
train-03549,video/train/H/train-03549.mp4,QUESTION,H,train,train,QUESTION
train-03550,video/train/H/train-03550.mp4,QUESTION,H,train,train,QUESTION
train-03551,video/train/H/train-03551.mp4,OTHER,H,train,train,OTHER
train-03552,video/train/H/train-03552.mp4,QUESTION,H,train,train,QUESTION
train-03553,video/train/H/train-03553.mp4,QUESTION,H,train,train,QUESTION
train-03554,video/train/H/train-03554.mp4,NEGATION,H,train,train,NEGATION
train-03555,video/train/H/train-03555.mp4,OTHER,H,train,train,OTHER
train-03556,video/train/H/train-03556.mp4,OTHER,H,train,train,OTHER
train-03557,video/train/H/train-03557.mp4,OTHER,H,train,train,OTHER
train-03558,video/train/H/train-03558.mp4,OTHER,H,train,train,OTHER
train-03559,video/train/H/train-03559.mp4,OTHER,H,train,train,OTHER
train-03560,video/train/H/train-03560.mp4,QUESTION,H,train,train,QUESTION
train-03561,video/train/H/train-03561.mp4,QUESTION,H,train,train,QUESTION
train-03562,video/train/H/train-03562.mp4,CONFIRMATION,H,train,train,CONFIRMATION
train-03563,video/train/H/train-03563.mp4,OTHER,H,train,train,OTHER
train-03564,video/train/H/train-03564.mp4,QUESTION,H,train,train,QUESTION
train-03565,video/train/H/train-03565.mp4,OTHER,H,train,train,OTHER
train-03566,video/train/H/train-03566.mp4,QUESTION,H,train,train,QUESTION
train-03567,video/train/H/train-03567.mp4,TIME_QUERY,H,train,train,TIME_QUERY
train-03568,video/train/H/train-03568.mp4,OTHER,H,train,train,OTHER
train-03569,video/train/H/train-03569.mp4,CONFIRMATION,H,train,train,CONFIRMATION
train-03570,video/train/J/train-03570.mp4,OTHER,J,train,train,OTHER
train-03571,video/train/J/train-03571.mp4,ACTION_REQUEST,J,train,train,ACTION_REQUEST
train-03572,video/train/J/train-03572.mp4,NEGATION,J,train,train,NEGATION
train-03573,video/train/J/train-03573.mp4,ACTION_REQUEST,J,train,train,ACTION_REQUEST
train-03574,video/train/J/train-03574.mp4,QUESTION,J,train,train,QUESTION
train-03575,video/train/J/train-03575.mp4,OTHER,J,train,train,OTHER
train-03576,video/train/J/train-03576.mp4,CONFIRMATION,J,train,train,CONFIRMATION
train-03577,video/train/J/train-03577.mp4,PURCHASE,J,train,train,PURCHASE
train-03578,video/train/J/train-03578.mp4,LIKE_PREFERENCE,J,train,train,LIKE_PREFERENCE
train-03579,video/train/J/train-03579.mp4,OTHER,J,train,train,OTHER
train-03580,video/train/J/train-03580.mp4,ACTION_REQUEST,J,train,train,ACTION_REQUEST
train-03581,video/train/J/train-03581.mp4,ACTION_REQUEST,J,train,train,ACTION_REQUEST
train-03582,video/train/J/train-03582.mp4,QUESTION,J,train,train,QUESTION
train-03583,video/train/J/train-03583.mp4,CONFIRMATION,J,train,train,CONFIRMATION
train-03584,video/train/J/train-03584.mp4,CONFIRMATION,J,train,train,CONFIRMATION
train-03585,video/train/J/train-03585.mp4,ACTION_REQUEST,J,train,train,ACTION_REQUEST
train-03586,video/train/J/train-03586.mp4,QUESTION,J,train,train,QUESTION
train-03587,video/train/J/train-03587.mp4,QUESTION,J,train,train,QUESTION
train-03588,video/train/J/train-03588.mp4,QUESTION,J,train,train,QUESTION
train-03589,video/train/J/train-03589.mp4,QUESTION,J,train,train,QUESTION
train-03590,video/train/J/train-03590.mp4,QUESTION,J,train,train,QUESTION
train-03591,video/train/J/train-03591.mp4,LIKE_PREFERENCE,J,train,train,LIKE_PREFERENCE
train-03592,video/train/J/train-03592.mp4,OTHER,J,train,train,OTHER
train-03593,video/train/J/train-03593.mp4,TIME_QUERY,J,train,train,TIME_QUERY
train-03594,video/train/J/train-03594.mp4,QUESTION,J,train,train,QUESTION
train-03595,video/train/J/train-03595.mp4,QUESTION,J,train,train,QUESTION
train-03596,video/train/J/train-03596.mp4,OTHER,J,train,train,OTHER
train-03597,video/train/J/train-03597.mp4,QUESTION,J,train,train,QUESTION
train-03598,video/train/J/train-03598.mp4,OTHER,J,train,train,OTHER
train-03599,video/train/J/train-03599.mp4,QUESTION,J,train,train,QUESTION
train-03600,video/train/J/train-03600.mp4,OTHER,J,train,train,OTHER
train-03601,video/train/J/train-03601.mp4,LIKE_PREFERENCE,J,train,train,LIKE_PREFERENCE
train-03602,video/train/J/train-03602.mp4,ACTION_REQUEST,J,train,train,ACTION_REQUEST
train-03603,video/train/J/train-03603.mp4,PURCHASE,J,train,train,PURCHASE
train-03604,video/train/J/train-03604.mp4,OTHER,J,train,train,OTHER
train-03605,video/train/J/train-03605.mp4,OTHER,J,train,train,OTHER
train-03606,video/train/J/train-03606.mp4,OTHER,J,train,train,OTHER
train-03607,video/train/J/train-03607.mp4,OTHER,J,train,train,OTHER
train-03608,video/train/J/train-03608.mp4,TIME_QUERY,J,train,train,TIME_QUERY
train-03609,video/train/J/train-03609.mp4,OTHER,J,train,train,OTHER
train-03610,video/train/J/train-03610.mp4,OTHER,J,train,train,OTHER
train-03611,video/train/J/train-03611.mp4,OTHER,J,train,train,OTHER
train-03612,video/train/J/train-03612.mp4,OTHER,J,train,train,OTHER
train-03613,video/train/J/train-03613.mp4,OTHER,J,train,train,OTHER
train-03614,video/train/J/train-03614.mp4,TIME_QUERY,J,train,train,TIME_QUERY
train-03615,video/train/J/train-03615.mp4,QUESTION,J,train,train,QUESTION
train-03616,video/train/J/train-03616.mp4,QUESTION,J,train,train,QUESTION
train-03617,video/train/J/train-03617.mp4,QUESTION,J,train,train,QUESTION
train-03618,video/train/J/train-03618.mp4,QUESTION,J,train,train,QUESTION
train-03619,video/train/J/train-03619.mp4,QUESTION,J,train,train,QUESTION
train-03620,video/train/J/train-03620.mp4,QUESTION,J,train,train,QUESTION
train-03621,video/train/J/train-03621.mp4,QUESTION,J,train,train,QUESTION
train-03622,video/train/J/train-03622.mp4,QUESTION,J,train,train,QUESTION
train-03623,video/train/J/train-03623.mp4,QUESTION,J,train,train,QUESTION
train-03624,video/train/J/train-03624.mp4,QUESTION,J,train,train,QUESTION
train-03625,video/train/J/train-03625.mp4,OTHER,J,train,train,OTHER
train-03626,video/train/J/train-03626.mp4,OTHER,J,train,train,OTHER
train-03627,video/train/J/train-03627.mp4,ACTION_REQUEST,J,train,train,ACTION_REQUEST
train-03628,video/train/J/train-03628.mp4,QUESTION,J,train,train,QUESTION
train-03629,video/train/J/train-03629.mp4,OTHER,J,train,train,OTHER
train-03630,video/train/J/train-03630.mp4,OTHER,J,train,train,OTHER
train-03631,video/train/J/train-03631.mp4,LOCATION_QUERY,J,train,train,LOCATION_QUERY
train-03632,video/train/J/train-03632.mp4,OTHER,J,train,train,OTHER
train-03633,video/train/J/train-03633.mp4,OTHER,J,train,train,OTHER
train-03634,video/train/J/train-03634.mp4,QUESTION,J,train,train,QUESTION
train-03635,video/train/J/train-03635.mp4,LIKE_PREFERENCE,J,train,train,LIKE_PREFERENCE
train-03636,video/train/J/train-03636.mp4,ACTION_REQUEST,J,train,train,ACTION_REQUEST
train-03637,video/train/J/train-03637.mp4,ACTION_REQUEST,J,train,train,ACTION_REQUEST
train-03638,video/train/J/train-03638.mp4,ACTION_REQUEST,J,train,train,ACTION_REQUEST
train-03639,video/train/J/train-03639.mp4,OTHER,J,train,train,OTHER
train-03640,video/train/J/train-03640.mp4,HEALTH,J,train,train,HEALTH
train-03641,video/train/J/train-03641.mp4,OTHER,J,train,train,OTHER
train-03642,video/train/J/train-03642.mp4,OTHER,J,train,train,OTHER
train-03643,video/train/J/train-03643.mp4,ACTION_REQUEST,J,train,train,ACTION_REQUEST
train-03644,video/train/J/train-03644.mp4,OTHER,J,train,train,OTHER
train-03645,video/train/J/train-03645.mp4,TIME_QUERY,J,train,train,TIME_QUERY
train-03646,video/train/J/train-03646.mp4,CONFIRMATION,J,train,train,CONFIRMATION
train-03647,video/train/J/train-03647.mp4,OTHER,J,train,train,OTHER
train-03648,video/train/J/train-03648.mp4,LOCATION_QUERY,J,train,train,LOCATION_QUERY
train-03649,video/train/J/train-03649.mp4,TIME_QUERY,J,train,train,TIME_QUERY
train-03650,video/train/J/train-03650.mp4,LIKE_PREFERENCE,J,train,train,LIKE_PREFERENCE
train-03651,video/train/J/train-03651.mp4,OTHER,J,train,train,OTHER
train-03652,video/train/J/train-03652.mp4,OTHER,J,train,train,OTHER
train-03653,video/train/J/train-03653.mp4,ACTION_REQUEST,J,train,train,ACTION_REQUEST
train-03654,video/train/J/train-03654.mp4,OTHER,J,train,train,OTHER
train-03655,video/train/J/train-03655.mp4,QUESTION,J,train,train,QUESTION
train-03656,video/train/J/train-03656.mp4,OTHER,J,train,train,OTHER
train-03657,video/train/J/train-03657.mp4,LOCATION_QUERY,J,train,train,LOCATION_QUERY
train-03658,video/train/J/train-03658.mp4,QUESTION,J,train,train,QUESTION
train-03659,video/train/J/train-03659.mp4,ACTION_REQUEST,J,train,train,ACTION_REQUEST
train-03660,video/train/J/train-03660.mp4,LOCATION_QUERY,J,train,train,LOCATION_QUERY
train-03661,video/train/J/train-03661.mp4,OTHER,J,train,train,OTHER
train-03662,video/train/J/train-03662.mp4,OTHER,J,train,train,OTHER
train-03663,video/train/J/train-03663.mp4,QUESTION,J,train,train,QUESTION
train-03664,video/train/J/train-03664.mp4,QUESTION,J,train,train,QUESTION
train-03665,video/train/J/train-03665.mp4,PURCHASE,J,train,train,PURCHASE
train-03666,video/train/J/train-03666.mp4,OTHER,J,train,train,OTHER
train-03667,video/train/J/train-03667.mp4,LOCATION_QUERY,J,train,train,LOCATION_QUERY
train-03668,video/train/J/train-03668.mp4,OTHER,J,train,train,OTHER
train-03669,video/train/J/train-03669.mp4,OTHER,J,train,train,OTHER
train-03670,video/train/J/train-03670.mp4,OTHER,J,train,train,OTHER
train-03671,video/train/J/train-03671.mp4,OTHER,J,train,train,OTHER
train-03672,video/train/J/train-03672.mp4,ACTION_REQUEST,J,train,train,ACTION_REQUEST
train-03673,video/train/J/train-03673.mp4,OTHER,J,train,train,OTHER
train-03674,video/train/J/train-03674.mp4,OTHER,J,train,train,OTHER
train-03675,video/train/J/train-03675.mp4,OTHER,J,train,train,OTHER
train-03676,video/train/J/train-03676.mp4,ACTION_REQUEST,J,train,train,ACTION_REQUEST
train-03677,video/train/J/train-03677.mp4,ACTION_REQUEST,J,train,train,ACTION_REQUEST
train-03678,video/train/J/train-03678.mp4,OTHER,J,train,train,OTHER
train-03679,video/train/J/train-03679.mp4,ACTION_REQUEST,J,train,train,ACTION_REQUEST
train-03680,video/train/J/train-03680.mp4,OTHER,J,train,train,OTHER
train-03681,video/train/J/train-03681.mp4,ACTION_REQUEST,J,train,train,ACTION_REQUEST
train-03682,video/train/J/train-03682.mp4,CONFIRMATION,J,train,train,CONFIRMATION
train-03683,video/train/J/train-03683.mp4,OTHER,J,train,train,OTHER
train-03684,video/train/J/train-03684.mp4,PURCHASE,J,train,train,PURCHASE
train-03685,video/train/J/train-03685.mp4,PURCHASE,J,train,train,PURCHASE
train-03686,video/train/J/train-03686.mp4,OTHER,J,train,train,OTHER
train-03687,video/train/J/train-03687.mp4,OTHER,J,train,train,OTHER
train-03688,video/train/J/train-03688.mp4,OTHER,J,train,train,OTHER
train-03689,video/train/J/train-03689.mp4,ACTION_REQUEST,J,train,train,ACTION_REQUEST
train-03690,video/train/J/train-03690.mp4,ACTION_REQUEST,J,train,train,ACTION_REQUEST
train-03691,video/train/J/train-03691.mp4,OTHER,J,train,train,OTHER
train-03692,video/train/J/train-03692.mp4,CONFIRMATION,J,train,train,CONFIRMATION
train-03693,video/train/J/train-03693.mp4,OTHER,J,train,train,OTHER
train-03694,video/train/J/train-03694.mp4,PURCHASE,J,train,train,PURCHASE
train-03695,video/train/J/train-03695.mp4,OTHER,J,train,train,OTHER
train-03696,video/train/J/train-03696.mp4,OTHER,J,train,train,OTHER
train-03697,video/train/J/train-03697.mp4,TIME_QUERY,J,train,train,TIME_QUERY
train-03698,video/train/J/train-03698.mp4,TIME_QUERY,J,train,train,TIME_QUERY
train-03699,video/train/J/train-03699.mp4,OTHER,J,train,train,OTHER
train-03700,video/train/J/train-03700.mp4,OTHER,J,train,train,OTHER
train-03701,video/train/J/train-03701.mp4,LIKE_PREFERENCE,J,train,train,LIKE_PREFERENCE
train-03702,video/train/J/train-03702.mp4,LIKE_PREFERENCE,J,train,train,LIKE_PREFERENCE
train-03703,video/train/J/train-03703.mp4,QUESTION,J,train,train,QUESTION
train-03704,video/train/J/train-03704.mp4,QUESTION,J,train,train,QUESTION
train-03705,video/train/J/train-03705.mp4,OTHER,J,train,train,OTHER
train-03706,video/train/J/train-03706.mp4,OTHER,J,train,train,OTHER
train-03707,video/train/J/train-03707.mp4,OTHER,J,train,train,OTHER
train-03708,video/train/J/train-03708.mp4,ACTION_REQUEST,J,train,train,ACTION_REQUEST
train-03709,video/train/J/train-03709.mp4,OTHER,J,train,train,OTHER
train-03710,video/train/I/train-03710.mp4,CONFIRMATION,I,train,train,CONFIRMATION
train-03711,video/train/I/train-03711.mp4,QUESTION,I,train,train,QUESTION
train-03712,video/train/I/train-03712.mp4,OTHER,I,train,train,OTHER
train-03713,video/train/I/train-03713.mp4,OTHER,I,train,train,OTHER
train-03714,video/train/I/train-03714.mp4,EMOTION,I,train,train,EMOTION
train-03715,video/train/I/train-03715.mp4,OTHER,I,train,train,OTHER
train-03716,video/train/I/train-03716.mp4,CONFIRMATION,I,train,train,CONFIRMATION
train-03717,video/train/I/train-03717.mp4,TIME_QUERY,I,train,train,TIME_QUERY
train-03718,video/train/I/train-03718.mp4,NEGATION,I,train,train,NEGATION
train-03719,video/train/I/train-03719.mp4,NEGATION,I,train,train,NEGATION
train-03720,video/train/I/train-03720.mp4,NEGATION,I,train,train,NEGATION
train-03721,video/train/I/train-03721.mp4,NEGATION,I,train,train,NEGATION
train-03722,video/train/I/train-03722.mp4,NEGATION,I,train,train,NEGATION
train-03723,video/train/I/train-03723.mp4,OTHER,I,train,train,OTHER
train-03724,video/train/I/train-03724.mp4,CONFIRMATION,I,train,train,CONFIRMATION
train-03725,video/train/I/train-03725.mp4,OTHER,I,train,train,OTHER
train-03726,video/train/I/train-03726.mp4,NEGATION,I,train,train,NEGATION
train-03727,video/train/I/train-03727.mp4,ACTION_REQUEST,I,train,train,ACTION_REQUEST
train-03728,video/train/I/train-03728.mp4,HELP_REQUEST,I,train,train,HELP_REQUEST
train-03729,video/train/I/train-03729.mp4,NEGATION,I,train,train,NEGATION
train-03730,video/train/I/train-03730.mp4,OTHER,I,train,train,OTHER
train-03731,video/train/I/train-03731.mp4,NEGATION,I,train,train,NEGATION
train-03732,video/train/I/train-03732.mp4,NEGATION,I,train,train,NEGATION
train-03733,video/train/I/train-03733.mp4,EMOTION,I,train,train,EMOTION
train-03734,video/train/I/train-03734.mp4,NEGATION,I,train,train,NEGATION
train-03735,video/train/I/train-03735.mp4,NEGATION,I,train,train,NEGATION
train-03736,video/train/I/train-03736.mp4,NEGATION,I,train,train,NEGATION
train-03737,video/train/I/train-03737.mp4,NEGATION,I,train,train,NEGATION
train-03738,video/train/I/train-03738.mp4,NEGATION,I,train,train,NEGATION
train-03739,video/train/I/train-03739.mp4,OTHER,I,train,train,OTHER
train-03740,video/train/I/train-03740.mp4,OTHER,I,train,train,OTHER
train-03741,video/train/I/train-03741.mp4,TIME_QUERY,I,train,train,TIME_QUERY
train-03742,video/train/I/train-03742.mp4,OTHER,I,train,train,OTHER
train-03743,video/train/I/train-03743.mp4,OTHER,I,train,train,OTHER
train-03744,video/train/I/train-03744.mp4,LOCATION_QUERY,I,train,train,LOCATION_QUERY
train-03745,video/train/I/train-03745.mp4,HEALTH,I,train,train,HEALTH
train-03746,video/train/I/train-03746.mp4,CONFIRMATION,I,train,train,CONFIRMATION
train-03747,video/train/I/train-03747.mp4,OTHER,I,train,train,OTHER
train-03748,video/train/I/train-03748.mp4,OTHER,I,train,train,OTHER
train-03749,video/train/I/train-03749.mp4,OTHER,I,train,train,OTHER
train-03750,video/train/I/train-03750.mp4,PURCHASE,I,train,train,PURCHASE
train-03751,video/train/I/train-03751.mp4,OTHER,I,train,train,OTHER
train-03752,video/train/I/train-03752.mp4,LIKE_PREFERENCE,I,train,train,LIKE_PREFERENCE
train-03753,video/train/I/train-03753.mp4,PURCHASE,I,train,train,PURCHASE
train-03754,video/train/I/train-03754.mp4,CONFIRMATION,I,train,train,CONFIRMATION
train-03755,video/train/I/train-03755.mp4,OTHER,I,train,train,OTHER
train-03756,video/train/I/train-03756.mp4,OTHER,I,train,train,OTHER
train-03757,video/train/I/train-03757.mp4,OTHER,I,train,train,OTHER
train-03758,video/train/I/train-03758.mp4,OTHER,I,train,train,OTHER
train-03759,video/train/I/train-03759.mp4,OTHER,I,train,train,OTHER
train-03760,video/train/I/train-03760.mp4,OTHER,I,train,train,OTHER
train-03761,video/train/I/train-03761.mp4,OTHER,I,train,train,OTHER
train-03762,video/train/I/train-03762.mp4,CONFIRMATION,I,train,train,CONFIRMATION
train-03763,video/train/I/train-03763.mp4,CONFIRMATION,I,train,train,CONFIRMATION
train-03764,video/train/I/train-03764.mp4,TIME_QUERY,I,train,train,TIME_QUERY
train-03765,video/train/I/train-03765.mp4,CONFIRMATION,I,train,train,CONFIRMATION
train-03766,video/train/I/train-03766.mp4,EMOTION,I,train,train,EMOTION
train-03767,video/train/I/train-03767.mp4,NEGATION,I,train,train,NEGATION
train-03768,video/train/I/train-03768.mp4,NEGATION,I,train,train,NEGATION
train-03769,video/train/I/train-03769.mp4,OTHER,I,train,train,OTHER
train-03770,video/train/I/train-03770.mp4,QUESTION,I,train,train,QUESTION
train-03771,video/train/I/train-03771.mp4,OTHER,I,train,train,OTHER
train-03772,video/train/I/train-03772.mp4,CONFIRMATION,I,train,train,CONFIRMATION
train-03773,video/train/I/train-03773.mp4,CONFIRMATION,I,train,train,CONFIRMATION
train-03774,video/train/I/train-03774.mp4,QUESTION,I,train,train,QUESTION
train-03775,video/train/I/train-03775.mp4,TIME_QUERY,I,train,train,TIME_QUERY
train-03776,video/train/J/train-03776.mp4,OTHER,J,train,train,OTHER
train-03777,video/train/J/train-03777.mp4,ACTION_REQUEST,J,train,train,ACTION_REQUEST
train-03778,video/train/J/train-03778.mp4,OTHER,J,train,train,OTHER
train-03779,video/train/J/train-03779.mp4,OTHER,J,train,train,OTHER
train-03780,video/train/J/train-03780.mp4,OTHER,J,train,train,OTHER
train-03781,video/train/J/train-03781.mp4,PURCHASE,J,train,train,PURCHASE
train-03782,video/train/J/train-03782.mp4,ACTION_REQUEST,J,train,train,ACTION_REQUEST
train-03783,video/train/J/train-03783.mp4,ACTION_REQUEST,J,train,train,ACTION_REQUEST
train-03784,video/train/J/train-03784.mp4,PURCHASE,J,train,train,PURCHASE
train-03785,video/train/J/train-03785.mp4,CONFIRMATION,J,train,train,CONFIRMATION
train-03786,video/train/J/train-03786.mp4,OTHER,J,train,train,OTHER
train-03787,video/train/J/train-03787.mp4,LIKE_PREFERENCE,J,train,train,LIKE_PREFERENCE
train-03788,video/train/J/train-03788.mp4,EMOTION,J,train,train,EMOTION
train-03789,video/train/J/train-03789.mp4,QUESTION,J,train,train,QUESTION
train-03790,video/train/J/train-03790.mp4,CONFIRMATION,J,train,train,CONFIRMATION
train-03791,video/train/J/train-03791.mp4,TIME_QUERY,J,train,train,TIME_QUERY
train-03792,video/train/J/train-03792.mp4,TIME_QUERY,J,train,train,TIME_QUERY
train-03793,video/train/J/train-03793.mp4,TIME_QUERY,J,train,train,TIME_QUERY
train-03794,video/train/J/train-03794.mp4,TIME_QUERY,J,train,train,TIME_QUERY
train-03795,video/train/J/train-03795.mp4,TIME_QUERY,J,train,train,TIME_QUERY
train-03796,video/train/J/train-03796.mp4,OTHER,J,train,train,OTHER
train-03797,video/train/J/train-03797.mp4,TIME_QUERY,J,train,train,TIME_QUERY
train-03798,video/train/J/train-03798.mp4,TIME_QUERY,J,train,train,TIME_QUERY
train-03799,video/train/J/train-03799.mp4,TIME_QUERY,J,train,train,TIME_QUERY
train-03800,video/train/J/train-03800.mp4,TIME_QUERY,J,train,train,TIME_QUERY
train-03801,video/train/J/train-03801.mp4,TIME_QUERY,J,train,train,TIME_QUERY
train-03802,video/train/J/train-03802.mp4,TIME_QUERY,J,train,train,TIME_QUERY
train-03803,video/train/J/train-03803.mp4,TIME_QUERY,J,train,train,TIME_QUERY
train-03804,video/train/J/train-03804.mp4,TIME_QUERY,J,train,train,TIME_QUERY
train-03805,video/train/J/train-03805.mp4,TIME_QUERY,J,train,train,TIME_QUERY
train-03806,video/train/J/train-03806.mp4,TIME_QUERY,J,train,train,TIME_QUERY
train-03807,video/train/J/train-03807.mp4,QUESTION,J,train,train,QUESTION
train-03808,video/train/J/train-03808.mp4,TIME_QUERY,J,train,train,TIME_QUERY
train-03809,video/train/J/train-03809.mp4,TIME_QUERY,J,train,train,TIME_QUERY
train-03810,video/train/J/train-03810.mp4,TIME_QUERY,J,train,train,TIME_QUERY
train-03811,video/train/J/train-03811.mp4,QUESTION,J,train,train,QUESTION
train-03812,video/train/J/train-03812.mp4,TIME_QUERY,J,train,train,TIME_QUERY
train-03813,video/train/J/train-03813.mp4,OTHER,J,train,train,OTHER
train-03814,video/train/J/train-03814.mp4,TIME_QUERY,J,train,train,TIME_QUERY
train-03815,video/train/J/train-03815.mp4,CONFIRMATION,J,train,train,CONFIRMATION
train-03816,video/train/J/train-03816.mp4,OTHER,J,train,train,OTHER
train-03817,video/train/J/train-03817.mp4,OTHER,J,train,train,OTHER
train-03818,video/train/J/train-03818.mp4,NEGATION,J,train,train,NEGATION
train-03819,video/train/J/train-03819.mp4,OTHER,J,train,train,OTHER
train-03820,video/train/J/train-03820.mp4,CONFIRMATION,J,train,train,CONFIRMATION
train-03821,video/train/J/train-03821.mp4,LIKE_PREFERENCE,J,train,train,LIKE_PREFERENCE
train-03822,video/train/J/train-03822.mp4,OTHER,J,train,train,OTHER
train-03823,video/train/J/train-03823.mp4,CONFIRMATION,J,train,train,CONFIRMATION
train-03824,video/train/J/train-03824.mp4,OTHER,J,train,train,OTHER
train-03825,video/train/J/train-03825.mp4,QUESTION,J,train,train,QUESTION
train-03826,video/train/J/train-03826.mp4,CONFIRMATION,J,train,train,CONFIRMATION
train-03827,video/train/J/train-03827.mp4,LIKE_PREFERENCE,J,train,train,LIKE_PREFERENCE
train-03828,video/train/J/train-03828.mp4,OTHER,J,train,train,OTHER
train-03829,video/train/J/train-03829.mp4,LIKE_PREFERENCE,J,train,train,LIKE_PREFERENCE
train-03830,video/train/J/train-03830.mp4,CONFIRMATION,J,train,train,CONFIRMATION
train-03831,video/train/J/train-03831.mp4,QUESTION,J,train,train,QUESTION
train-03832,video/train/J/train-03832.mp4,OTHER,J,train,train,OTHER
train-03833,video/train/J/train-03833.mp4,OTHER,J,train,train,OTHER
train-03834,video/train/J/train-03834.mp4,PURCHASE,J,train,train,PURCHASE
train-03835,video/train/J/train-03835.mp4,OTHER,J,train,train,OTHER
train-03836,video/train/J/train-03836.mp4,OTHER,J,train,train,OTHER
train-03837,video/train/J/train-03837.mp4,OTHER,J,train,train,OTHER
train-03838,video/train/J/train-03838.mp4,OTHER,J,train,train,OTHER
train-03839,video/train/J/train-03839.mp4,HEALTH,J,train,train,HEALTH
train-03840,video/train/J/train-03840.mp4,QUESTION,J,train,train,QUESTION
train-03841,video/train/J/train-03841.mp4,CONFIRMATION,J,train,train,CONFIRMATION
train-03842,video/train/J/train-03842.mp4,OTHER,J,train,train,OTHER
train-03843,video/train/J/train-03843.mp4,OTHER,J,train,train,OTHER
train-03844,video/train/J/train-03844.mp4,TIME_QUERY,J,train,train,TIME_QUERY
train-03845,video/train/J/train-03845.mp4,TIME_QUERY,J,train,train,TIME_QUERY
train-03846,video/train/J/train-03846.mp4,TIME_QUERY,J,train,train,TIME_QUERY
train-03847,video/train/J/train-03847.mp4,TIME_QUERY,J,train,train,TIME_QUERY
train-03848,video/train/J/train-03848.mp4,TIME_QUERY,J,train,train,TIME_QUERY
train-03849,video/train/J/train-03849.mp4,TIME_QUERY,J,train,train,TIME_QUERY
train-03850,video/train/J/train-03850.mp4,OTHER,J,train,train,OTHER
train-03851,video/train/J/train-03851.mp4,CONFIRMATION,J,train,train,CONFIRMATION
train-03852,video/train/J/train-03852.mp4,OTHER,J,train,train,OTHER
train-03853,video/train/J/train-03853.mp4,CONFIRMATION,J,train,train,CONFIRMATION
train-03854,video/train/J/train-03854.mp4,QUESTION,J,train,train,QUESTION
train-03855,video/train/J/train-03855.mp4,ACTION_REQUEST,J,train,train,ACTION_REQUEST
train-03856,video/train/J/train-03856.mp4,ACTION_REQUEST,J,train,train,ACTION_REQUEST
train-03857,video/train/J/train-03857.mp4,CONFIRMATION,J,train,train,CONFIRMATION
train-03858,video/train/J/train-03858.mp4,ACTION_REQUEST,J,train,train,ACTION_REQUEST
train-03859,video/train/J/train-03859.mp4,LIKE_PREFERENCE,J,train,train,LIKE_PREFERENCE
train-03860,video/train/J/train-03860.mp4,QUESTION,J,train,train,QUESTION
train-03861,video/train/J/train-03861.mp4,ACTION_REQUEST,J,train,train,ACTION_REQUEST
train-03862,video/train/J/train-03862.mp4,QUESTION,J,train,train,QUESTION
train-03863,video/train/J/train-03863.mp4,ACTION_REQUEST,J,train,train,ACTION_REQUEST
train-03864,video/train/J/train-03864.mp4,ACTION_REQUEST,J,train,train,ACTION_REQUEST
train-03865,video/train/J/train-03865.mp4,ACTION_REQUEST,J,train,train,ACTION_REQUEST
train-03866,video/train/J/train-03866.mp4,ACTION_REQUEST,J,train,train,ACTION_REQUEST
train-03867,video/train/J/train-03867.mp4,ACTION_REQUEST,J,train,train,ACTION_REQUEST
train-03868,video/train/J/train-03868.mp4,ACTION_REQUEST,J,train,train,ACTION_REQUEST
train-03869,video/train/J/train-03869.mp4,LIKE_PREFERENCE,J,train,train,LIKE_PREFERENCE
train-03870,video/train/J/train-03870.mp4,ACTION_REQUEST,J,train,train,ACTION_REQUEST
train-03871,video/train/J/train-03871.mp4,ACTION_REQUEST,J,train,train,ACTION_REQUEST
train-03872,video/train/J/train-03872.mp4,ACTION_REQUEST,J,train,train,ACTION_REQUEST
train-03873,video/train/J/train-03873.mp4,ACTION_REQUEST,J,train,train,ACTION_REQUEST
train-03874,video/train/J/train-03874.mp4,ACTION_REQUEST,J,train,train,ACTION_REQUEST
train-03875,video/train/J/train-03875.mp4,ACTION_REQUEST,J,train,train,ACTION_REQUEST
train-03876,video/train/J/train-03876.mp4,ACTION_REQUEST,J,train,train,ACTION_REQUEST
train-03877,video/train/J/train-03877.mp4,OTHER,J,train,train,OTHER
train-03878,video/train/J/train-03878.mp4,ACTION_REQUEST,J,train,train,ACTION_REQUEST
train-03879,video/train/J/train-03879.mp4,ACTION_REQUEST,J,train,train,ACTION_REQUEST
train-03880,video/train/J/train-03880.mp4,CONFIRMATION,J,train,train,CONFIRMATION
train-03881,video/train/J/train-03881.mp4,ACTION_REQUEST,J,train,train,ACTION_REQUEST
train-03882,video/train/J/train-03882.mp4,CONFIRMATION,J,train,train,CONFIRMATION
train-03883,video/train/J/train-03883.mp4,EMOTION,J,train,train,EMOTION
train-03884,video/train/J/train-03884.mp4,CONFIRMATION,J,train,train,CONFIRMATION
train-03885,video/train/J/train-03885.mp4,CONFIRMATION,J,train,train,CONFIRMATION
train-03886,video/train/J/train-03886.mp4,CONFIRMATION,J,train,train,CONFIRMATION
train-03887,video/train/J/train-03887.mp4,CONFIRMATION,J,train,train,CONFIRMATION
train-03888,video/train/J/train-03888.mp4,OTHER,J,train,train,OTHER
train-03889,video/train/J/train-03889.mp4,CONFIRMATION,J,train,train,CONFIRMATION
train-03890,video/train/J/train-03890.mp4,CONFIRMATION,J,train,train,CONFIRMATION
train-03891,video/train/J/train-03891.mp4,OTHER,J,train,train,OTHER
train-03892,video/train/J/train-03892.mp4,CONFIRMATION,J,train,train,CONFIRMATION
train-03893,video/train/J/train-03893.mp4,OTHER,J,train,train,OTHER
train-03894,video/train/J/train-03894.mp4,CONFIRMATION,J,train,train,CONFIRMATION
train-03895,video/train/J/train-03895.mp4,LOCATION_QUERY,J,train,train,LOCATION_QUERY
train-03896,video/train/J/train-03896.mp4,OTHER,J,train,train,OTHER
train-03897,video/train/J/train-03897.mp4,OTHER,J,train,train,OTHER
train-03898,video/train/J/train-03898.mp4,CONFIRMATION,J,train,train,CONFIRMATION
train-03899,video/train/J/train-03899.mp4,OTHER,J,train,train,OTHER
train-03900,video/train/J/train-03900.mp4,TIME_QUERY,J,train,train,TIME_QUERY
train-03901,video/train/J/train-03901.mp4,ACTION_REQUEST,J,train,train,ACTION_REQUEST
train-03902,video/train/J/train-03902.mp4,OTHER,J,train,train,OTHER
train-03903,video/train/J/train-03903.mp4,ACTION_REQUEST,J,train,train,ACTION_REQUEST
train-03904,video/train/J/train-03904.mp4,CONFIRMATION,J,train,train,CONFIRMATION
train-03905,video/train/J/train-03905.mp4,CONFIRMATION,J,train,train,CONFIRMATION
train-03906,video/train/J/train-03906.mp4,TIME_QUERY,J,train,train,TIME_QUERY
train-03907,video/train/J/train-03907.mp4,OTHER,J,train,train,OTHER
train-03908,video/train/J/train-03908.mp4,OTHER,J,train,train,OTHER
train-03909,video/train/J/train-03909.mp4,ACTION_REQUEST,J,train,train,ACTION_REQUEST
train-03910,video/train/J/train-03910.mp4,CONFIRMATION,J,train,train,CONFIRMATION
train-03911,video/train/J/train-03911.mp4,OTHER,J,train,train,OTHER
train-03912,video/train/J/train-03912.mp4,OTHER,J,train,train,OTHER
train-03913,video/train/J/train-03913.mp4,OTHER,J,train,train,OTHER
train-03914,video/train/J/train-03914.mp4,OTHER,J,train,train,OTHER
train-03915,video/train/J/train-03915.mp4,TIME_QUERY,J,train,train,TIME_QUERY
train-03916,video/train/J/train-03916.mp4,OTHER,J,train,train,OTHER
train-03917,video/train/J/train-03917.mp4,OTHER,J,train,train,OTHER
train-03918,video/train/J/train-03918.mp4,HEALTH,J,train,train,HEALTH
train-03919,video/train/J/train-03919.mp4,OTHER,J,train,train,OTHER
train-03920,video/train/J/train-03920.mp4,OTHER,J,train,train,OTHER
train-03921,video/train/J/train-03921.mp4,OTHER,J,train,train,OTHER
train-03922,video/train/J/train-03922.mp4,OTHER,J,train,train,OTHER
train-03923,video/train/J/train-03923.mp4,EMOTION,J,train,train,EMOTION
train-03924,video/train/J/train-03924.mp4,HEALTH,J,train,train,HEALTH
train-03925,video/train/J/train-03925.mp4,HEALTH,J,train,train,HEALTH
train-03926,video/train/J/train-03926.mp4,TIME_QUERY,J,train,train,TIME_QUERY
train-03927,video/train/J/train-03927.mp4,OTHER,J,train,train,OTHER
train-03928,video/train/J/train-03928.mp4,TIME_QUERY,J,train,train,TIME_QUERY
train-03929,video/train/J/train-03929.mp4,PURCHASE,J,train,train,PURCHASE
train-03930,video/train/J/train-03930.mp4,PURCHASE,J,train,train,PURCHASE
train-03931,video/train/J/train-03931.mp4,QUESTION,J,train,train,QUESTION
train-03932,video/train/J/train-03932.mp4,TIME_QUERY,J,train,train,TIME_QUERY
train-03933,video/train/J/train-03933.mp4,OTHER,J,train,train,OTHER
train-03934,video/train/J/train-03934.mp4,OTHER,J,train,train,OTHER
train-03935,video/train/J/train-03935.mp4,ACTION_REQUEST,J,train,train,ACTION_REQUEST
train-03936,video/train/J/train-03936.mp4,OTHER,J,train,train,OTHER
train-03937,video/train/J/train-03937.mp4,CONFIRMATION,J,train,train,CONFIRMATION
train-03938,video/train/J/train-03938.mp4,OTHER,J,train,train,OTHER
train-03939,video/train/J/train-03939.mp4,OTHER,J,train,train,OTHER
train-03940,video/train/J/train-03940.mp4,OTHER,J,train,train,OTHER
train-03941,video/train/J/train-03941.mp4,OTHER,J,train,train,OTHER
train-03942,video/train/J/train-03942.mp4,OTHER,J,train,train,OTHER
train-03943,video/train/J/train-03943.mp4,CONFIRMATION,J,train,train,CONFIRMATION
train-03944,video/train/J/train-03944.mp4,CONFIRMATION,J,train,train,CONFIRMATION
train-03945,video/train/J/train-03945.mp4,ACTION_REQUEST,J,train,train,ACTION_REQUEST
train-03946,video/train/J/train-03946.mp4,QUESTION,J,train,train,QUESTION
train-03947,video/train/J/train-03947.mp4,OTHER,J,train,train,OTHER
train-03948,video/train/J/train-03948.mp4,CONFIRMATION,J,train,train,CONFIRMATION
train-03949,video/train/J/train-03949.mp4,OTHER,J,train,train,OTHER
train-03950,video/train/J/train-03950.mp4,OTHER,J,train,train,OTHER
train-03951,video/train/J/train-03951.mp4,ACTION_REQUEST,J,train,train,ACTION_REQUEST
train-03952,video/train/J/train-03952.mp4,ACTION_REQUEST,J,train,train,ACTION_REQUEST
train-03953,video/train/J/train-03953.mp4,NEGATION,J,train,train,NEGATION
train-03954,video/train/J/train-03954.mp4,OTHER,J,train,train,OTHER
train-03955,video/train/J/train-03955.mp4,QUESTION,J,train,train,QUESTION
train-03956,video/train/J/train-03956.mp4,OTHER,J,train,train,OTHER
train-03957,video/train/J/train-03957.mp4,OTHER,J,train,train,OTHER
train-03958,video/train/J/train-03958.mp4,OTHER,J,train,train,OTHER
train-03959,video/train/J/train-03959.mp4,CONFIRMATION,J,train,train,CONFIRMATION
train-03960,video/train/J/train-03960.mp4,QUESTION,J,train,train,QUESTION
train-03961,video/train/J/train-03961.mp4,LOCATION_QUERY,J,train,train,LOCATION_QUERY
train-03962,video/train/J/train-03962.mp4,LOCATION_QUERY,J,train,train,LOCATION_QUERY
train-03963,video/train/J/train-03963.mp4,LOCATION_QUERY,J,train,train,LOCATION_QUERY
train-03964,video/train/J/train-03964.mp4,LOCATION_QUERY,J,train,train,LOCATION_QUERY
train-03965,video/train/J/train-03965.mp4,LOCATION_QUERY,J,train,train,LOCATION_QUERY
train-03966,video/train/K/train-03966.mp4,TIME_QUERY,K,train,train,TIME_QUERY
train-03967,video/train/K/train-03967.mp4,OTHER,K,train,train,OTHER
train-03968,video/train/K/train-03968.mp4,OTHER,K,train,train,OTHER
train-03969,video/train/K/train-03969.mp4,CONFIRMATION,K,train,train,CONFIRMATION
train-03970,video/train/K/train-03970.mp4,OTHER,K,train,train,OTHER
train-03971,video/train/K/train-03971.mp4,OTHER,K,train,train,OTHER
train-03972,video/train/K/train-03972.mp4,ACTION_REQUEST,K,train,train,ACTION_REQUEST
train-03973,video/train/K/train-03973.mp4,NEGATION,K,train,train,NEGATION
train-03974,video/train/K/train-03974.mp4,PURCHASE,K,train,train,PURCHASE
train-03975,video/train/K/train-03975.mp4,OTHER,K,train,train,OTHER
train-03976,video/train/K/train-03976.mp4,CONFIRMATION,K,train,train,CONFIRMATION
train-03977,video/train/K/train-03977.mp4,PURCHASE,K,train,train,PURCHASE
train-03978,video/train/K/train-03978.mp4,TIME_QUERY,K,train,train,TIME_QUERY
train-03979,video/train/K/train-03979.mp4,CONFIRMATION,K,train,train,CONFIRMATION
train-03980,video/train/K/train-03980.mp4,QUESTION,K,train,train,QUESTION
train-03981,video/train/K/train-03981.mp4,QUESTION,K,train,train,QUESTION
train-03982,video/train/K/train-03982.mp4,ACTION_REQUEST,K,train,train,ACTION_REQUEST
train-03983,video/train/K/train-03983.mp4,CONFIRMATION,K,train,train,CONFIRMATION
train-03984,video/train/K/train-03984.mp4,NEGATION,K,train,train,NEGATION
train-03985,video/train/K/train-03985.mp4,ACTION_REQUEST,K,train,train,ACTION_REQUEST
train-03986,video/train/K/train-03986.mp4,OTHER,K,train,train,OTHER
train-03987,video/train/K/train-03987.mp4,ACTION_REQUEST,K,train,train,ACTION_REQUEST
train-03988,video/train/K/train-03988.mp4,OTHER,K,train,train,OTHER
train-03989,video/train/K/train-03989.mp4,OTHER,K,train,train,OTHER
train-03990,video/train/K/train-03990.mp4,ACTION_REQUEST,K,train,train,ACTION_REQUEST
train-03991,video/train/K/train-03991.mp4,OTHER,K,train,train,OTHER
train-03992,video/train/K/train-03992.mp4,TIME_QUERY,K,train,train,TIME_QUERY
train-03993,video/train/K/train-03993.mp4,OTHER,K,train,train,OTHER
train-03994,video/train/K/train-03994.mp4,ACTION_REQUEST,K,train,train,ACTION_REQUEST
train-03995,video/train/K/train-03995.mp4,OTHER,K,train,train,OTHER
train-03996,video/train/K/train-03996.mp4,GREETING,K,train,train,GREETING
train-03997,video/train/K/train-03997.mp4,OTHER,K,train,train,OTHER
train-03998,video/train/K/train-03998.mp4,OTHER,K,train,train,OTHER
train-03999,video/train/K/train-03999.mp4,OTHER,K,train,train,OTHER
train-04000,video/train/K/train-04000.mp4,OTHER,K,train,train,OTHER
train-04001,video/train/K/train-04001.mp4,OTHER,K,train,train,OTHER
train-04002,video/train/K/train-04002.mp4,CONFIRMATION,K,train,train,CONFIRMATION
train-04003,video/train/K/train-04003.mp4,OTHER,K,train,train,OTHER
train-04004,video/train/K/train-04004.mp4,LIKE_PREFERENCE,K,train,train,LIKE_PREFERENCE
train-04005,video/train/K/train-04005.mp4,CONFIRMATION,K,train,train,CONFIRMATION
train-04006,video/train/K/train-04006.mp4,QUESTION,K,train,train,QUESTION
train-04007,video/train/K/train-04007.mp4,OTHER,K,train,train,OTHER
train-04008,video/train/K/train-04008.mp4,CONFIRMATION,K,train,train,CONFIRMATION
train-04009,video/train/K/train-04009.mp4,CONFIRMATION,K,train,train,CONFIRMATION
train-04010,video/train/K/train-04010.mp4,CONFIRMATION,K,train,train,CONFIRMATION
train-04011,video/train/K/train-04011.mp4,OTHER,K,train,train,OTHER
train-04012,video/train/K/train-04012.mp4,OTHER,K,train,train,OTHER
train-04013,video/train/K/train-04013.mp4,ACTION_REQUEST,K,train,train,ACTION_REQUEST
train-04014,video/train/K/train-04014.mp4,OTHER,K,train,train,OTHER
train-04015,video/train/K/train-04015.mp4,OTHER,K,train,train,OTHER
train-04016,video/train/K/train-04016.mp4,CONFIRMATION,K,train,train,CONFIRMATION
train-04017,video/train/K/train-04017.mp4,EMOTION,K,train,train,EMOTION
train-04018,video/train/K/train-04018.mp4,OTHER,K,train,train,OTHER
train-04019,video/train/K/train-04019.mp4,OTHER,K,train,train,OTHER
train-04020,video/train/K/train-04020.mp4,CONFIRMATION,K,train,train,CONFIRMATION
train-04021,video/train/K/train-04021.mp4,OTHER,K,train,train,OTHER
train-04022,video/train/K/train-04022.mp4,OTHER,K,train,train,OTHER
train-04023,video/train/K/train-04023.mp4,OTHER,K,train,train,OTHER
train-04024,video/train/K/train-04024.mp4,OTHER,K,train,train,OTHER
train-04025,video/train/K/train-04025.mp4,TIME_QUERY,K,train,train,TIME_QUERY
train-04026,video/train/K/train-04026.mp4,OTHER,K,train,train,OTHER
train-04027,video/train/K/train-04027.mp4,CONFIRMATION,K,train,train,CONFIRMATION
train-04028,video/train/K/train-04028.mp4,CONFIRMATION,K,train,train,CONFIRMATION
train-04029,video/train/K/train-04029.mp4,CONFIRMATION,K,train,train,CONFIRMATION
train-04030,video/train/K/train-04030.mp4,CONFIRMATION,K,train,train,CONFIRMATION
train-04031,video/train/K/train-04031.mp4,LOCATION_QUERY,K,train,train,LOCATION_QUERY
train-04032,video/train/K/train-04032.mp4,CONFIRMATION,K,train,train,CONFIRMATION
train-04033,video/train/K/train-04033.mp4,CONFIRMATION,K,train,train,CONFIRMATION
train-04034,video/train/K/train-04034.mp4,HELP_REQUEST,K,train,train,HELP_REQUEST
train-04035,video/train/K/train-04035.mp4,CONFIRMATION,K,train,train,CONFIRMATION
train-04036,video/train/K/train-04036.mp4,PURCHASE,K,train,train,PURCHASE
train-04037,video/train/K/train-04037.mp4,ACTION_REQUEST,K,train,train,ACTION_REQUEST
train-04038,video/train/K/train-04038.mp4,HELP_REQUEST,K,train,train,HELP_REQUEST
train-04039,video/train/K/train-04039.mp4,CONFIRMATION,K,train,train,CONFIRMATION
train-04040,video/train/K/train-04040.mp4,QUESTION,K,train,train,QUESTION
train-04041,video/train/K/train-04041.mp4,QUESTION,K,train,train,QUESTION
train-04042,video/train/K/train-04042.mp4,CONFIRMATION,K,train,train,CONFIRMATION
train-04043,video/train/K/train-04043.mp4,HELP_REQUEST,K,train,train,HELP_REQUEST
train-04044,video/train/K/train-04044.mp4,HELP_REQUEST,K,train,train,HELP_REQUEST
train-04045,video/train/K/train-04045.mp4,HELP_REQUEST,K,train,train,HELP_REQUEST
train-04046,video/train/K/train-04046.mp4,HELP_REQUEST,K,train,train,HELP_REQUEST
train-04047,video/train/K/train-04047.mp4,HELP_REQUEST,K,train,train,HELP_REQUEST
train-04048,video/train/K/train-04048.mp4,CONFIRMATION,K,train,train,CONFIRMATION
train-04049,video/train/K/train-04049.mp4,CONFIRMATION,K,train,train,CONFIRMATION
train-04050,video/train/K/train-04050.mp4,CONFIRMATION,K,train,train,CONFIRMATION
train-04051,video/train/K/train-04051.mp4,CONFIRMATION,K,train,train,CONFIRMATION
train-04052,video/train/K/train-04052.mp4,ACTION_REQUEST,K,train,train,ACTION_REQUEST
train-04053,video/train/K/train-04053.mp4,PURCHASE,K,train,train,PURCHASE
train-04054,video/train/K/train-04054.mp4,CONFIRMATION,K,train,train,CONFIRMATION
train-04055,video/train/K/train-04055.mp4,CONFIRMATION,K,train,train,CONFIRMATION
train-04056,video/train/K/train-04056.mp4,QUESTION,K,train,train,QUESTION
train-04057,video/train/K/train-04057.mp4,OTHER,K,train,train,OTHER
train-04058,video/train/K/train-04058.mp4,LOCATION_QUERY,K,train,train,LOCATION_QUERY
train-04059,video/train/K/train-04059.mp4,QUESTION,K,train,train,QUESTION
train-04060,video/train/K/train-04060.mp4,CONFIRMATION,K,train,train,CONFIRMATION
train-04061,video/train/K/train-04061.mp4,HELP_REQUEST,K,train,train,HELP_REQUEST
train-04062,video/train/K/train-04062.mp4,QUESTION,K,train,train,QUESTION
train-04063,video/train/K/train-04063.mp4,LOCATION_QUERY,K,train,train,LOCATION_QUERY
train-04064,video/train/K/train-04064.mp4,QUESTION,K,train,train,QUESTION
train-04065,video/train/K/train-04065.mp4,HEALTH,K,train,train,HEALTH
train-04066,video/train/K/train-04066.mp4,OTHER,K,train,train,OTHER
train-04067,video/train/K/train-04067.mp4,OTHER,K,train,train,OTHER
train-04068,video/train/K/train-04068.mp4,CONFIRMATION,K,train,train,CONFIRMATION
train-04069,video/train/K/train-04069.mp4,OTHER,K,train,train,OTHER
train-04070,video/train/K/train-04070.mp4,QUESTION,K,train,train,QUESTION
train-04071,video/train/K/train-04071.mp4,TIME_QUERY,K,train,train,TIME_QUERY
train-04072,video/train/K/train-04072.mp4,OTHER,K,train,train,OTHER
train-04073,video/train/K/train-04073.mp4,OTHER,K,train,train,OTHER
train-04074,video/train/K/train-04074.mp4,LIKE_PREFERENCE,K,train,train,LIKE_PREFERENCE
train-04075,video/train/K/train-04075.mp4,OTHER,K,train,train,OTHER
train-04076,video/train/K/train-04076.mp4,CONFIRMATION,K,train,train,CONFIRMATION
train-04077,video/train/K/train-04077.mp4,OTHER,K,train,train,OTHER
train-04078,video/train/K/train-04078.mp4,CONFIRMATION,K,train,train,CONFIRMATION
train-04079,video/train/K/train-04079.mp4,OTHER,K,train,train,OTHER
train-04080,video/train/K/train-04080.mp4,OTHER,K,train,train,OTHER
train-04081,video/train/K/train-04081.mp4,CONFIRMATION,K,train,train,CONFIRMATION
train-04082,video/train/K/train-04082.mp4,OTHER,K,train,train,OTHER
train-04083,video/train/K/train-04083.mp4,CONFIRMATION,K,train,train,CONFIRMATION
train-04084,video/train/K/train-04084.mp4,OTHER,K,train,train,OTHER
train-04085,video/train/K/train-04085.mp4,OTHER,K,train,train,OTHER
train-04086,video/train/K/train-04086.mp4,OTHER,K,train,train,OTHER
train-04087,video/train/K/train-04087.mp4,LOCATION_QUERY,K,train,train,LOCATION_QUERY
train-04088,video/train/K/train-04088.mp4,QUESTION,K,train,train,QUESTION
train-04089,video/train/K/train-04089.mp4,OTHER,K,train,train,OTHER
train-04090,video/train/K/train-04090.mp4,OTHER,K,train,train,OTHER
train-04091,video/train/K/train-04091.mp4,OTHER,K,train,train,OTHER
train-04092,video/train/K/train-04092.mp4,OTHER,K,train,train,OTHER
train-04093,video/train/K/train-04093.mp4,OTHER,K,train,train,OTHER
train-04094,video/train/K/train-04094.mp4,OTHER,K,train,train,OTHER
train-04095,video/train/K/train-04095.mp4,PURCHASE,K,train,train,PURCHASE
train-04096,video/train/K/train-04096.mp4,QUESTION,K,train,train,QUESTION
train-04097,video/train/K/train-04097.mp4,ACTION_REQUEST,K,train,train,ACTION_REQUEST
train-04098,video/train/K/train-04098.mp4,OTHER,K,train,train,OTHER
train-04099,video/train/K/train-04099.mp4,ACTION_REQUEST,K,train,train,ACTION_REQUEST
train-04100,video/train/K/train-04100.mp4,OTHER,K,train,train,OTHER
train-04101,video/train/K/train-04101.mp4,OTHER,K,train,train,OTHER
train-04102,video/train/K/train-04102.mp4,OTHER,K,train,train,OTHER
train-04103,video/train/K/train-04103.mp4,QUESTION,K,train,train,QUESTION
train-04104,video/train/K/train-04104.mp4,QUESTION,K,train,train,QUESTION
train-04105,video/train/K/train-04105.mp4,QUESTION,K,train,train,QUESTION
train-04106,video/train/K/train-04106.mp4,ACTION_REQUEST,K,train,train,ACTION_REQUEST
train-04107,video/train/K/train-04107.mp4,HELP_REQUEST,K,train,train,HELP_REQUEST
train-04108,video/train/K/train-04108.mp4,HELP_REQUEST,K,train,train,HELP_REQUEST
train-04109,video/train/K/train-04109.mp4,OTHER,K,train,train,OTHER
train-04110,video/train/K/train-04110.mp4,QUESTION,K,train,train,QUESTION
train-04111,video/train/K/train-04111.mp4,CONFIRMATION,K,train,train,CONFIRMATION
train-04112,video/train/K/train-04112.mp4,CONFIRMATION,K,train,train,CONFIRMATION
train-04113,video/train/K/train-04113.mp4,LOCATION_QUERY,K,train,train,LOCATION_QUERY
train-04114,video/train/K/train-04114.mp4,CONFIRMATION,K,train,train,CONFIRMATION
train-04115,video/train/K/train-04115.mp4,OTHER,K,train,train,OTHER
train-04116,video/train/K/train-04116.mp4,QUESTION,K,train,train,QUESTION
train-04117,video/train/K/train-04117.mp4,OTHER,K,train,train,OTHER
train-04118,video/train/K/train-04118.mp4,QUESTION,K,train,train,QUESTION
train-04119,video/train/K/train-04119.mp4,LOCATION_QUERY,K,train,train,LOCATION_QUERY
train-04120,video/train/K/train-04120.mp4,OTHER,K,train,train,OTHER
train-04121,video/train/K/train-04121.mp4,ACTION_REQUEST,K,train,train,ACTION_REQUEST
train-04122,video/train/K/train-04122.mp4,OTHER,K,train,train,OTHER
train-04123,video/train/K/train-04123.mp4,QUESTION,K,train,train,QUESTION
train-04124,video/train/K/train-04124.mp4,OTHER,K,train,train,OTHER
train-04125,video/train/K/train-04125.mp4,OTHER,K,train,train,OTHER
train-04126,video/train/K/train-04126.mp4,EMOTION,K,train,train,EMOTION
train-04127,video/train/K/train-04127.mp4,TIME_QUERY,K,train,train,TIME_QUERY
train-04128,video/train/K/train-04128.mp4,OTHER,K,train,train,OTHER
train-04129,video/train/K/train-04129.mp4,OTHER,K,train,train,OTHER
train-04130,video/train/K/train-04130.mp4,QUESTION,K,train,train,QUESTION
train-04131,video/train/K/train-04131.mp4,OTHER,K,train,train,OTHER
train-04132,video/train/K/train-04132.mp4,QUESTION,K,train,train,QUESTION
train-04133,video/train/K/train-04133.mp4,OTHER,K,train,train,OTHER
train-04134,video/train/K/train-04134.mp4,HELP_REQUEST,K,train,train,HELP_REQUEST
train-04135,video/train/K/train-04135.mp4,OTHER,K,train,train,OTHER
train-04136,video/train/K/train-04136.mp4,OTHER,K,train,train,OTHER
train-04137,video/train/K/train-04137.mp4,OTHER,K,train,train,OTHER
train-04138,video/train/K/train-04138.mp4,OTHER,K,train,train,OTHER
train-04139,video/train/K/train-04139.mp4,CONFIRMATION,K,train,train,CONFIRMATION
train-04140,video/train/K/train-04140.mp4,OTHER,K,train,train,OTHER
train-04141,video/train/K/train-04141.mp4,OTHER,K,train,train,OTHER
train-04142,video/train/K/train-04142.mp4,OTHER,K,train,train,OTHER
train-04143,video/train/K/train-04143.mp4,OTHER,K,train,train,OTHER
train-04144,video/train/K/train-04144.mp4,OTHER,K,train,train,OTHER
train-04145,video/train/K/train-04145.mp4,OTHER,K,train,train,OTHER
train-04146,video/train/K/train-04146.mp4,TIME_QUERY,K,train,train,TIME_QUERY
train-04147,video/train/K/train-04147.mp4,ACTION_REQUEST,K,train,train,ACTION_REQUEST
train-04148,video/train/K/train-04148.mp4,OTHER,K,train,train,OTHER
train-04149,video/train/K/train-04149.mp4,CONFIRMATION,K,train,train,CONFIRMATION
train-04150,video/train/K/train-04150.mp4,QUESTION,K,train,train,QUESTION
train-04151,video/train/K/train-04151.mp4,LOCATION_QUERY,K,train,train,LOCATION_QUERY
train-04152,video/train/K/train-04152.mp4,OTHER,K,train,train,OTHER
train-04153,video/train/K/train-04153.mp4,CONFIRMATION,K,train,train,CONFIRMATION
train-04154,video/train/K/train-04154.mp4,LOCATION_QUERY,K,train,train,LOCATION_QUERY
train-04155,video/train/K/train-04155.mp4,GREETING,K,train,train,GREETING
train-04156,video/train/K/train-04156.mp4,OTHER,K,train,train,OTHER
train-04157,video/train/K/train-04157.mp4,LOCATION_QUERY,K,train,train,LOCATION_QUERY
train-04158,video/train/K/train-04158.mp4,OTHER,K,train,train,OTHER
train-04159,video/train/K/train-04159.mp4,OTHER,K,train,train,OTHER
train-04160,video/train/K/train-04160.mp4,OTHER,K,train,train,OTHER
train-04161,video/train/K/train-04161.mp4,OTHER,K,train,train,OTHER
train-04162,video/train/K/train-04162.mp4,OTHER,K,train,train,OTHER
train-04163,video/train/K/train-04163.mp4,OTHER,K,train,train,OTHER
train-04164,video/train/K/train-04164.mp4,CONFIRMATION,K,train,train,CONFIRMATION
train-04165,video/train/K/train-04165.mp4,CONFIRMATION,K,train,train,CONFIRMATION
train-04166,video/train/K/train-04166.mp4,QUESTION,K,train,train,QUESTION
train-04167,video/train/K/train-04167.mp4,OTHER,K,train,train,OTHER
train-04168,video/train/K/train-04168.mp4,LOCATION_QUERY,K,train,train,LOCATION_QUERY
train-04169,video/train/K/train-04169.mp4,ACTION_REQUEST,K,train,train,ACTION_REQUEST
train-04170,video/train/K/train-04170.mp4,LOCATION_QUERY,K,train,train,LOCATION_QUERY
train-04171,video/train/K/train-04171.mp4,CONFIRMATION,K,train,train,CONFIRMATION
train-04172,video/train/K/train-04172.mp4,LOCATION_QUERY,K,train,train,LOCATION_QUERY
train-04173,video/train/K/train-04173.mp4,OTHER,K,train,train,OTHER
train-04174,video/train/K/train-04174.mp4,OTHER,K,train,train,OTHER
train-04175,video/train/K/train-04175.mp4,OTHER,K,train,train,OTHER
train-04176,video/train/K/train-04176.mp4,CONFIRMATION,K,train,train,CONFIRMATION
train-04177,video/train/K/train-04177.mp4,OTHER,K,train,train,OTHER
train-04178,video/train/K/train-04178.mp4,LOCATION_QUERY,K,train,train,LOCATION_QUERY
train-04179,video/train/K/train-04179.mp4,CONFIRMATION,K,train,train,CONFIRMATION
train-04180,video/train/K/train-04180.mp4,CONFIRMATION,K,train,train,CONFIRMATION
train-04181,video/train/K/train-04181.mp4,CONFIRMATION,K,train,train,CONFIRMATION
train-04182,video/train/K/train-04182.mp4,LOCATION_QUERY,K,train,train,LOCATION_QUERY
train-04183,video/train/K/train-04183.mp4,OTHER,K,train,train,OTHER
train-04184,video/train/K/train-04184.mp4,LOCATION_QUERY,K,train,train,LOCATION_QUERY
train-04185,video/train/K/train-04185.mp4,OTHER,K,train,train,OTHER
train-04186,video/train/K/train-04186.mp4,OTHER,K,train,train,OTHER
train-04187,video/train/K/train-04187.mp4,CONFIRMATION,K,train,train,CONFIRMATION
train-04188,video/train/K/train-04188.mp4,ACTION_REQUEST,K,train,train,ACTION_REQUEST
train-04189,video/train/K/train-04189.mp4,OTHER,K,train,train,OTHER
train-04190,video/train/K/train-04190.mp4,PURCHASE,K,train,train,PURCHASE
train-04191,video/train/K/train-04191.mp4,OTHER,K,train,train,OTHER
train-04192,video/train/K/train-04192.mp4,ACTION_REQUEST,K,train,train,ACTION_REQUEST
train-04193,video/train/K/train-04193.mp4,LOCATION_QUERY,K,train,train,LOCATION_QUERY
train-04194,video/train/K/train-04194.mp4,ACTION_REQUEST,K,train,train,ACTION_REQUEST
train-04195,video/train/K/train-04195.mp4,PURCHASE,K,train,train,PURCHASE
train-04196,video/train/K/train-04196.mp4,QUESTION,K,train,train,QUESTION
train-04197,video/train/K/train-04197.mp4,OTHER,K,train,train,OTHER
train-04198,video/train/K/train-04198.mp4,HELP_REQUEST,K,train,train,HELP_REQUEST
train-04199,video/train/K/train-04199.mp4,OTHER,K,train,train,OTHER
train-04200,video/train/K/train-04200.mp4,LOCATION_QUERY,K,train,train,LOCATION_QUERY
train-04201,video/train/K/train-04201.mp4,LOCATION_QUERY,K,train,train,LOCATION_QUERY
train-04202,video/train/K/train-04202.mp4,ACTION_REQUEST,K,train,train,ACTION_REQUEST
train-04203,video/train/K/train-04203.mp4,QUESTION,K,train,train,QUESTION
train-04204,video/train/K/train-04204.mp4,CONFIRMATION,K,train,train,CONFIRMATION
train-04205,video/train/K/train-04205.mp4,OTHER,K,train,train,OTHER
train-04206,video/train/K/train-04206.mp4,OTHER,K,train,train,OTHER
train-04207,video/train/K/train-04207.mp4,OTHER,K,train,train,OTHER
train-04208,video/train/K/train-04208.mp4,OTHER,K,train,train,OTHER
train-04209,video/train/K/train-04209.mp4,ACTION_REQUEST,K,train,train,ACTION_REQUEST
train-04210,video/train/K/train-04210.mp4,ACTION_REQUEST,K,train,train,ACTION_REQUEST
train-04211,video/train/K/train-04211.mp4,HELP_REQUEST,K,train,train,HELP_REQUEST
train-04212,video/train/K/train-04212.mp4,HELP_REQUEST,K,train,train,HELP_REQUEST
train-04213,video/train/K/train-04213.mp4,HELP_REQUEST,K,train,train,HELP_REQUEST
train-04214,video/train/K/train-04214.mp4,HELP_REQUEST,K,train,train,HELP_REQUEST
train-04215,video/train/K/train-04215.mp4,HELP_REQUEST,K,train,train,HELP_REQUEST
train-04216,video/train/K/train-04216.mp4,HELP_REQUEST,K,train,train,HELP_REQUEST
train-04217,video/train/K/train-04217.mp4,HELP_REQUEST,K,train,train,HELP_REQUEST
train-04218,video/train/K/train-04218.mp4,OTHER,K,train,train,OTHER
train-04219,video/train/K/train-04219.mp4,OTHER,K,train,train,OTHER
train-04220,video/train/K/train-04220.mp4,OTHER,K,train,train,OTHER
train-04221,video/train/K/train-04221.mp4,ACTION_REQUEST,K,train,train,ACTION_REQUEST
train-04222,video/train/K/train-04222.mp4,HELP_REQUEST,K,train,train,HELP_REQUEST
train-04223,video/train/K/train-04223.mp4,CONFIRMATION,K,train,train,CONFIRMATION
train-04224,video/train/K/train-04224.mp4,OTHER,K,train,train,OTHER
train-04225,video/train/K/train-04225.mp4,OTHER,K,train,train,OTHER
train-04226,video/train/K/train-04226.mp4,OTHER,K,train,train,OTHER
train-04227,video/train/K/train-04227.mp4,OTHER,K,train,train,OTHER
train-04228,video/train/K/train-04228.mp4,OTHER,K,train,train,OTHER
train-04229,video/train/K/train-04229.mp4,OTHER,K,train,train,OTHER
train-04230,video/train/K/train-04230.mp4,LOCATION_QUERY,K,train,train,LOCATION_QUERY
train-04231,video/train/K/train-04231.mp4,OTHER,K,train,train,OTHER
train-04232,video/train/K/train-04232.mp4,OTHER,K,train,train,OTHER
train-04233,video/train/K/train-04233.mp4,CONFIRMATION,K,train,train,CONFIRMATION
train-04234,video/train/K/train-04234.mp4,ACTION_REQUEST,K,train,train,ACTION_REQUEST
train-04235,video/train/K/train-04235.mp4,OTHER,K,train,train,OTHER
train-04236,video/train/K/train-04236.mp4,OTHER,K,train,train,OTHER
train-04237,video/train/K/train-04237.mp4,OTHER,K,train,train,OTHER
train-04238,video/train/K/train-04238.mp4,QUESTION,K,train,train,QUESTION
train-04239,video/train/K/train-04239.mp4,CONFIRMATION,K,train,train,CONFIRMATION
train-04240,video/train/K/train-04240.mp4,OTHER,K,train,train,OTHER
train-04241,video/train/K/train-04241.mp4,NEGATION,K,train,train,NEGATION
train-04242,video/train/K/train-04242.mp4,OTHER,K,train,train,OTHER
train-04243,video/train/K/train-04243.mp4,PURCHASE,K,train,train,PURCHASE
train-04244,video/train/K/train-04244.mp4,OTHER,K,train,train,OTHER
train-04245,video/train/K/train-04245.mp4,OTHER,K,train,train,OTHER
train-04246,video/train/K/train-04246.mp4,OTHER,K,train,train,OTHER
train-04247,video/train/K/train-04247.mp4,PURCHASE,K,train,train,PURCHASE
train-04248,video/train/K/train-04248.mp4,CONFIRMATION,K,train,train,CONFIRMATION
train-04249,video/train/K/train-04249.mp4,ACTION_REQUEST,K,train,train,ACTION_REQUEST
train-04250,video/train/K/train-04250.mp4,CONFIRMATION,K,train,train,CONFIRMATION
train-04251,video/train/K/train-04251.mp4,HEALTH,K,train,train,HEALTH
train-04252,video/train/K/train-04252.mp4,OTHER,K,train,train,OTHER
train-04253,video/train/K/train-04253.mp4,OTHER,K,train,train,OTHER
train-04254,video/train/K/train-04254.mp4,ACTION_REQUEST,K,train,train,ACTION_REQUEST
train-04255,video/train/K/train-04255.mp4,OTHER,K,train,train,OTHER
train-04256,video/train/K/train-04256.mp4,OTHER,K,train,train,OTHER
train-04257,video/train/K/train-04257.mp4,OTHER,K,train,train,OTHER
train-04258,video/train/K/train-04258.mp4,ACTION_REQUEST,K,train,train,ACTION_REQUEST
train-04259,video/train/K/train-04259.mp4,OTHER,K,train,train,OTHER
train-04260,video/train/K/train-04260.mp4,OTHER,K,train,train,OTHER
train-04261,video/train/K/train-04261.mp4,OTHER,K,train,train,OTHER
train-04262,video/train/K/train-04262.mp4,PURCHASE,K,train,train,PURCHASE
train-04263,video/train/K/train-04263.mp4,OTHER,K,train,train,OTHER
train-04264,video/train/K/train-04264.mp4,OTHER,K,train,train,OTHER
train-04265,video/train/K/train-04265.mp4,OTHER,K,train,train,OTHER
train-04266,video/train/K/train-04266.mp4,OTHER,K,train,train,OTHER
train-04267,video/train/K/train-04267.mp4,ACTION_REQUEST,K,train,train,ACTION_REQUEST
train-04268,video/train/K/train-04268.mp4,OTHER,K,train,train,OTHER
train-04269,video/train/K/train-04269.mp4,OTHER,K,train,train,OTHER
train-04270,video/train/K/train-04270.mp4,OTHER,K,train,train,OTHER
train-04271,video/train/K/train-04271.mp4,OTHER,K,train,train,OTHER
train-04272,video/train/K/train-04272.mp4,LOCATION_QUERY,K,train,train,LOCATION_QUERY
train-04273,video/train/K/train-04273.mp4,LOCATION_QUERY,K,train,train,LOCATION_QUERY
train-04274,video/train/K/train-04274.mp4,QUESTION,K,train,train,QUESTION
train-04275,video/train/K/train-04275.mp4,QUESTION,K,train,train,QUESTION
train-04276,video/train/K/train-04276.mp4,LOCATION_QUERY,K,train,train,LOCATION_QUERY
train-04277,video/train/K/train-04277.mp4,QUESTION,K,train,train,QUESTION
train-04278,video/train/K/train-04278.mp4,QUESTION,K,train,train,QUESTION
train-04279,video/train/K/train-04279.mp4,QUESTION,K,train,train,QUESTION
train-04280,video/train/K/train-04280.mp4,QUESTION,K,train,train,QUESTION
train-04281,video/train/K/train-04281.mp4,QUESTION,K,train,train,QUESTION
train-04282,video/train/K/train-04282.mp4,QUESTION,K,train,train,QUESTION
train-04283,video/train/K/train-04283.mp4,OTHER,K,train,train,OTHER
train-04284,video/train/K/train-04284.mp4,QUESTION,K,train,train,QUESTION
train-04285,video/train/K/train-04285.mp4,QUESTION,K,train,train,QUESTION
train-04286,video/train/K/train-04286.mp4,QUESTION,K,train,train,QUESTION
train-04287,video/train/K/train-04287.mp4,QUESTION,K,train,train,QUESTION
train-04288,video/train/K/train-04288.mp4,OTHER,K,train,train,OTHER
train-04289,video/train/K/train-04289.mp4,QUESTION,K,train,train,QUESTION
train-04290,video/train/K/train-04290.mp4,QUESTION,K,train,train,QUESTION
train-04291,video/train/K/train-04291.mp4,QUESTION,K,train,train,QUESTION
train-04292,video/train/K/train-04292.mp4,LOCATION_QUERY,K,train,train,LOCATION_QUERY
train-04293,video/train/K/train-04293.mp4,QUESTION,K,train,train,QUESTION
train-04294,video/train/K/train-04294.mp4,QUESTION,K,train,train,QUESTION
train-04295,video/train/K/train-04295.mp4,QUESTION,K,train,train,QUESTION
train-04296,video/train/K/train-04296.mp4,QUESTION,K,train,train,QUESTION
train-04297,video/train/K/train-04297.mp4,OTHER,K,train,train,OTHER
train-04298,video/train/K/train-04298.mp4,QUESTION,K,train,train,QUESTION
train-04299,video/train/K/train-04299.mp4,LIKE_PREFERENCE,K,train,train,LIKE_PREFERENCE
train-04300,video/train/K/train-04300.mp4,TIME_QUERY,K,train,train,TIME_QUERY
train-04301,video/train/K/train-04301.mp4,TIME_QUERY,K,train,train,TIME_QUERY
train-04302,video/train/K/train-04302.mp4,QUESTION,K,train,train,QUESTION
train-04303,video/train/K/train-04303.mp4,QUESTION,K,train,train,QUESTION
train-04304,video/train/K/train-04304.mp4,QUESTION,K,train,train,QUESTION
train-04305,video/train/K/train-04305.mp4,QUESTION,K,train,train,QUESTION
train-04306,video/train/K/train-04306.mp4,QUESTION,K,train,train,QUESTION
train-04307,video/train/K/train-04307.mp4,HELP_REQUEST,K,train,train,HELP_REQUEST
train-04308,video/train/K/train-04308.mp4,OTHER,K,train,train,OTHER
train-04309,video/train/K/train-04309.mp4,QUESTION,K,train,train,QUESTION
train-04310,video/train/K/train-04310.mp4,QUESTION,K,train,train,QUESTION
train-04311,video/train/K/train-04311.mp4,QUESTION,K,train,train,QUESTION
train-04312,video/train/K/train-04312.mp4,QUESTION,K,train,train,QUESTION
train-04313,video/train/K/train-04313.mp4,QUESTION,K,train,train,QUESTION
train-04314,video/train/K/train-04314.mp4,LOCATION_QUERY,K,train,train,LOCATION_QUERY
train-04315,video/train/K/train-04315.mp4,GREETING,K,train,train,GREETING
train-04316,video/train/K/train-04316.mp4,ACTION_REQUEST,K,train,train,ACTION_REQUEST
train-04317,video/train/K/train-04317.mp4,OTHER,K,train,train,OTHER
train-04318,video/train/K/train-04318.mp4,OTHER,K,train,train,OTHER
train-04319,video/train/K/train-04319.mp4,OTHER,K,train,train,OTHER
train-04320,video/train/K/train-04320.mp4,GREETING,K,train,train,GREETING
train-04321,video/train/K/train-04321.mp4,ACTION_REQUEST,K,train,train,ACTION_REQUEST
train-04322,video/train/K/train-04322.mp4,OTHER,K,train,train,OTHER
train-04323,video/train/K/train-04323.mp4,OTHER,K,train,train,OTHER
train-04324,video/train/K/train-04324.mp4,OTHER,K,train,train,OTHER
train-04325,video/train/K/train-04325.mp4,CONFIRMATION,K,train,train,CONFIRMATION
train-04326,video/train/K/train-04326.mp4,OTHER,K,train,train,OTHER
train-04327,video/train/K/train-04327.mp4,OTHER,K,train,train,OTHER
train-04328,video/train/K/train-04328.mp4,OTHER,K,train,train,OTHER
train-04329,video/train/K/train-04329.mp4,OTHER,K,train,train,OTHER
train-04330,video/train/K/train-04330.mp4,OTHER,K,train,train,OTHER
train-04331,video/train/K/train-04331.mp4,OTHER,K,train,train,OTHER
train-04332,video/train/K/train-04332.mp4,OTHER,K,train,train,OTHER
train-04333,video/train/K/train-04333.mp4,OTHER,K,train,train,OTHER
train-04334,video/train/K/train-04334.mp4,CONFIRMATION,K,train,train,CONFIRMATION
train-04335,video/train/K/train-04335.mp4,OTHER,K,train,train,OTHER
train-04336,video/train/K/train-04336.mp4,LIKE_PREFERENCE,K,train,train,LIKE_PREFERENCE
train-04337,video/train/K/train-04337.mp4,OTHER,K,train,train,OTHER
train-04338,video/train/K/train-04338.mp4,PURCHASE,K,train,train,PURCHASE
train-04339,video/train/K/train-04339.mp4,OTHER,K,train,train,OTHER
train-04340,video/train/K/train-04340.mp4,ACTION_REQUEST,K,train,train,ACTION_REQUEST
train-04341,video/train/K/train-04341.mp4,ACTION_REQUEST,K,train,train,ACTION_REQUEST
train-04342,video/train/K/train-04342.mp4,OTHER,K,train,train,OTHER
train-04343,video/train/K/train-04343.mp4,OTHER,K,train,train,OTHER
train-04344,video/train/K/train-04344.mp4,OTHER,K,train,train,OTHER
train-04345,video/train/K/train-04345.mp4,OTHER,K,train,train,OTHER
train-04346,video/train/K/train-04346.mp4,CONFIRMATION,K,train,train,CONFIRMATION
train-04347,video/train/K/train-04347.mp4,OTHER,K,train,train,OTHER
train-04348,video/train/K/train-04348.mp4,EMOTION,K,train,train,EMOTION
train-04349,video/train/K/train-04349.mp4,LOCATION_QUERY,K,train,train,LOCATION_QUERY
train-04350,video/train/K/train-04350.mp4,LOCATION_QUERY,K,train,train,LOCATION_QUERY
train-04351,video/train/K/train-04351.mp4,OTHER,K,train,train,OTHER
train-04352,video/train/K/train-04352.mp4,ACTION_REQUEST,K,train,train,ACTION_REQUEST
train-04353,video/train/K/train-04353.mp4,QUESTION,K,train,train,QUESTION
train-04354,video/train/K/train-04354.mp4,OTHER,K,train,train,OTHER
train-04355,video/train/K/train-04355.mp4,ACTION_REQUEST,K,train,train,ACTION_REQUEST
train-04356,video/train/K/train-04356.mp4,LIKE_PREFERENCE,K,train,train,LIKE_PREFERENCE
train-04357,video/train/K/train-04357.mp4,QUESTION,K,train,train,QUESTION
train-04358,video/train/K/train-04358.mp4,TIME_QUERY,K,train,train,TIME_QUERY
train-04359,video/train/K/train-04359.mp4,OTHER,K,train,train,OTHER
train-04360,video/train/K/train-04360.mp4,CONFIRMATION,K,train,train,CONFIRMATION
train-04361,video/train/K/train-04361.mp4,TIME_QUERY,K,train,train,TIME_QUERY
train-04362,video/train/K/train-04362.mp4,OTHER,K,train,train,OTHER
train-04363,video/train/K/train-04363.mp4,ACTION_REQUEST,K,train,train,ACTION_REQUEST
train-04364,video/train/K/train-04364.mp4,OTHER,K,train,train,OTHER
train-04365,video/train/K/train-04365.mp4,QUESTION,K,train,train,QUESTION
train-04366,video/train/K/train-04366.mp4,OTHER,K,train,train,OTHER
train-04367,video/train/K/train-04367.mp4,OTHER,K,train,train,OTHER
train-04368,video/train/K/train-04368.mp4,ACTION_REQUEST,K,train,train,ACTION_REQUEST
train-04369,video/train/K/train-04369.mp4,OTHER,K,train,train,OTHER
train-04370,video/train/K/train-04370.mp4,OTHER,K,train,train,OTHER
train-04371,video/train/K/train-04371.mp4,PURCHASE,K,train,train,PURCHASE
train-04372,video/train/K/train-04372.mp4,ACTION_REQUEST,K,train,train,ACTION_REQUEST
train-04373,video/train/K/train-04373.mp4,OTHER,K,train,train,OTHER
train-04374,video/train/K/train-04374.mp4,TIME_QUERY,K,train,train,TIME_QUERY
train-04375,video/train/K/train-04375.mp4,OTHER,K,train,train,OTHER
train-04376,video/train/K/train-04376.mp4,QUESTION,K,train,train,QUESTION
train-04377,video/train/K/train-04377.mp4,ACTION_REQUEST,K,train,train,ACTION_REQUEST
train-04378,video/train/K/train-04378.mp4,PURCHASE,K,train,train,PURCHASE
train-04379,video/train/K/train-04379.mp4,OTHER,K,train,train,OTHER
train-04380,video/train/K/train-04380.mp4,NEGATION,K,train,train,NEGATION
train-04381,video/train/K/train-04381.mp4,OTHER,K,train,train,OTHER
train-04382,video/train/K/train-04382.mp4,OTHER,K,train,train,OTHER
train-04383,video/train/K/train-04383.mp4,QUESTION,K,train,train,QUESTION
train-04384,video/train/K/train-04384.mp4,NEGATION,K,train,train,NEGATION
train-04385,video/train/K/train-04385.mp4,OTHER,K,train,train,OTHER
train-04386,video/train/K/train-04386.mp4,OTHER,K,train,train,OTHER
train-04387,video/train/K/train-04387.mp4,QUESTION,K,train,train,QUESTION
train-04388,video/train/K/train-04388.mp4,ACTION_REQUEST,K,train,train,ACTION_REQUEST
train-04389,video/train/K/train-04389.mp4,TIME_QUERY,K,train,train,TIME_QUERY
train-04390,video/train/K/train-04390.mp4,OTHER,K,train,train,OTHER
train-04391,video/train/K/train-04391.mp4,LOCATION_QUERY,K,train,train,LOCATION_QUERY
train-04392,video/train/K/train-04392.mp4,OTHER,K,train,train,OTHER
train-04393,video/train/K/train-04393.mp4,NEGATION,K,train,train,NEGATION
train-04394,video/train/K/train-04394.mp4,CONFIRMATION,K,train,train,CONFIRMATION
train-04395,video/train/K/train-04395.mp4,CONFIRMATION,K,train,train,CONFIRMATION
train-04396,video/train/K/train-04396.mp4,OTHER,K,train,train,OTHER
train-04397,video/train/K/train-04397.mp4,OTHER,K,train,train,OTHER
train-04398,video/train/K/train-04398.mp4,HELP_REQUEST,K,train,train,HELP_REQUEST
train-04399,video/train/K/train-04399.mp4,QUESTION,K,train,train,QUESTION
train-04400,video/train/K/train-04400.mp4,LOCATION_QUERY,K,train,train,LOCATION_QUERY
train-04401,video/train/K/train-04401.mp4,QUESTION,K,train,train,QUESTION
train-04402,video/train/K/train-04402.mp4,LOCATION_QUERY,K,train,train,LOCATION_QUERY
train-04403,video/train/K/train-04403.mp4,TIME_QUERY,K,train,train,TIME_QUERY
train-04404,video/train/K/train-04404.mp4,NEGATION,K,train,train,NEGATION
train-04405,video/train/K/train-04405.mp4,LOCATION_QUERY,K,train,train,LOCATION_QUERY
train-04406,video/train/K/train-04406.mp4,LOCATION_QUERY,K,train,train,LOCATION_QUERY
train-04407,video/train/K/train-04407.mp4,LOCATION_QUERY,K,train,train,LOCATION_QUERY
train-04408,video/train/K/train-04408.mp4,LOCATION_QUERY,K,train,train,LOCATION_QUERY
train-04409,video/train/K/train-04409.mp4,QUESTION,K,train,train,QUESTION
train-04410,video/train/K/train-04410.mp4,LOCATION_QUERY,K,train,train,LOCATION_QUERY
train-04411,video/train/K/train-04411.mp4,LOCATION_QUERY,K,train,train,LOCATION_QUERY
train-04412,video/train/K/train-04412.mp4,LOCATION_QUERY,K,train,train,LOCATION_QUERY
train-04413,video/train/K/train-04413.mp4,QUESTION,K,train,train,QUESTION
train-04414,video/train/K/train-04414.mp4,LOCATION_QUERY,K,train,train,LOCATION_QUERY
train-04415,video/train/K/train-04415.mp4,LOCATION_QUERY,K,train,train,LOCATION_QUERY
train-04416,video/train/K/train-04416.mp4,LOCATION_QUERY,K,train,train,LOCATION_QUERY
train-04417,video/train/K/train-04417.mp4,LOCATION_QUERY,K,train,train,LOCATION_QUERY
train-04418,video/train/K/train-04418.mp4,LOCATION_QUERY,K,train,train,LOCATION_QUERY
train-04419,video/train/K/train-04419.mp4,QUESTION,K,train,train,QUESTION
train-04420,video/train/K/train-04420.mp4,LOCATION_QUERY,K,train,train,LOCATION_QUERY
train-04421,video/train/K/train-04421.mp4,LOCATION_QUERY,K,train,train,LOCATION_QUERY
train-04422,video/train/K/train-04422.mp4,LOCATION_QUERY,K,train,train,LOCATION_QUERY
train-04423,video/train/K/train-04423.mp4,LOCATION_QUERY,K,train,train,LOCATION_QUERY
train-04424,video/train/K/train-04424.mp4,LOCATION_QUERY,K,train,train,LOCATION_QUERY
train-04425,video/train/K/train-04425.mp4,LOCATION_QUERY,K,train,train,LOCATION_QUERY
train-04426,video/train/K/train-04426.mp4,LOCATION_QUERY,K,train,train,LOCATION_QUERY
train-04427,video/train/K/train-04427.mp4,QUESTION,K,train,train,QUESTION
train-04428,video/train/K/train-04428.mp4,LOCATION_QUERY,K,train,train,LOCATION_QUERY
train-04429,video/train/K/train-04429.mp4,TIME_QUERY,K,train,train,TIME_QUERY
train-04430,video/train/K/train-04430.mp4,LOCATION_QUERY,K,train,train,LOCATION_QUERY
train-04431,video/train/K/train-04431.mp4,LOCATION_QUERY,K,train,train,LOCATION_QUERY
train-04432,video/train/K/train-04432.mp4,LOCATION_QUERY,K,train,train,LOCATION_QUERY
train-04433,video/train/K/train-04433.mp4,LOCATION_QUERY,K,train,train,LOCATION_QUERY
train-04434,video/train/K/train-04434.mp4,QUESTION,K,train,train,QUESTION
train-04435,video/train/K/train-04435.mp4,LOCATION_QUERY,K,train,train,LOCATION_QUERY
train-04436,video/train/K/train-04436.mp4,LOCATION_QUERY,K,train,train,LOCATION_QUERY
train-04437,video/train/K/train-04437.mp4,LOCATION_QUERY,K,train,train,LOCATION_QUERY
train-04438,video/train/K/train-04438.mp4,LOCATION_QUERY,K,train,train,LOCATION_QUERY
train-04439,video/train/K/train-04439.mp4,QUESTION,K,train,train,QUESTION
train-04440,video/train/K/train-04440.mp4,LOCATION_QUERY,K,train,train,LOCATION_QUERY
train-04441,video/train/K/train-04441.mp4,QUESTION,K,train,train,QUESTION
train-04442,video/train/K/train-04442.mp4,LOCATION_QUERY,K,train,train,LOCATION_QUERY
train-04443,video/train/K/train-04443.mp4,LOCATION_QUERY,K,train,train,LOCATION_QUERY
train-04444,video/train/K/train-04444.mp4,LOCATION_QUERY,K,train,train,LOCATION_QUERY
train-04445,video/train/K/train-04445.mp4,LOCATION_QUERY,K,train,train,LOCATION_QUERY
train-04446,video/train/K/train-04446.mp4,LOCATION_QUERY,K,train,train,LOCATION_QUERY
train-04447,video/train/K/train-04447.mp4,LOCATION_QUERY,K,train,train,LOCATION_QUERY
train-04448,video/train/K/train-04448.mp4,LOCATION_QUERY,K,train,train,LOCATION_QUERY
train-04449,video/train/K/train-04449.mp4,LOCATION_QUERY,K,train,train,LOCATION_QUERY
train-04450,video/train/K/train-04450.mp4,LOCATION_QUERY,K,train,train,LOCATION_QUERY
train-04451,video/train/K/train-04451.mp4,QUESTION,K,train,train,QUESTION
train-04452,video/train/K/train-04452.mp4,QUESTION,K,train,train,QUESTION
train-04453,video/train/K/train-04453.mp4,GREETING,K,train,train,GREETING
train-04454,video/train/K/train-04454.mp4,OTHER,K,train,train,OTHER
train-04455,video/train/K/train-04455.mp4,LOCATION_QUERY,K,train,train,LOCATION_QUERY
train-04456,video/train/K/train-04456.mp4,LOCATION_QUERY,K,train,train,LOCATION_QUERY
train-04457,video/train/K/train-04457.mp4,HELP_REQUEST,K,train,train,HELP_REQUEST
train-04458,video/train/K/train-04458.mp4,TIME_QUERY,K,train,train,TIME_QUERY
train-04459,video/train/K/train-04459.mp4,LOCATION_QUERY,K,train,train,LOCATION_QUERY
train-04460,video/train/K/train-04460.mp4,LOCATION_QUERY,K,train,train,LOCATION_QUERY
train-04461,video/train/K/train-04461.mp4,LOCATION_QUERY,K,train,train,LOCATION_QUERY
train-04462,video/train/K/train-04462.mp4,LOCATION_QUERY,K,train,train,LOCATION_QUERY
train-04463,video/train/K/train-04463.mp4,LOCATION_QUERY,K,train,train,LOCATION_QUERY
train-04464,video/train/K/train-04464.mp4,LOCATION_QUERY,K,train,train,LOCATION_QUERY
train-04465,video/train/K/train-04465.mp4,LOCATION_QUERY,K,train,train,LOCATION_QUERY
train-04466,video/train/K/train-04466.mp4,LOCATION_QUERY,K,train,train,LOCATION_QUERY
train-04467,video/train/L/train-04467.mp4,OTHER,L,train,train,OTHER
train-04468,video/train/L/train-04468.mp4,OTHER,L,train,train,OTHER
train-04469,video/train/L/train-04469.mp4,NEGATION,L,train,train,NEGATION
train-04470,video/train/L/train-04470.mp4,CONFIRMATION,L,train,train,CONFIRMATION
train-04471,video/train/L/train-04471.mp4,QUESTION,L,train,train,QUESTION
train-04472,video/train/L/train-04472.mp4,OTHER,L,train,train,OTHER
train-04473,video/train/L/train-04473.mp4,OTHER,L,train,train,OTHER
train-04474,video/train/L/train-04474.mp4,CONFIRMATION,L,train,train,CONFIRMATION
train-04475,video/train/L/train-04475.mp4,OTHER,L,train,train,OTHER
train-04476,video/train/L/train-04476.mp4,OTHER,L,train,train,OTHER
train-04477,video/train/L/train-04477.mp4,CONFIRMATION,L,train,train,CONFIRMATION
train-04478,video/train/L/train-04478.mp4,OTHER,L,train,train,OTHER
train-04479,video/train/L/train-04479.mp4,OTHER,L,train,train,OTHER
train-04480,video/train/L/train-04480.mp4,TIME_QUERY,L,train,train,TIME_QUERY
train-04481,video/train/L/train-04481.mp4,OTHER,L,train,train,OTHER
train-04482,video/train/L/train-04482.mp4,OTHER,L,train,train,OTHER
train-04483,video/train/L/train-04483.mp4,CONFIRMATION,L,train,train,CONFIRMATION
train-04484,video/train/L/train-04484.mp4,NEGATION,L,train,train,NEGATION
train-04485,video/train/L/train-04485.mp4,OTHER,L,train,train,OTHER
train-04486,video/train/L/train-04486.mp4,ACTION_REQUEST,L,train,train,ACTION_REQUEST
train-04487,video/train/L/train-04487.mp4,OTHER,L,train,train,OTHER
train-04488,video/train/L/train-04488.mp4,OTHER,L,train,train,OTHER
train-04489,video/train/L/train-04489.mp4,EMOTION,L,train,train,EMOTION
train-04490,video/train/L/train-04490.mp4,CONFIRMATION,L,train,train,CONFIRMATION
train-04491,video/train/L/train-04491.mp4,OTHER,L,train,train,OTHER
train-04492,video/train/L/train-04492.mp4,OTHER,L,train,train,OTHER
train-04493,video/train/L/train-04493.mp4,OTHER,L,train,train,OTHER
train-04494,video/train/L/train-04494.mp4,ACTION_REQUEST,L,train,train,ACTION_REQUEST
train-04495,video/train/L/train-04495.mp4,OTHER,L,train,train,OTHER
train-04496,video/train/L/train-04496.mp4,OTHER,L,train,train,OTHER
train-04497,video/train/L/train-04497.mp4,OTHER,L,train,train,OTHER
train-04498,video/train/L/train-04498.mp4,QUESTION,L,train,train,QUESTION
train-04499,video/train/L/train-04499.mp4,QUESTION,L,train,train,QUESTION
train-04500,video/train/L/train-04500.mp4,OTHER,L,train,train,OTHER
train-04501,video/train/L/train-04501.mp4,OTHER,L,train,train,OTHER
train-04502,video/train/L/train-04502.mp4,LIKE_PREFERENCE,L,train,train,LIKE_PREFERENCE
train-04503,video/train/L/train-04503.mp4,OTHER,L,train,train,OTHER
train-04504,video/train/L/train-04504.mp4,TIME_QUERY,L,train,train,TIME_QUERY
train-04505,video/train/L/train-04505.mp4,PURCHASE,L,train,train,PURCHASE
train-04506,video/train/L/train-04506.mp4,OTHER,L,train,train,OTHER
train-04507,video/train/L/train-04507.mp4,OTHER,L,train,train,OTHER
train-04508,video/train/L/train-04508.mp4,CONFIRMATION,L,train,train,CONFIRMATION
train-04509,video/train/L/train-04509.mp4,OTHER,L,train,train,OTHER
train-04510,video/train/L/train-04510.mp4,QUESTION,L,train,train,QUESTION
train-04511,video/train/L/train-04511.mp4,ACTION_REQUEST,L,train,train,ACTION_REQUEST
train-04512,video/train/L/train-04512.mp4,OTHER,L,train,train,OTHER
train-04513,video/train/L/train-04513.mp4,OTHER,L,train,train,OTHER
train-04514,video/train/L/train-04514.mp4,PURCHASE,L,train,train,PURCHASE
train-04515,video/train/L/train-04515.mp4,CONFIRMATION,L,train,train,CONFIRMATION
train-04516,video/train/L/train-04516.mp4,OTHER,L,train,train,OTHER
train-04517,video/train/L/train-04517.mp4,OTHER,L,train,train,OTHER
train-04518,video/train/L/train-04518.mp4,OTHER,L,train,train,OTHER
train-04519,video/train/L/train-04519.mp4,OTHER,L,train,train,OTHER
train-04520,video/train/L/train-04520.mp4,OTHER,L,train,train,OTHER
train-04521,video/train/L/train-04521.mp4,OTHER,L,train,train,OTHER
train-04522,video/train/L/train-04522.mp4,QUESTION,L,train,train,QUESTION
train-04523,video/train/L/train-04523.mp4,QUESTION,L,train,train,QUESTION
train-04524,video/train/L/train-04524.mp4,PURCHASE,L,train,train,PURCHASE
train-04525,video/train/L/train-04525.mp4,OTHER,L,train,train,OTHER
train-04526,video/train/L/train-04526.mp4,OTHER,L,train,train,OTHER
train-04527,video/train/L/train-04527.mp4,PURCHASE,L,train,train,PURCHASE
train-04528,video/train/L/train-04528.mp4,OTHER,L,train,train,OTHER
train-04529,video/train/L/train-04529.mp4,OTHER,L,train,train,OTHER
train-04530,video/train/L/train-04530.mp4,OTHER,L,train,train,OTHER
train-04531,video/train/L/train-04531.mp4,OTHER,L,train,train,OTHER
train-04532,video/train/L/train-04532.mp4,QUESTION,L,train,train,QUESTION
train-04533,video/train/L/train-04533.mp4,OTHER,L,train,train,OTHER
train-04534,video/train/L/train-04534.mp4,HELP_REQUEST,L,train,train,HELP_REQUEST
train-04535,video/train/L/train-04535.mp4,CONFIRMATION,L,train,train,CONFIRMATION
train-04536,video/train/L/train-04536.mp4,OTHER,L,train,train,OTHER
train-04537,video/train/L/train-04537.mp4,OTHER,L,train,train,OTHER
train-04538,video/train/L/train-04538.mp4,OTHER,L,train,train,OTHER
train-04539,video/train/L/train-04539.mp4,CONFIRMATION,L,train,train,CONFIRMATION
train-04540,video/train/L/train-04540.mp4,QUESTION,L,train,train,QUESTION
train-04541,video/train/L/train-04541.mp4,QUESTION,L,train,train,QUESTION
train-04542,video/train/L/train-04542.mp4,OTHER,L,train,train,OTHER
train-04543,video/train/L/train-04543.mp4,QUESTION,L,train,train,QUESTION
train-04544,video/train/L/train-04544.mp4,CONFIRMATION,L,train,train,CONFIRMATION
train-04545,video/train/L/train-04545.mp4,OTHER,L,train,train,OTHER
train-04546,video/train/L/train-04546.mp4,QUESTION,L,train,train,QUESTION
train-04547,video/train/L/train-04547.mp4,OTHER,L,train,train,OTHER
train-04548,video/train/L/train-04548.mp4,CONFIRMATION,L,train,train,CONFIRMATION
train-04549,video/train/L/train-04549.mp4,OTHER,L,train,train,OTHER
train-04550,video/train/L/train-04550.mp4,OTHER,L,train,train,OTHER
train-04551,video/train/L/train-04551.mp4,OTHER,L,train,train,OTHER
train-04552,video/train/L/train-04552.mp4,CONFIRMATION,L,train,train,CONFIRMATION
train-04553,video/train/L/train-04553.mp4,OTHER,L,train,train,OTHER
train-04554,video/train/L/train-04554.mp4,OTHER,L,train,train,OTHER
train-04555,video/train/L/train-04555.mp4,OTHER,L,train,train,OTHER
train-04556,video/train/L/train-04556.mp4,OTHER,L,train,train,OTHER
train-04557,video/train/L/train-04557.mp4,QUESTION,L,train,train,QUESTION
train-04558,video/train/L/train-04558.mp4,CONFIRMATION,L,train,train,CONFIRMATION
train-04559,video/train/L/train-04559.mp4,OTHER,L,train,train,OTHER
train-04560,video/train/L/train-04560.mp4,OTHER,L,train,train,OTHER
train-04561,video/train/L/train-04561.mp4,OTHER,L,train,train,OTHER
train-04562,video/train/L/train-04562.mp4,OTHER,L,train,train,OTHER
train-04563,video/train/L/train-04563.mp4,OTHER,L,train,train,OTHER
train-04564,video/train/L/train-04564.mp4,OTHER,L,train,train,OTHER
train-04565,video/train/L/train-04565.mp4,OTHER,L,train,train,OTHER
train-04566,video/train/L/train-04566.mp4,QUESTION,L,train,train,QUESTION
train-04567,video/train/L/train-04567.mp4,OTHER,L,train,train,OTHER
train-04568,video/train/L/train-04568.mp4,QUESTION,L,train,train,QUESTION
train-04569,video/train/L/train-04569.mp4,OTHER,L,train,train,OTHER
train-04570,video/train/L/train-04570.mp4,PURCHASE,L,train,train,PURCHASE
train-04571,video/train/L/train-04571.mp4,CONFIRMATION,L,train,train,CONFIRMATION
train-04572,video/train/L/train-04572.mp4,PURCHASE,L,train,train,PURCHASE
train-04573,video/train/L/train-04573.mp4,QUESTION,L,train,train,QUESTION
train-04574,video/train/L/train-04574.mp4,OTHER,L,train,train,OTHER
train-04575,video/train/L/train-04575.mp4,QUESTION,L,train,train,QUESTION
train-04576,video/train/L/train-04576.mp4,OTHER,L,train,train,OTHER
train-04577,video/train/L/train-04577.mp4,CONFIRMATION,L,train,train,CONFIRMATION
train-04578,video/train/L/train-04578.mp4,OTHER,L,train,train,OTHER
train-04579,video/train/L/train-04579.mp4,OTHER,L,train,train,OTHER
train-04580,video/train/L/train-04580.mp4,CONFIRMATION,L,train,train,CONFIRMATION
train-04581,video/train/L/train-04581.mp4,QUESTION,L,train,train,QUESTION
train-04582,video/train/L/train-04582.mp4,OTHER,L,train,train,OTHER
train-04583,video/train/L/train-04583.mp4,CONFIRMATION,L,train,train,CONFIRMATION
train-04584,video/train/L/train-04584.mp4,CONFIRMATION,L,train,train,CONFIRMATION
train-04585,video/train/L/train-04585.mp4,OTHER,L,train,train,OTHER
train-04586,video/train/L/train-04586.mp4,TIME_QUERY,L,train,train,TIME_QUERY
train-04587,video/train/L/train-04587.mp4,OTHER,L,train,train,OTHER
train-04588,video/train/L/train-04588.mp4,OTHER,L,train,train,OTHER
train-04589,video/train/L/train-04589.mp4,PURCHASE,L,train,train,PURCHASE
train-04590,video/train/L/train-04590.mp4,TIME_QUERY,L,train,train,TIME_QUERY
train-04591,video/train/L/train-04591.mp4,OTHER,L,train,train,OTHER
train-04592,video/train/L/train-04592.mp4,ACTION_REQUEST,L,train,train,ACTION_REQUEST
train-04593,video/train/L/train-04593.mp4,OTHER,L,train,train,OTHER
train-04594,video/train/L/train-04594.mp4,QUESTION,L,train,train,QUESTION
train-04595,video/train/L/train-04595.mp4,OTHER,L,train,train,OTHER
train-04596,video/train/L/train-04596.mp4,OTHER,L,train,train,OTHER
train-04597,video/train/L/train-04597.mp4,ACTION_REQUEST,L,train,train,ACTION_REQUEST
train-04598,video/train/L/train-04598.mp4,OTHER,L,train,train,OTHER
train-04599,video/train/L/train-04599.mp4,OTHER,L,train,train,OTHER
train-04600,video/train/L/train-04600.mp4,CONFIRMATION,L,train,train,CONFIRMATION
train-04601,video/train/L/train-04601.mp4,CONFIRMATION,L,train,train,CONFIRMATION
train-04602,video/train/L/train-04602.mp4,TIME_QUERY,L,train,train,TIME_QUERY
train-04603,video/train/L/train-04603.mp4,LIKE_PREFERENCE,L,train,train,LIKE_PREFERENCE
train-04604,video/train/L/train-04604.mp4,CONFIRMATION,L,train,train,CONFIRMATION
train-04605,video/train/L/train-04605.mp4,OTHER,L,train,train,OTHER
train-04606,video/train/L/train-04606.mp4,QUESTION,L,train,train,QUESTION
train-04607,video/train/L/train-04607.mp4,OTHER,L,train,train,OTHER
train-04608,video/train/L/train-04608.mp4,OTHER,L,train,train,OTHER
train-04609,video/train/L/train-04609.mp4,OTHER,L,train,train,OTHER
train-04610,video/train/L/train-04610.mp4,OTHER,L,train,train,OTHER
train-04611,video/train/L/train-04611.mp4,OTHER,L,train,train,OTHER
train-04612,video/train/L/train-04612.mp4,OTHER,L,train,train,OTHER
train-04613,video/train/L/train-04613.mp4,OTHER,L,train,train,OTHER
train-04614,video/train/L/train-04614.mp4,EMOTION,L,train,train,EMOTION
train-04615,video/train/L/train-04615.mp4,EMOTION,L,train,train,EMOTION
train-04616,video/train/L/train-04616.mp4,OTHER,L,train,train,OTHER
train-04617,video/train/L/train-04617.mp4,OTHER,L,train,train,OTHER
train-04618,video/train/L/train-04618.mp4,ACTION_REQUEST,L,train,train,ACTION_REQUEST
train-04619,video/train/L/train-04619.mp4,OTHER,L,train,train,OTHER
train-04620,video/train/L/train-04620.mp4,OTHER,L,train,train,OTHER
train-04621,video/train/L/train-04621.mp4,OTHER,L,train,train,OTHER
train-04622,video/train/L/train-04622.mp4,OTHER,L,train,train,OTHER
train-04623,video/train/L/train-04623.mp4,TIME_QUERY,L,train,train,TIME_QUERY
train-04624,video/train/L/train-04624.mp4,CONFIRMATION,L,train,train,CONFIRMATION
train-04625,video/train/L/train-04625.mp4,OTHER,L,train,train,OTHER
train-04626,video/train/L/train-04626.mp4,QUESTION,L,train,train,QUESTION
train-04627,video/train/L/train-04627.mp4,QUESTION,L,train,train,QUESTION
train-04628,video/train/L/train-04628.mp4,QUESTION,L,train,train,QUESTION
train-04629,video/train/L/train-04629.mp4,CONFIRMATION,L,train,train,CONFIRMATION
train-04630,video/train/L/train-04630.mp4,OTHER,L,train,train,OTHER
train-04631,video/train/L/train-04631.mp4,OTHER,L,train,train,OTHER
train-04632,video/train/L/train-04632.mp4,TIME_QUERY,L,train,train,TIME_QUERY
train-04633,video/train/L/train-04633.mp4,ACTION_REQUEST,L,train,train,ACTION_REQUEST
train-04634,video/train/L/train-04634.mp4,OTHER,L,train,train,OTHER
train-04635,video/train/L/train-04635.mp4,OTHER,L,train,train,OTHER
train-04636,video/train/L/train-04636.mp4,OTHER,L,train,train,OTHER
train-04637,video/train/L/train-04637.mp4,OTHER,L,train,train,OTHER
train-04638,video/train/L/train-04638.mp4,QUESTION,L,train,train,QUESTION
train-04639,video/train/L/train-04639.mp4,QUESTION,L,train,train,QUESTION
train-04640,video/train/L/train-04640.mp4,QUESTION,L,train,train,QUESTION
train-04641,video/train/L/train-04641.mp4,ACTION_REQUEST,L,train,train,ACTION_REQUEST
train-04642,video/train/L/train-04642.mp4,OTHER,L,train,train,OTHER
train-04643,video/train/L/train-04643.mp4,OTHER,L,train,train,OTHER
train-04644,video/train/L/train-04644.mp4,ACTION_REQUEST,L,train,train,ACTION_REQUEST
train-04645,video/train/L/train-04645.mp4,OTHER,L,train,train,OTHER
train-04646,video/train/L/train-04646.mp4,OTHER,L,train,train,OTHER
train-04647,video/train/L/train-04647.mp4,OTHER,L,train,train,OTHER
train-04648,video/train/L/train-04648.mp4,ACTION_REQUEST,L,train,train,ACTION_REQUEST
train-04649,video/train/L/train-04649.mp4,ACTION_REQUEST,L,train,train,ACTION_REQUEST
train-04650,video/train/L/train-04650.mp4,CONFIRMATION,L,train,train,CONFIRMATION
train-04651,video/train/L/train-04651.mp4,OTHER,L,train,train,OTHER
train-04652,video/train/L/train-04652.mp4,ACTION_REQUEST,L,train,train,ACTION_REQUEST
train-04653,video/train/L/train-04653.mp4,CONFIRMATION,L,train,train,CONFIRMATION
train-04654,video/train/L/train-04654.mp4,OTHER,L,train,train,OTHER
train-04655,video/train/L/train-04655.mp4,CONFIRMATION,L,train,train,CONFIRMATION
train-04656,video/train/L/train-04656.mp4,LIKE_PREFERENCE,L,train,train,LIKE_PREFERENCE
train-04657,video/train/L/train-04657.mp4,LIKE_PREFERENCE,L,train,train,LIKE_PREFERENCE
train-04658,video/train/L/train-04658.mp4,OTHER,L,train,train,OTHER
train-04659,video/train/L/train-04659.mp4,OTHER,L,train,train,OTHER
train-04660,video/train/L/train-04660.mp4,OTHER,L,train,train,OTHER
train-04661,video/train/L/train-04661.mp4,OTHER,L,train,train,OTHER
train-04662,video/train/L/train-04662.mp4,OTHER,L,train,train,OTHER
train-04663,video/train/L/train-04663.mp4,OTHER,L,train,train,OTHER
train-04664,video/train/L/train-04664.mp4,OTHER,L,train,train,OTHER
train-04665,video/train/L/train-04665.mp4,OTHER,L,train,train,OTHER
train-04666,video/train/L/train-04666.mp4,OTHER,L,train,train,OTHER
train-04667,video/train/L/train-04667.mp4,ACTION_REQUEST,L,train,train,ACTION_REQUEST
train-04668,video/train/L/train-04668.mp4,ACTION_REQUEST,L,train,train,ACTION_REQUEST
train-04669,video/train/L/train-04669.mp4,OTHER,L,train,train,OTHER
train-04670,video/train/L/train-04670.mp4,OTHER,L,train,train,OTHER
train-04671,video/train/L/train-04671.mp4,TIME_QUERY,L,train,train,TIME_QUERY
train-04672,video/train/L/train-04672.mp4,TIME_QUERY,L,train,train,TIME_QUERY
train-04673,video/train/L/train-04673.mp4,OTHER,L,train,train,OTHER
train-04674,video/train/L/train-04674.mp4,QUESTION,L,train,train,QUESTION
train-04675,video/train/L/train-04675.mp4,OTHER,L,train,train,OTHER
train-04676,video/train/L/train-04676.mp4,TIME_QUERY,L,train,train,TIME_QUERY
train-04677,video/train/L/train-04677.mp4,CONFIRMATION,L,train,train,CONFIRMATION
train-04678,video/train/L/train-04678.mp4,OTHER,L,train,train,OTHER
train-04679,video/train/L/train-04679.mp4,OTHER,L,train,train,OTHER
train-04680,video/train/L/train-04680.mp4,OTHER,L,train,train,OTHER
train-04681,video/train/L/train-04681.mp4,ACTION_REQUEST,L,train,train,ACTION_REQUEST
train-04682,video/train/L/train-04682.mp4,QUESTION,L,train,train,QUESTION
train-04683,video/train/L/train-04683.mp4,CONFIRMATION,L,train,train,CONFIRMATION
train-04684,video/train/L/train-04684.mp4,OTHER,L,train,train,OTHER
train-04685,video/train/L/train-04685.mp4,CONFIRMATION,L,train,train,CONFIRMATION
train-04686,video/train/L/train-04686.mp4,ACTION_REQUEST,L,train,train,ACTION_REQUEST
train-04687,video/train/L/train-04687.mp4,CONFIRMATION,L,train,train,CONFIRMATION
train-04688,video/train/L/train-04688.mp4,QUESTION,L,train,train,QUESTION
train-04689,video/train/L/train-04689.mp4,OTHER,L,train,train,OTHER
train-04690,video/train/L/train-04690.mp4,HELP_REQUEST,L,train,train,HELP_REQUEST
train-04691,video/train/L/train-04691.mp4,CONFIRMATION,L,train,train,CONFIRMATION
train-04692,video/train/L/train-04692.mp4,OTHER,L,train,train,OTHER
train-04693,video/train/L/train-04693.mp4,OTHER,L,train,train,OTHER
train-04694,video/train/L/train-04694.mp4,OTHER,L,train,train,OTHER
train-04695,video/train/L/train-04695.mp4,OTHER,L,train,train,OTHER
train-04696,video/train/L/train-04696.mp4,OTHER,L,train,train,OTHER
train-04697,video/train/L/train-04697.mp4,ACTION_REQUEST,L,train,train,ACTION_REQUEST
train-04698,video/train/L/train-04698.mp4,OTHER,L,train,train,OTHER
train-04699,video/train/L/train-04699.mp4,OTHER,L,train,train,OTHER
train-04700,video/train/L/train-04700.mp4,OTHER,L,train,train,OTHER
train-04701,video/train/L/train-04701.mp4,OTHER,L,train,train,OTHER
train-04702,video/train/L/train-04702.mp4,OTHER,L,train,train,OTHER
train-04703,video/train/L/train-04703.mp4,HEALTH,L,train,train,HEALTH
train-04704,video/train/L/train-04704.mp4,CONFIRMATION,L,train,train,CONFIRMATION
train-04705,video/train/L/train-04705.mp4,OTHER,L,train,train,OTHER
train-04706,video/train/L/train-04706.mp4,CONFIRMATION,L,train,train,CONFIRMATION
train-04707,video/train/L/train-04707.mp4,ACTION_REQUEST,L,train,train,ACTION_REQUEST
train-04708,video/train/L/train-04708.mp4,OTHER,L,train,train,OTHER
train-04709,video/train/L/train-04709.mp4,ACTION_REQUEST,L,train,train,ACTION_REQUEST
train-04710,video/train/L/train-04710.mp4,TIME_QUERY,L,train,train,TIME_QUERY
train-04711,video/train/L/train-04711.mp4,PURCHASE,L,train,train,PURCHASE
train-04712,video/train/L/train-04712.mp4,QUESTION,L,train,train,QUESTION
train-04713,video/train/L/train-04713.mp4,CONFIRMATION,L,train,train,CONFIRMATION
train-04714,video/train/L/train-04714.mp4,OTHER,L,train,train,OTHER
train-04715,video/train/L/train-04715.mp4,OTHER,L,train,train,OTHER
train-04716,video/train/L/train-04716.mp4,QUESTION,L,train,train,QUESTION
train-04717,video/train/L/train-04717.mp4,OTHER,L,train,train,OTHER
train-04718,video/train/L/train-04718.mp4,OTHER,L,train,train,OTHER
train-04719,video/train/L/train-04719.mp4,QUESTION,L,train,train,QUESTION
train-04720,video/train/L/train-04720.mp4,QUESTION,L,train,train,QUESTION
train-04721,video/train/L/train-04721.mp4,TIME_QUERY,L,train,train,TIME_QUERY
train-04722,video/train/L/train-04722.mp4,OTHER,L,train,train,OTHER
train-04723,video/train/L/train-04723.mp4,OTHER,L,train,train,OTHER
train-04724,video/train/L/train-04724.mp4,CONFIRMATION,L,train,train,CONFIRMATION
train-04725,video/train/L/train-04725.mp4,OTHER,L,train,train,OTHER
train-04726,video/train/L/train-04726.mp4,OTHER,L,train,train,OTHER
train-04727,video/train/L/train-04727.mp4,OTHER,L,train,train,OTHER
train-04728,video/train/L/train-04728.mp4,OTHER,L,train,train,OTHER
train-04729,video/train/L/train-04729.mp4,OTHER,L,train,train,OTHER
train-04730,video/train/L/train-04730.mp4,OTHER,L,train,train,OTHER
train-04731,video/train/L/train-04731.mp4,OTHER,L,train,train,OTHER
train-04732,video/train/L/train-04732.mp4,OTHER,L,train,train,OTHER
train-04733,video/train/L/train-04733.mp4,OTHER,L,train,train,OTHER
train-04734,video/train/L/train-04734.mp4,QUESTION,L,train,train,QUESTION
train-04735,video/train/L/train-04735.mp4,OTHER,L,train,train,OTHER
train-04736,video/train/L/train-04736.mp4,PURCHASE,L,train,train,PURCHASE
train-04737,video/train/L/train-04737.mp4,TIME_QUERY,L,train,train,TIME_QUERY
train-04738,video/train/L/train-04738.mp4,OTHER,L,train,train,OTHER
train-04739,video/train/L/train-04739.mp4,OTHER,L,train,train,OTHER
train-04740,video/train/L/train-04740.mp4,OTHER,L,train,train,OTHER
train-04741,video/train/L/train-04741.mp4,CONFIRMATION,L,train,train,CONFIRMATION
train-04742,video/train/L/train-04742.mp4,QUESTION,L,train,train,QUESTION
train-04743,video/train/L/train-04743.mp4,QUESTION,L,train,train,QUESTION
train-04744,video/train/L/train-04744.mp4,EMOTION,L,train,train,EMOTION
train-04745,video/train/L/train-04745.mp4,OTHER,L,train,train,OTHER
train-04746,video/train/L/train-04746.mp4,NEGATION,L,train,train,NEGATION
train-04747,video/train/L/train-04747.mp4,ACTION_REQUEST,L,train,train,ACTION_REQUEST
train-04748,video/train/L/train-04748.mp4,CONFIRMATION,L,train,train,CONFIRMATION
train-04749,video/train/L/train-04749.mp4,CONFIRMATION,L,train,train,CONFIRMATION
train-04750,video/train/L/train-04750.mp4,OTHER,L,train,train,OTHER
train-04751,video/train/L/train-04751.mp4,QUESTION,L,train,train,QUESTION
train-04752,video/train/L/train-04752.mp4,TIME_QUERY,L,train,train,TIME_QUERY
train-04753,video/train/L/train-04753.mp4,ACTION_REQUEST,L,train,train,ACTION_REQUEST
train-04754,video/train/L/train-04754.mp4,PURCHASE,L,train,train,PURCHASE
train-04755,video/train/L/train-04755.mp4,HEALTH,L,train,train,HEALTH
train-04756,video/train/L/train-04756.mp4,HEALTH,L,train,train,HEALTH
train-04757,video/train/L/train-04757.mp4,PURCHASE,L,train,train,PURCHASE
train-04758,video/train/L/train-04758.mp4,OTHER,L,train,train,OTHER
train-04759,video/train/L/train-04759.mp4,PURCHASE,L,train,train,PURCHASE
train-04760,video/train/L/train-04760.mp4,EMOTION,L,train,train,EMOTION
train-04761,video/train/L/train-04761.mp4,PURCHASE,L,train,train,PURCHASE
train-04762,video/train/L/train-04762.mp4,QUESTION,L,train,train,QUESTION
train-04763,video/train/L/train-04763.mp4,PURCHASE,L,train,train,PURCHASE
train-04764,video/train/L/train-04764.mp4,OTHER,L,train,train,OTHER
train-04765,video/train/L/train-04765.mp4,OTHER,L,train,train,OTHER
train-04766,video/train/L/train-04766.mp4,OTHER,L,train,train,OTHER
train-04767,video/train/L/train-04767.mp4,QUESTION,L,train,train,QUESTION
train-04768,video/train/L/train-04768.mp4,QUESTION,L,train,train,QUESTION
train-04769,video/train/L/train-04769.mp4,TIME_QUERY,L,train,train,TIME_QUERY
train-04770,video/train/L/train-04770.mp4,QUESTION,L,train,train,QUESTION
train-04771,video/train/L/train-04771.mp4,TIME_QUERY,L,train,train,TIME_QUERY
train-04772,video/train/L/train-04772.mp4,OTHER,L,train,train,OTHER
train-04773,video/train/L/train-04773.mp4,CONFIRMATION,L,train,train,CONFIRMATION
train-04774,video/train/L/train-04774.mp4,QUESTION,L,train,train,QUESTION
train-04775,video/train/L/train-04775.mp4,OTHER,L,train,train,OTHER
train-04776,video/train/L/train-04776.mp4,OTHER,L,train,train,OTHER
train-04777,video/train/L/train-04777.mp4,QUESTION,L,train,train,QUESTION
train-04778,video/train/L/train-04778.mp4,OTHER,L,train,train,OTHER
train-04779,video/train/L/train-04779.mp4,OTHER,L,train,train,OTHER
train-04780,video/train/L/train-04780.mp4,OTHER,L,train,train,OTHER
train-04781,video/train/L/train-04781.mp4,OTHER,L,train,train,OTHER
train-04782,video/train/L/train-04782.mp4,HELP_REQUEST,L,train,train,HELP_REQUEST
train-04783,video/train/L/train-04783.mp4,OTHER,L,train,train,OTHER
train-04784,video/train/L/train-04784.mp4,OTHER,L,train,train,OTHER
train-04785,video/train/L/train-04785.mp4,OTHER,L,train,train,OTHER
train-04786,video/train/L/train-04786.mp4,PURCHASE,L,train,train,PURCHASE
train-04787,video/train/L/train-04787.mp4,LOCATION_QUERY,L,train,train,LOCATION_QUERY
train-04788,video/train/L/train-04788.mp4,LOCATION_QUERY,L,train,train,LOCATION_QUERY
train-04789,video/train/L/train-04789.mp4,OTHER,L,train,train,OTHER
train-04790,video/train/L/train-04790.mp4,OTHER,L,train,train,OTHER
train-04791,video/train/L/train-04791.mp4,OTHER,L,train,train,OTHER
train-04792,video/train/L/train-04792.mp4,OTHER,L,train,train,OTHER
train-04793,video/train/L/train-04793.mp4,OTHER,L,train,train,OTHER
train-04794,video/train/L/train-04794.mp4,OTHER,L,train,train,OTHER
train-04795,video/train/L/train-04795.mp4,OTHER,L,train,train,OTHER
train-04796,video/train/L/train-04796.mp4,OTHER,L,train,train,OTHER
train-04797,video/train/L/train-04797.mp4,PURCHASE,L,train,train,PURCHASE
train-04798,video/train/L/train-04798.mp4,ACTION_REQUEST,L,train,train,ACTION_REQUEST
train-04799,video/train/L/train-04799.mp4,OTHER,L,train,train,OTHER
train-04800,video/train/L/train-04800.mp4,ACTION_REQUEST,L,train,train,ACTION_REQUEST
train-04801,video/train/L/train-04801.mp4,CONFIRMATION,L,train,train,CONFIRMATION
train-04802,video/train/L/train-04802.mp4,OTHER,L,train,train,OTHER
train-04803,video/train/L/train-04803.mp4,OTHER,L,train,train,OTHER
train-04804,video/train/L/train-04804.mp4,CONFIRMATION,L,train,train,CONFIRMATION
train-04805,video/train/L/train-04805.mp4,OTHER,L,train,train,OTHER
train-04806,video/train/L/train-04806.mp4,ACTION_REQUEST,L,train,train,ACTION_REQUEST
train-04807,video/train/L/train-04807.mp4,OTHER,L,train,train,OTHER
train-04808,video/train/L/train-04808.mp4,PURCHASE,L,train,train,PURCHASE
train-04809,video/train/L/train-04809.mp4,QUESTION,L,train,train,QUESTION
train-04810,video/train/L/train-04810.mp4,QUESTION,L,train,train,QUESTION
train-04811,video/train/L/train-04811.mp4,NEGATION,L,train,train,NEGATION
train-04812,video/train/L/train-04812.mp4,OTHER,L,train,train,OTHER
train-04813,video/train/L/train-04813.mp4,ACTION_REQUEST,L,train,train,ACTION_REQUEST
train-04814,video/train/L/train-04814.mp4,QUESTION,L,train,train,QUESTION
train-04815,video/train/L/train-04815.mp4,PURCHASE,L,train,train,PURCHASE
train-04816,video/train/L/train-04816.mp4,CONFIRMATION,L,train,train,CONFIRMATION
train-04817,video/train/L/train-04817.mp4,ACTION_REQUEST,L,train,train,ACTION_REQUEST
train-04818,video/train/L/train-04818.mp4,QUESTION,L,train,train,QUESTION
train-04819,video/train/L/train-04819.mp4,CONFIRMATION,L,train,train,CONFIRMATION
train-04820,video/train/L/train-04820.mp4,CONFIRMATION,L,train,train,CONFIRMATION
train-04821,video/train/L/train-04821.mp4,OTHER,L,train,train,OTHER
train-04822,video/train/L/train-04822.mp4,ACTION_REQUEST,L,train,train,ACTION_REQUEST
train-04823,video/train/L/train-04823.mp4,EMOTION,L,train,train,EMOTION
train-04824,video/train/L/train-04824.mp4,CONFIRMATION,L,train,train,CONFIRMATION
train-04825,video/train/L/train-04825.mp4,CONFIRMATION,L,train,train,CONFIRMATION
train-04826,video/train/L/train-04826.mp4,OTHER,L,train,train,OTHER
train-04827,video/train/L/train-04827.mp4,ACTION_REQUEST,L,train,train,ACTION_REQUEST
train-04828,video/train/L/train-04828.mp4,ACTION_REQUEST,L,train,train,ACTION_REQUEST
train-04829,video/train/L/train-04829.mp4,OTHER,L,train,train,OTHER
train-04830,video/train/L/train-04830.mp4,CONFIRMATION,L,train,train,CONFIRMATION
train-04831,video/train/L/train-04831.mp4,QUESTION,L,train,train,QUESTION
train-04832,video/train/L/train-04832.mp4,OTHER,L,train,train,OTHER
train-04833,video/train/L/train-04833.mp4,QUESTION,L,train,train,QUESTION
train-04834,video/train/L/train-04834.mp4,QUESTION,L,train,train,QUESTION
train-04835,video/train/L/train-04835.mp4,OTHER,L,train,train,OTHER
train-04836,video/train/L/train-04836.mp4,HELP_REQUEST,L,train,train,HELP_REQUEST
train-04837,video/train/L/train-04837.mp4,QUESTION,L,train,train,QUESTION
train-04838,video/train/L/train-04838.mp4,OTHER,L,train,train,OTHER
train-04839,video/train/L/train-04839.mp4,QUESTION,L,train,train,QUESTION
train-04840,video/train/L/train-04840.mp4,OTHER,L,train,train,OTHER
train-04841,video/train/L/train-04841.mp4,OTHER,L,train,train,OTHER
train-04842,video/train/L/train-04842.mp4,NEGATION,L,train,train,NEGATION
train-04843,video/train/L/train-04843.mp4,OTHER,L,train,train,OTHER
train-04844,video/train/L/train-04844.mp4,OTHER,L,train,train,OTHER
train-04845,video/train/L/train-04845.mp4,QUESTION,L,train,train,QUESTION
train-04846,video/train/L/train-04846.mp4,OTHER,L,train,train,OTHER
train-04847,video/train/L/train-04847.mp4,ACTION_REQUEST,L,train,train,ACTION_REQUEST
train-04848,video/train/L/train-04848.mp4,OTHER,L,train,train,OTHER
train-04849,video/train/L/train-04849.mp4,OTHER,L,train,train,OTHER
train-04850,video/train/L/train-04850.mp4,NEGATION,L,train,train,NEGATION
train-04851,video/train/L/train-04851.mp4,OTHER,L,train,train,OTHER
train-04852,video/train/L/train-04852.mp4,ACTION_REQUEST,L,train,train,ACTION_REQUEST
train-04853,video/train/L/train-04853.mp4,ACTION_REQUEST,L,train,train,ACTION_REQUEST
train-04854,video/train/L/train-04854.mp4,QUESTION,L,train,train,QUESTION
train-04855,video/train/L/train-04855.mp4,OTHER,L,train,train,OTHER
train-04856,video/train/L/train-04856.mp4,ACTION_REQUEST,L,train,train,ACTION_REQUEST
train-04857,video/train/L/train-04857.mp4,OTHER,L,train,train,OTHER
train-04858,video/train/L/train-04858.mp4,ACTION_REQUEST,L,train,train,ACTION_REQUEST
train-04859,video/train/L/train-04859.mp4,OTHER,L,train,train,OTHER
train-04860,video/train/L/train-04860.mp4,OTHER,L,train,train,OTHER
train-04861,video/train/L/train-04861.mp4,TIME_QUERY,L,train,train,TIME_QUERY
train-04862,video/train/L/train-04862.mp4,EMOTION,L,train,train,EMOTION
train-04863,video/train/L/train-04863.mp4,TIME_QUERY,L,train,train,TIME_QUERY
train-04864,video/train/L/train-04864.mp4,OTHER,L,train,train,OTHER
train-04865,video/train/L/train-04865.mp4,OTHER,L,train,train,OTHER
train-04866,video/train/L/train-04866.mp4,CONFIRMATION,L,train,train,CONFIRMATION
train-04867,video/train/L/train-04867.mp4,ACTION_REQUEST,L,train,train,ACTION_REQUEST
train-04868,video/train/L/train-04868.mp4,OTHER,L,train,train,OTHER
train-04869,video/train/L/train-04869.mp4,PURCHASE,L,train,train,PURCHASE
train-04870,video/train/L/train-04870.mp4,CONFIRMATION,L,train,train,CONFIRMATION
train-04871,video/train/L/train-04871.mp4,OTHER,L,train,train,OTHER
train-04872,video/train/L/train-04872.mp4,OTHER,L,train,train,OTHER
train-04873,video/train/L/train-04873.mp4,OTHER,L,train,train,OTHER
train-04874,video/train/L/train-04874.mp4,OTHER,L,train,train,OTHER
train-04875,video/train/L/train-04875.mp4,OTHER,L,train,train,OTHER
train-04876,video/train/L/train-04876.mp4,OTHER,L,train,train,OTHER
train-04877,video/train/L/train-04877.mp4,QUESTION,L,train,train,QUESTION
train-04878,video/train/L/train-04878.mp4,OTHER,L,train,train,OTHER
train-04879,video/train/L/train-04879.mp4,LOCATION_QUERY,L,train,train,LOCATION_QUERY
train-04880,video/train/L/train-04880.mp4,OTHER,L,train,train,OTHER
train-04881,video/train/L/train-04881.mp4,QUESTION,L,train,train,QUESTION
train-04882,video/train/L/train-04882.mp4,PURCHASE,L,train,train,PURCHASE
train-04883,video/train/L/train-04883.mp4,QUESTION,L,train,train,QUESTION
train-04884,video/train/L/train-04884.mp4,LIKE_PREFERENCE,L,train,train,LIKE_PREFERENCE
train-04885,video/train/L/train-04885.mp4,QUESTION,L,train,train,QUESTION
train-04886,video/train/L/train-04886.mp4,OTHER,L,train,train,OTHER
train-04887,video/train/L/train-04887.mp4,OTHER,L,train,train,OTHER
train-04888,video/train/L/train-04888.mp4,PURCHASE,L,train,train,PURCHASE
train-04889,video/train/L/train-04889.mp4,LIKE_PREFERENCE,L,train,train,LIKE_PREFERENCE
train-04890,video/train/L/train-04890.mp4,CONFIRMATION,L,train,train,CONFIRMATION
train-04891,video/train/L/train-04891.mp4,OTHER,L,train,train,OTHER
train-04892,video/train/L/train-04892.mp4,TIME_QUERY,L,train,train,TIME_QUERY
train-04893,video/train/L/train-04893.mp4,OTHER,L,train,train,OTHER
train-04894,video/train/L/train-04894.mp4,OTHER,L,train,train,OTHER
train-04895,video/train/L/train-04895.mp4,QUESTION,L,train,train,QUESTION
train-04896,video/train/L/train-04896.mp4,PURCHASE,L,train,train,PURCHASE
train-04897,video/train/L/train-04897.mp4,OTHER,L,train,train,OTHER
train-04898,video/train/L/train-04898.mp4,PURCHASE,L,train,train,PURCHASE
train-04899,video/train/L/train-04899.mp4,OTHER,L,train,train,OTHER
train-04900,video/train/L/train-04900.mp4,OTHER,L,train,train,OTHER
train-04901,video/train/L/train-04901.mp4,OTHER,L,train,train,OTHER
train-04902,video/train/L/train-04902.mp4,OTHER,L,train,train,OTHER
train-04903,video/train/L/train-04903.mp4,LOCATION_QUERY,L,train,train,LOCATION_QUERY
train-04904,video/train/L/train-04904.mp4,OTHER,L,train,train,OTHER
train-04905,video/train/L/train-04905.mp4,OTHER,L,train,train,OTHER
train-04906,video/train/L/train-04906.mp4,OTHER,L,train,train,OTHER
train-04907,video/train/L/train-04907.mp4,CONFIRMATION,L,train,train,CONFIRMATION
train-04908,video/train/L/train-04908.mp4,NEGATION,L,train,train,NEGATION
train-04909,video/train/L/train-04909.mp4,NEGATION,L,train,train,NEGATION
train-04910,video/train/L/train-04910.mp4,OTHER,L,train,train,OTHER
train-04911,video/train/L/train-04911.mp4,ACTION_REQUEST,L,train,train,ACTION_REQUEST
train-04912,video/train/L/train-04912.mp4,HELP_REQUEST,L,train,train,HELP_REQUEST
train-04913,video/train/L/train-04913.mp4,HELP_REQUEST,L,train,train,HELP_REQUEST
train-04914,video/train/L/train-04914.mp4,OTHER,L,train,train,OTHER
train-04915,video/train/L/train-04915.mp4,OTHER,L,train,train,OTHER
train-04916,video/train/L/train-04916.mp4,ACTION_REQUEST,L,train,train,ACTION_REQUEST
train-04917,video/train/L/train-04917.mp4,OTHER,L,train,train,OTHER
train-04918,video/train/L/train-04918.mp4,GREETING,L,train,train,GREETING
train-04919,video/train/L/train-04919.mp4,GREETING,L,train,train,GREETING
train-04920,video/train/L/train-04920.mp4,GREETING,L,train,train,GREETING
train-04921,video/train/L/train-04921.mp4,GREETING,L,train,train,GREETING
train-04922,video/train/L/train-04922.mp4,PURCHASE,L,train,train,PURCHASE
train-04923,video/train/L/train-04923.mp4,CONFIRMATION,L,train,train,CONFIRMATION
train-04924,video/train/L/train-04924.mp4,OTHER,L,train,train,OTHER
train-04925,video/train/L/train-04925.mp4,OTHER,L,train,train,OTHER
train-04926,video/train/L/train-04926.mp4,OTHER,L,train,train,OTHER
train-04927,video/train/L/train-04927.mp4,OTHER,L,train,train,OTHER
train-04928,video/train/L/train-04928.mp4,QUESTION,L,train,train,QUESTION
train-04929,video/train/L/train-04929.mp4,OTHER,L,train,train,OTHER
train-04930,video/train/L/train-04930.mp4,OTHER,L,train,train,OTHER
train-04931,video/train/L/train-04931.mp4,OTHER,L,train,train,OTHER
train-04932,video/train/L/train-04932.mp4,ACTION_REQUEST,L,train,train,ACTION_REQUEST
train-04933,video/train/L/train-04933.mp4,OTHER,L,train,train,OTHER
train-04934,video/train/L/train-04934.mp4,OTHER,L,train,train,OTHER
train-04935,video/train/L/train-04935.mp4,HEALTH,L,train,train,HEALTH
train-04936,video/train/L/train-04936.mp4,ACTION_REQUEST,L,train,train,ACTION_REQUEST
train-04937,video/train/L/train-04937.mp4,OTHER,L,train,train,OTHER
train-04938,video/train/L/train-04938.mp4,OTHER,L,train,train,OTHER
train-04939,video/train/L/train-04939.mp4,OTHER,L,train,train,OTHER
train-04940,video/train/L/train-04940.mp4,OTHER,L,train,train,OTHER
train-04941,video/train/L/train-04941.mp4,ACTION_REQUEST,L,train,train,ACTION_REQUEST
train-04942,video/train/L/train-04942.mp4,OTHER,L,train,train,OTHER
train-04943,video/train/L/train-04943.mp4,OTHER,L,train,train,OTHER
train-04944,video/train/L/train-04944.mp4,OTHER,L,train,train,OTHER
train-04945,video/train/L/train-04945.mp4,CONFIRMATION,L,train,train,CONFIRMATION
train-04946,video/train/L/train-04946.mp4,OTHER,L,train,train,OTHER
train-04947,video/train/L/train-04947.mp4,GREETING,L,train,train,GREETING
train-04948,video/train/L/train-04948.mp4,PURCHASE,L,train,train,PURCHASE
train-04949,video/train/L/train-04949.mp4,QUESTION,L,train,train,QUESTION
train-04950,video/train/L/train-04950.mp4,OTHER,L,train,train,OTHER
train-04951,video/train/L/train-04951.mp4,OTHER,L,train,train,OTHER
train-04952,video/train/L/train-04952.mp4,OTHER,L,train,train,OTHER
train-04953,video/train/L/train-04953.mp4,OTHER,L,train,train,OTHER
train-04954,video/train/L/train-04954.mp4,OTHER,L,train,train,OTHER
train-04955,video/train/L/train-04955.mp4,OTHER,L,train,train,OTHER
train-04956,video/train/L/train-04956.mp4,LIKE_PREFERENCE,L,train,train,LIKE_PREFERENCE
train-04957,video/train/L/train-04957.mp4,OTHER,L,train,train,OTHER
train-04958,video/train/L/train-04958.mp4,OTHER,L,train,train,OTHER
train-04959,video/train/L/train-04959.mp4,OTHER,L,train,train,OTHER
train-04960,video/train/L/train-04960.mp4,NEGATION,L,train,train,NEGATION
train-04961,video/train/L/train-04961.mp4,OTHER,L,train,train,OTHER
train-04962,video/train/L/train-04962.mp4,OTHER,L,train,train,OTHER
train-04963,video/train/L/train-04963.mp4,OTHER,L,train,train,OTHER
train-04964,video/train/L/train-04964.mp4,OTHER,L,train,train,OTHER
train-04965,video/train/L/train-04965.mp4,OTHER,L,train,train,OTHER
train-04966,video/train/L/train-04966.mp4,OTHER,L,train,train,OTHER
train-04967,video/train/L/train-04967.mp4,TIME_QUERY,L,train,train,TIME_QUERY
train-04968,video/train/L/train-04968.mp4,OTHER,L,train,train,OTHER
train-04969,video/train/L/train-04969.mp4,OTHER,L,train,train,OTHER
train-04970,video/train/L/train-04970.mp4,OTHER,L,train,train,OTHER
train-04971,video/train/L/train-04971.mp4,OTHER,L,train,train,OTHER
train-04972,video/train/L/train-04972.mp4,OTHER,L,train,train,OTHER
train-04973,video/train/L/train-04973.mp4,OTHER,L,train,train,OTHER
dev-00001,video/dev/A/dev-00001.mp4,TIME_QUERY,A,dev,validation,TIME_QUERY
dev-00002,video/dev/A/dev-00002.mp4,TIME_QUERY,A,dev,validation,TIME_QUERY
dev-00003,video/dev/A/dev-00003.mp4,QUESTION,A,dev,validation,QUESTION
dev-00004,video/dev/A/dev-00004.mp4,TIME_QUERY,A,dev,validation,TIME_QUERY
dev-00005,video/dev/A/dev-00005.mp4,TIME_QUERY,A,dev,validation,TIME_QUERY
dev-00006,video/dev/A/dev-00006.mp4,PURCHASE,A,dev,validation,PURCHASE
dev-00007,video/dev/A/dev-00007.mp4,PURCHASE,A,dev,validation,PURCHASE
dev-00008,video/dev/A/dev-00008.mp4,OTHER,A,dev,validation,OTHER
dev-00009,video/dev/A/dev-00009.mp4,OTHER,A,dev,validation,OTHER
dev-00010,video/dev/A/dev-00010.mp4,OTHER,A,dev,validation,OTHER
dev-00011,video/dev/A/dev-00011.mp4,QUESTION,A,dev,validation,QUESTION
dev-00012,video/dev/A/dev-00012.mp4,NEGATION,A,dev,validation,NEGATION
dev-00013,video/dev/A/dev-00013.mp4,NEGATION,A,dev,validation,NEGATION
dev-00014,video/dev/A/dev-00014.mp4,ACTION_REQUEST,A,dev,validation,ACTION_REQUEST
dev-00015,video/dev/A/dev-00015.mp4,ACTION_REQUEST,A,dev,validation,ACTION_REQUEST
dev-00016,video/dev/A/dev-00016.mp4,NEGATION,A,dev,validation,NEGATION
dev-00017,video/dev/A/dev-00017.mp4,NEGATION,A,dev,validation,NEGATION
dev-00018,video/dev/A/dev-00018.mp4,OTHER,A,dev,validation,OTHER
dev-00019,video/dev/A/dev-00019.mp4,OTHER,A,dev,validation,OTHER
dev-00020,video/dev/A/dev-00020.mp4,OTHER,A,dev,validation,OTHER
dev-00021,video/dev/A/dev-00021.mp4,QUESTION,A,dev,validation,QUESTION
dev-00022,video/dev/A/dev-00022.mp4,PURCHASE,A,dev,validation,PURCHASE
dev-00023,video/dev/A/dev-00023.mp4,PURCHASE,A,dev,validation,PURCHASE
dev-00024,video/dev/A/dev-00024.mp4,PURCHASE,A,dev,validation,PURCHASE
dev-00025,video/dev/A/dev-00025.mp4,OTHER,A,dev,validation,OTHER
dev-00026,video/dev/A/dev-00026.mp4,QUESTION,A,dev,validation,QUESTION
dev-00027,video/dev/A/dev-00027.mp4,TIME_QUERY,A,dev,validation,TIME_QUERY
dev-00028,video/dev/A/dev-00028.mp4,OTHER,A,dev,validation,OTHER
dev-00029,video/dev/A/dev-00029.mp4,QUESTION,A,dev,validation,QUESTION
dev-00030,video/dev/A/dev-00030.mp4,QUESTION,A,dev,validation,QUESTION
dev-00031,video/dev/A/dev-00031.mp4,TIME_QUERY,A,dev,validation,TIME_QUERY
dev-00032,video/dev/A/dev-00032.mp4,TIME_QUERY,A,dev,validation,TIME_QUERY
dev-00033,video/dev/A/dev-00033.mp4,TIME_QUERY,A,dev,validation,TIME_QUERY
dev-00034,video/dev/A/dev-00034.mp4,TIME_QUERY,A,dev,validation,TIME_QUERY
dev-00035,video/dev/A/dev-00035.mp4,TIME_QUERY,A,dev,validation,TIME_QUERY
dev-00036,video/dev/A/dev-00036.mp4,TIME_QUERY,A,dev,validation,TIME_QUERY
dev-00037,video/dev/A/dev-00037.mp4,TIME_QUERY,A,dev,validation,TIME_QUERY
dev-00038,video/dev/A/dev-00038.mp4,TIME_QUERY,A,dev,validation,TIME_QUERY
dev-00039,video/dev/A/dev-00039.mp4,TIME_QUERY,A,dev,validation,TIME_QUERY
dev-00040,video/dev/A/dev-00040.mp4,TIME_QUERY,A,dev,validation,TIME_QUERY
dev-00041,video/dev/A/dev-00041.mp4,QUESTION,A,dev,validation,QUESTION
dev-00042,video/dev/A/dev-00042.mp4,TIME_QUERY,A,dev,validation,TIME_QUERY
dev-00043,video/dev/A/dev-00043.mp4,QUESTION,A,dev,validation,QUESTION
dev-00044,video/dev/A/dev-00044.mp4,NEGATION,A,dev,validation,NEGATION
dev-00045,video/dev/A/dev-00045.mp4,OTHER,A,dev,validation,OTHER
dev-00046,video/dev/A/dev-00046.mp4,CONFIRMATION,A,dev,validation,CONFIRMATION
dev-00047,video/dev/A/dev-00047.mp4,OTHER,A,dev,validation,OTHER
dev-00048,video/dev/A/dev-00048.mp4,CONFIRMATION,A,dev,validation,CONFIRMATION
dev-00049,video/dev/A/dev-00049.mp4,CONFIRMATION,A,dev,validation,CONFIRMATION
dev-00050,video/dev/A/dev-00050.mp4,ACTION_REQUEST,A,dev,validation,ACTION_REQUEST
dev-00051,video/dev/A/dev-00051.mp4,OTHER,A,dev,validation,OTHER
dev-00052,video/dev/A/dev-00052.mp4,OTHER,A,dev,validation,OTHER
dev-00053,video/dev/A/dev-00053.mp4,NEGATION,A,dev,validation,NEGATION
dev-00054,video/dev/A/dev-00054.mp4,EMOTION,A,dev,validation,EMOTION
dev-00055,video/dev/A/dev-00055.mp4,QUESTION,A,dev,validation,QUESTION
dev-00056,video/dev/B/dev-00056.mp4,LOCATION_QUERY,B,dev,validation,LOCATION_QUERY
dev-00057,video/dev/B/dev-00057.mp4,TIME_QUERY,B,dev,validation,TIME_QUERY
dev-00058,video/dev/B/dev-00058.mp4,OTHER,B,dev,validation,OTHER
dev-00059,video/dev/B/dev-00059.mp4,QUESTION,B,dev,validation,QUESTION
dev-00060,video/dev/B/dev-00060.mp4,CONFIRMATION,B,dev,validation,CONFIRMATION
dev-00061,video/dev/B/dev-00061.mp4,OTHER,B,dev,validation,OTHER
dev-00062,video/dev/B/dev-00062.mp4,ACTION_REQUEST,B,dev,validation,ACTION_REQUEST
dev-00063,video/dev/B/dev-00063.mp4,QUESTION,B,dev,validation,QUESTION
dev-00064,video/dev/B/dev-00064.mp4,OTHER,B,dev,validation,OTHER
dev-00065,video/dev/B/dev-00065.mp4,OTHER,B,dev,validation,OTHER
dev-00066,video/dev/B/dev-00066.mp4,QUESTION,B,dev,validation,QUESTION
dev-00067,video/dev/B/dev-00067.mp4,QUESTION,B,dev,validation,QUESTION
dev-00068,video/dev/B/dev-00068.mp4,OTHER,B,dev,validation,OTHER
dev-00069,video/dev/B/dev-00069.mp4,OTHER,B,dev,validation,OTHER
dev-00070,video/dev/B/dev-00070.mp4,HELP_REQUEST,B,dev,validation,HELP_REQUEST
dev-00071,video/dev/B/dev-00071.mp4,OTHER,B,dev,validation,OTHER
dev-00072,video/dev/B/dev-00072.mp4,ACTION_REQUEST,B,dev,validation,ACTION_REQUEST
dev-00073,video/dev/B/dev-00073.mp4,CONFIRMATION,B,dev,validation,CONFIRMATION
dev-00074,video/dev/B/dev-00074.mp4,CONFIRMATION,B,dev,validation,CONFIRMATION
dev-00075,video/dev/B/dev-00075.mp4,HELP_REQUEST,B,dev,validation,HELP_REQUEST
dev-00076,video/dev/B/dev-00076.mp4,ACTION_REQUEST,B,dev,validation,ACTION_REQUEST
dev-00077,video/dev/B/dev-00077.mp4,TIME_QUERY,B,dev,validation,TIME_QUERY
dev-00078,video/dev/B/dev-00078.mp4,QUESTION,B,dev,validation,QUESTION
dev-00079,video/dev/B/dev-00079.mp4,OTHER,B,dev,validation,OTHER
dev-00080,video/dev/B/dev-00080.mp4,OTHER,B,dev,validation,OTHER
dev-00081,video/dev/B/dev-00081.mp4,OTHER,B,dev,validation,OTHER
dev-00082,video/dev/B/dev-00082.mp4,ACTION_REQUEST,B,dev,validation,ACTION_REQUEST
dev-00083,video/dev/B/dev-00083.mp4,TIME_QUERY,B,dev,validation,TIME_QUERY
dev-00084,video/dev/B/dev-00084.mp4,OTHER,B,dev,validation,OTHER
dev-00085,video/dev/B/dev-00085.mp4,LOCATION_QUERY,B,dev,validation,LOCATION_QUERY
dev-00086,video/dev/B/dev-00086.mp4,QUESTION,B,dev,validation,QUESTION
dev-00087,video/dev/B/dev-00087.mp4,QUESTION,B,dev,validation,QUESTION
dev-00088,video/dev/B/dev-00088.mp4,QUESTION,B,dev,validation,QUESTION
dev-00089,video/dev/B/dev-00089.mp4,OTHER,B,dev,validation,OTHER
dev-00090,video/dev/B/dev-00090.mp4,QUESTION,B,dev,validation,QUESTION
dev-00091,video/dev/B/dev-00091.mp4,OTHER,B,dev,validation,OTHER
dev-00092,video/dev/B/dev-00092.mp4,TIME_QUERY,B,dev,validation,TIME_QUERY
dev-00093,video/dev/B/dev-00093.mp4,ACTION_REQUEST,B,dev,validation,ACTION_REQUEST
dev-00094,video/dev/B/dev-00094.mp4,NEGATION,B,dev,validation,NEGATION
dev-00095,video/dev/B/dev-00095.mp4,OTHER,B,dev,validation,OTHER
dev-00096,video/dev/B/dev-00096.mp4,OTHER,B,dev,validation,OTHER
dev-00097,video/dev/B/dev-00097.mp4,OTHER,B,dev,validation,OTHER
dev-00098,video/dev/B/dev-00098.mp4,OTHER,B,dev,validation,OTHER
dev-00099,video/dev/B/dev-00099.mp4,OTHER,B,dev,validation,OTHER
dev-00100,video/dev/B/dev-00100.mp4,ACTION_REQUEST,B,dev,validation,ACTION_REQUEST
dev-00101,video/dev/B/dev-00101.mp4,OTHER,B,dev,validation,OTHER
dev-00102,video/dev/B/dev-00102.mp4,QUESTION,B,dev,validation,QUESTION
dev-00103,video/dev/B/dev-00103.mp4,OTHER,B,dev,validation,OTHER
dev-00104,video/dev/B/dev-00104.mp4,OTHER,B,dev,validation,OTHER
dev-00105,video/dev/B/dev-00105.mp4,QUESTION,B,dev,validation,QUESTION
dev-00106,video/dev/B/dev-00106.mp4,QUESTION,B,dev,validation,QUESTION
dev-00107,video/dev/B/dev-00107.mp4,OTHER,B,dev,validation,OTHER
dev-00108,video/dev/B/dev-00108.mp4,OTHER,B,dev,validation,OTHER
dev-00109,video/dev/C/dev-00109.mp4,QUESTION,C,dev,validation,QUESTION
dev-00110,video/dev/C/dev-00110.mp4,QUESTION,C,dev,validation,QUESTION
dev-00111,video/dev/C/dev-00111.mp4,OTHER,C,dev,validation,OTHER
dev-00112,video/dev/C/dev-00112.mp4,CONFIRMATION,C,dev,validation,CONFIRMATION
dev-00113,video/dev/C/dev-00113.mp4,OTHER,C,dev,validation,OTHER
dev-00114,video/dev/C/dev-00114.mp4,ACTION_REQUEST,C,dev,validation,ACTION_REQUEST
dev-00115,video/dev/C/dev-00115.mp4,QUESTION,C,dev,validation,QUESTION
dev-00116,video/dev/C/dev-00116.mp4,TIME_QUERY,C,dev,validation,TIME_QUERY
dev-00117,video/dev/C/dev-00117.mp4,CONFIRMATION,C,dev,validation,CONFIRMATION
dev-00118,video/dev/C/dev-00118.mp4,QUESTION,C,dev,validation,QUESTION
dev-00119,video/dev/C/dev-00119.mp4,HELP_REQUEST,C,dev,validation,HELP_REQUEST
dev-00120,video/dev/C/dev-00120.mp4,HELP_REQUEST,C,dev,validation,HELP_REQUEST
dev-00121,video/dev/C/dev-00121.mp4,EMOTION,C,dev,validation,EMOTION
dev-00122,video/dev/C/dev-00122.mp4,CONFIRMATION,C,dev,validation,CONFIRMATION
dev-00123,video/dev/C/dev-00123.mp4,CONFIRMATION,C,dev,validation,CONFIRMATION
dev-00124,video/dev/C/dev-00124.mp4,CONFIRMATION,C,dev,validation,CONFIRMATION
dev-00125,video/dev/C/dev-00125.mp4,CONFIRMATION,C,dev,validation,CONFIRMATION
dev-00126,video/dev/C/dev-00126.mp4,ACTION_REQUEST,C,dev,validation,ACTION_REQUEST
dev-00127,video/dev/C/dev-00127.mp4,CONFIRMATION,C,dev,validation,CONFIRMATION
dev-00128,video/dev/C/dev-00128.mp4,ACTION_REQUEST,C,dev,validation,ACTION_REQUEST
dev-00129,video/dev/C/dev-00129.mp4,OTHER,C,dev,validation,OTHER
dev-00130,video/dev/C/dev-00130.mp4,QUESTION,C,dev,validation,QUESTION
dev-00131,video/dev/C/dev-00131.mp4,OTHER,C,dev,validation,OTHER
dev-00132,video/dev/C/dev-00132.mp4,OTHER,C,dev,validation,OTHER
dev-00133,video/dev/C/dev-00133.mp4,ACTION_REQUEST,C,dev,validation,ACTION_REQUEST
dev-00134,video/dev/C/dev-00134.mp4,OTHER,C,dev,validation,OTHER
dev-00135,video/dev/C/dev-00135.mp4,OTHER,C,dev,validation,OTHER
dev-00136,video/dev/C/dev-00136.mp4,QUESTION,C,dev,validation,QUESTION
dev-00137,video/dev/C/dev-00137.mp4,QUESTION,C,dev,validation,QUESTION
dev-00138,video/dev/C/dev-00138.mp4,ACTION_REQUEST,C,dev,validation,ACTION_REQUEST
dev-00139,video/dev/C/dev-00139.mp4,ACTION_REQUEST,C,dev,validation,ACTION_REQUEST
dev-00140,video/dev/C/dev-00140.mp4,OTHER,C,dev,validation,OTHER
dev-00141,video/dev/C/dev-00141.mp4,CONFIRMATION,C,dev,validation,CONFIRMATION
dev-00142,video/dev/C/dev-00142.mp4,HELP_REQUEST,C,dev,validation,HELP_REQUEST
dev-00143,video/dev/C/dev-00143.mp4,OTHER,C,dev,validation,OTHER
dev-00144,video/dev/C/dev-00144.mp4,LIKE_PREFERENCE,C,dev,validation,LIKE_PREFERENCE
dev-00145,video/dev/C/dev-00145.mp4,LIKE_PREFERENCE,C,dev,validation,LIKE_PREFERENCE
dev-00146,video/dev/C/dev-00146.mp4,TIME_QUERY,C,dev,validation,TIME_QUERY
dev-00147,video/dev/C/dev-00147.mp4,CONFIRMATION,C,dev,validation,CONFIRMATION
dev-00148,video/dev/C/dev-00148.mp4,NEGATION,C,dev,validation,NEGATION
dev-00149,video/dev/C/dev-00149.mp4,OTHER,C,dev,validation,OTHER
dev-00150,video/dev/C/dev-00150.mp4,OTHER,C,dev,validation,OTHER
dev-00151,video/dev/C/dev-00151.mp4,OTHER,C,dev,validation,OTHER
dev-00152,video/dev/C/dev-00152.mp4,NEGATION,C,dev,validation,NEGATION
dev-00153,video/dev/C/dev-00153.mp4,CONFIRMATION,C,dev,validation,CONFIRMATION
dev-00154,video/dev/C/dev-00154.mp4,CONFIRMATION,C,dev,validation,CONFIRMATION
dev-00155,video/dev/C/dev-00155.mp4,CONFIRMATION,C,dev,validation,CONFIRMATION
dev-00156,video/dev/C/dev-00156.mp4,QUESTION,C,dev,validation,QUESTION
dev-00157,video/dev/C/dev-00157.mp4,OTHER,C,dev,validation,OTHER
dev-00158,video/dev/C/dev-00158.mp4,CONFIRMATION,C,dev,validation,CONFIRMATION
dev-00159,video/dev/C/dev-00159.mp4,CONFIRMATION,C,dev,validation,CONFIRMATION
dev-00160,video/dev/C/dev-00160.mp4,ACTION_REQUEST,C,dev,validation,ACTION_REQUEST
dev-00161,video/dev/C/dev-00161.mp4,TIME_QUERY,C,dev,validation,TIME_QUERY
dev-00162,video/dev/C/dev-00162.mp4,EMOTION,C,dev,validation,EMOTION
dev-00163,video/dev/D/dev-00163.mp4,QUESTION,D,dev,validation,QUESTION
dev-00164,video/dev/D/dev-00164.mp4,OTHER,D,dev,validation,OTHER
dev-00165,video/dev/D/dev-00165.mp4,OTHER,D,dev,validation,OTHER
dev-00166,video/dev/D/dev-00166.mp4,OTHER,D,dev,validation,OTHER
dev-00167,video/dev/D/dev-00167.mp4,OTHER,D,dev,validation,OTHER
dev-00168,video/dev/D/dev-00168.mp4,OTHER,D,dev,validation,OTHER
dev-00169,video/dev/D/dev-00169.mp4,OTHER,D,dev,validation,OTHER
dev-00170,video/dev/D/dev-00170.mp4,TIME_QUERY,D,dev,validation,TIME_QUERY
dev-00171,video/dev/D/dev-00171.mp4,CONFIRMATION,D,dev,validation,CONFIRMATION
dev-00172,video/dev/D/dev-00172.mp4,NEGATION,D,dev,validation,NEGATION
dev-00173,video/dev/D/dev-00173.mp4,OTHER,D,dev,validation,OTHER
dev-00174,video/dev/D/dev-00174.mp4,CONFIRMATION,D,dev,validation,CONFIRMATION
dev-00175,video/dev/D/dev-00175.mp4,ACTION_REQUEST,D,dev,validation,ACTION_REQUEST
dev-00176,video/dev/D/dev-00176.mp4,OTHER,D,dev,validation,OTHER
dev-00177,video/dev/D/dev-00177.mp4,GREETING,D,dev,validation,GREETING
dev-00178,video/dev/D/dev-00178.mp4,OTHER,D,dev,validation,OTHER
dev-00179,video/dev/D/dev-00179.mp4,OTHER,D,dev,validation,OTHER
dev-00180,video/dev/D/dev-00180.mp4,CONFIRMATION,D,dev,validation,CONFIRMATION
dev-00181,video/dev/D/dev-00181.mp4,OTHER,D,dev,validation,OTHER
dev-00182,video/dev/D/dev-00182.mp4,ACTION_REQUEST,D,dev,validation,ACTION_REQUEST
dev-00183,video/dev/D/dev-00183.mp4,LIKE_PREFERENCE,D,dev,validation,LIKE_PREFERENCE
dev-00184,video/dev/D/dev-00184.mp4,ACTION_REQUEST,D,dev,validation,ACTION_REQUEST
dev-00185,video/dev/D/dev-00185.mp4,OTHER,D,dev,validation,OTHER
dev-00186,video/dev/D/dev-00186.mp4,OTHER,D,dev,validation,OTHER
dev-00187,video/dev/D/dev-00187.mp4,OTHER,D,dev,validation,OTHER
dev-00188,video/dev/D/dev-00188.mp4,HELP_REQUEST,D,dev,validation,HELP_REQUEST
dev-00189,video/dev/D/dev-00189.mp4,CONFIRMATION,D,dev,validation,CONFIRMATION
dev-00190,video/dev/D/dev-00190.mp4,OTHER,D,dev,validation,OTHER
dev-00191,video/dev/D/dev-00191.mp4,QUESTION,D,dev,validation,QUESTION
dev-00192,video/dev/D/dev-00192.mp4,OTHER,D,dev,validation,OTHER
dev-00193,video/dev/D/dev-00193.mp4,HEALTH,D,dev,validation,HEALTH
dev-00194,video/dev/D/dev-00194.mp4,CONFIRMATION,D,dev,validation,CONFIRMATION
dev-00195,video/dev/D/dev-00195.mp4,ACTION_REQUEST,D,dev,validation,ACTION_REQUEST
dev-00196,video/dev/D/dev-00196.mp4,OTHER,D,dev,validation,OTHER
dev-00197,video/dev/D/dev-00197.mp4,CONFIRMATION,D,dev,validation,CONFIRMATION
dev-00198,video/dev/D/dev-00198.mp4,LIKE_PREFERENCE,D,dev,validation,LIKE_PREFERENCE
dev-00199,video/dev/D/dev-00199.mp4,LIKE_PREFERENCE,D,dev,validation,LIKE_PREFERENCE
dev-00200,video/dev/D/dev-00200.mp4,LIKE_PREFERENCE,D,dev,validation,LIKE_PREFERENCE
dev-00201,video/dev/D/dev-00201.mp4,LIKE_PREFERENCE,D,dev,validation,LIKE_PREFERENCE
dev-00202,video/dev/D/dev-00202.mp4,LIKE_PREFERENCE,D,dev,validation,LIKE_PREFERENCE
dev-00203,video/dev/D/dev-00203.mp4,CONFIRMATION,D,dev,validation,CONFIRMATION
dev-00204,video/dev/D/dev-00204.mp4,QUESTION,D,dev,validation,QUESTION
dev-00205,video/dev/D/dev-00205.mp4,OTHER,D,dev,validation,OTHER
dev-00206,video/dev/D/dev-00206.mp4,OTHER,D,dev,validation,OTHER
dev-00207,video/dev/D/dev-00207.mp4,TIME_QUERY,D,dev,validation,TIME_QUERY
dev-00208,video/dev/D/dev-00208.mp4,TIME_QUERY,D,dev,validation,TIME_QUERY
dev-00209,video/dev/E/dev-00209.mp4,OTHER,E,dev,validation,OTHER
dev-00210,video/dev/E/dev-00210.mp4,ACTION_REQUEST,E,dev,validation,ACTION_REQUEST
dev-00211,video/dev/E/dev-00211.mp4,QUESTION,E,dev,validation,QUESTION
dev-00212,video/dev/E/dev-00212.mp4,OTHER,E,dev,validation,OTHER
dev-00213,video/dev/E/dev-00213.mp4,CONFIRMATION,E,dev,validation,CONFIRMATION
dev-00214,video/dev/E/dev-00214.mp4,ACTION_REQUEST,E,dev,validation,ACTION_REQUEST
dev-00215,video/dev/E/dev-00215.mp4,ACTION_REQUEST,E,dev,validation,ACTION_REQUEST
dev-00216,video/dev/E/dev-00216.mp4,OTHER,E,dev,validation,OTHER
dev-00217,video/dev/E/dev-00217.mp4,OTHER,E,dev,validation,OTHER
dev-00218,video/dev/E/dev-00218.mp4,ACTION_REQUEST,E,dev,validation,ACTION_REQUEST
dev-00219,video/dev/E/dev-00219.mp4,OTHER,E,dev,validation,OTHER
dev-00220,video/dev/E/dev-00220.mp4,OTHER,E,dev,validation,OTHER
dev-00221,video/dev/E/dev-00221.mp4,LIKE_PREFERENCE,E,dev,validation,LIKE_PREFERENCE
dev-00222,video/dev/E/dev-00222.mp4,ACTION_REQUEST,E,dev,validation,ACTION_REQUEST
dev-00223,video/dev/E/dev-00223.mp4,OTHER,E,dev,validation,OTHER
dev-00224,video/dev/E/dev-00224.mp4,OTHER,E,dev,validation,OTHER
dev-00225,video/dev/E/dev-00225.mp4,TIME_QUERY,E,dev,validation,TIME_QUERY
dev-00226,video/dev/E/dev-00226.mp4,ACTION_REQUEST,E,dev,validation,ACTION_REQUEST
dev-00227,video/dev/E/dev-00227.mp4,OTHER,E,dev,validation,OTHER
dev-00228,video/dev/E/dev-00228.mp4,OTHER,E,dev,validation,OTHER
dev-00229,video/dev/E/dev-00229.mp4,ACTION_REQUEST,E,dev,validation,ACTION_REQUEST
dev-00230,video/dev/E/dev-00230.mp4,TIME_QUERY,E,dev,validation,TIME_QUERY
dev-00231,video/dev/E/dev-00231.mp4,OTHER,E,dev,validation,OTHER
dev-00232,video/dev/E/dev-00232.mp4,OTHER,E,dev,validation,OTHER
dev-00233,video/dev/E/dev-00233.mp4,OTHER,E,dev,validation,OTHER
dev-00234,video/dev/E/dev-00234.mp4,OTHER,E,dev,validation,OTHER
dev-00235,video/dev/E/dev-00235.mp4,OTHER,E,dev,validation,OTHER
dev-00236,video/dev/E/dev-00236.mp4,OTHER,E,dev,validation,OTHER
dev-00237,video/dev/E/dev-00237.mp4,OTHER,E,dev,validation,OTHER
dev-00238,video/dev/E/dev-00238.mp4,OTHER,E,dev,validation,OTHER
dev-00239,video/dev/E/dev-00239.mp4,OTHER,E,dev,validation,OTHER
dev-00240,video/dev/E/dev-00240.mp4,OTHER,E,dev,validation,OTHER
dev-00241,video/dev/E/dev-00241.mp4,CONFIRMATION,E,dev,validation,CONFIRMATION
dev-00242,video/dev/E/dev-00242.mp4,OTHER,E,dev,validation,OTHER
dev-00243,video/dev/E/dev-00243.mp4,OTHER,E,dev,validation,OTHER
dev-00244,video/dev/E/dev-00244.mp4,OTHER,E,dev,validation,OTHER
dev-00245,video/dev/E/dev-00245.mp4,OTHER,E,dev,validation,OTHER
dev-00246,video/dev/E/dev-00246.mp4,ACTION_REQUEST,E,dev,validation,ACTION_REQUEST
dev-00247,video/dev/E/dev-00247.mp4,OTHER,E,dev,validation,OTHER
dev-00248,video/dev/E/dev-00248.mp4,PURCHASE,E,dev,validation,PURCHASE
dev-00249,video/dev/E/dev-00249.mp4,ACTION_REQUEST,E,dev,validation,ACTION_REQUEST
dev-00250,video/dev/E/dev-00250.mp4,OTHER,E,dev,validation,OTHER
dev-00251,video/dev/E/dev-00251.mp4,NEGATION,E,dev,validation,NEGATION
dev-00252,video/dev/E/dev-00252.mp4,ACTION_REQUEST,E,dev,validation,ACTION_REQUEST
dev-00253,video/dev/E/dev-00253.mp4,ACTION_REQUEST,E,dev,validation,ACTION_REQUEST
dev-00254,video/dev/E/dev-00254.mp4,ACTION_REQUEST,E,dev,validation,ACTION_REQUEST
dev-00255,video/dev/E/dev-00255.mp4,CONFIRMATION,E,dev,validation,CONFIRMATION
dev-00256,video/dev/E/dev-00256.mp4,ACTION_REQUEST,E,dev,validation,ACTION_REQUEST
dev-00257,video/dev/E/dev-00257.mp4,LIKE_PREFERENCE,E,dev,validation,LIKE_PREFERENCE
dev-00258,video/dev/E/dev-00258.mp4,LIKE_PREFERENCE,E,dev,validation,LIKE_PREFERENCE
dev-00259,video/dev/E/dev-00259.mp4,LIKE_PREFERENCE,E,dev,validation,LIKE_PREFERENCE
dev-00260,video/dev/F/dev-00260.mp4,LIKE_PREFERENCE,F,dev,validation,LIKE_PREFERENCE
dev-00261,video/dev/F/dev-00261.mp4,LIKE_PREFERENCE,F,dev,validation,LIKE_PREFERENCE
dev-00262,video/dev/F/dev-00262.mp4,LIKE_PREFERENCE,F,dev,validation,LIKE_PREFERENCE
dev-00263,video/dev/F/dev-00263.mp4,OTHER,F,dev,validation,OTHER
dev-00264,video/dev/F/dev-00264.mp4,OTHER,F,dev,validation,OTHER
dev-00265,video/dev/F/dev-00265.mp4,CONFIRMATION,F,dev,validation,CONFIRMATION
dev-00266,video/dev/F/dev-00266.mp4,OTHER,F,dev,validation,OTHER
dev-00267,video/dev/F/dev-00267.mp4,OTHER,F,dev,validation,OTHER
dev-00268,video/dev/F/dev-00268.mp4,CONFIRMATION,F,dev,validation,CONFIRMATION
dev-00269,video/dev/F/dev-00269.mp4,OTHER,F,dev,validation,OTHER
dev-00270,video/dev/F/dev-00270.mp4,LOCATION_QUERY,F,dev,validation,LOCATION_QUERY
dev-00271,video/dev/F/dev-00271.mp4,OTHER,F,dev,validation,OTHER
dev-00272,video/dev/F/dev-00272.mp4,TIME_QUERY,F,dev,validation,TIME_QUERY
dev-00273,video/dev/F/dev-00273.mp4,OTHER,F,dev,validation,OTHER
dev-00274,video/dev/F/dev-00274.mp4,PURCHASE,F,dev,validation,PURCHASE
dev-00275,video/dev/F/dev-00275.mp4,OTHER,F,dev,validation,OTHER
dev-00276,video/dev/F/dev-00276.mp4,OTHER,F,dev,validation,OTHER
dev-00277,video/dev/F/dev-00277.mp4,LIKE_PREFERENCE,F,dev,validation,LIKE_PREFERENCE
dev-00278,video/dev/F/dev-00278.mp4,CONFIRMATION,F,dev,validation,CONFIRMATION
dev-00279,video/dev/F/dev-00279.mp4,ACTION_REQUEST,F,dev,validation,ACTION_REQUEST
dev-00280,video/dev/F/dev-00280.mp4,HELP_REQUEST,F,dev,validation,HELP_REQUEST
dev-00281,video/dev/F/dev-00281.mp4,OTHER,F,dev,validation,OTHER
dev-00282,video/dev/F/dev-00282.mp4,TIME_QUERY,F,dev,validation,TIME_QUERY
dev-00283,video/dev/F/dev-00283.mp4,OTHER,F,dev,validation,OTHER
dev-00284,video/dev/F/dev-00284.mp4,ACTION_REQUEST,F,dev,validation,ACTION_REQUEST
dev-00285,video/dev/F/dev-00285.mp4,EMOTION,F,dev,validation,EMOTION
dev-00286,video/dev/F/dev-00286.mp4,OTHER,F,dev,validation,OTHER
dev-00287,video/dev/F/dev-00287.mp4,EMOTION,F,dev,validation,EMOTION
dev-00288,video/dev/F/dev-00288.mp4,OTHER,F,dev,validation,OTHER
dev-00289,video/dev/F/dev-00289.mp4,ACTION_REQUEST,F,dev,validation,ACTION_REQUEST
dev-00290,video/dev/F/dev-00290.mp4,OTHER,F,dev,validation,OTHER
dev-00291,video/dev/F/dev-00291.mp4,TIME_QUERY,F,dev,validation,TIME_QUERY
dev-00292,video/dev/F/dev-00292.mp4,PURCHASE,F,dev,validation,PURCHASE
dev-00293,video/dev/F/dev-00293.mp4,OTHER,F,dev,validation,OTHER
dev-00294,video/dev/F/dev-00294.mp4,OTHER,F,dev,validation,OTHER
dev-00295,video/dev/F/dev-00295.mp4,ACTION_REQUEST,F,dev,validation,ACTION_REQUEST
dev-00296,video/dev/F/dev-00296.mp4,OTHER,F,dev,validation,OTHER
dev-00297,video/dev/F/dev-00297.mp4,HEALTH,F,dev,validation,HEALTH
dev-00298,video/dev/F/dev-00298.mp4,CONFIRMATION,F,dev,validation,CONFIRMATION
dev-00299,video/dev/F/dev-00299.mp4,CONFIRMATION,F,dev,validation,CONFIRMATION
dev-00300,video/dev/F/dev-00300.mp4,OTHER,F,dev,validation,OTHER
dev-00301,video/dev/F/dev-00301.mp4,TIME_QUERY,F,dev,validation,TIME_QUERY
dev-00302,video/dev/F/dev-00302.mp4,CONFIRMATION,F,dev,validation,CONFIRMATION
dev-00303,video/dev/F/dev-00303.mp4,NEGATION,F,dev,validation,NEGATION
dev-00304,video/dev/F/dev-00304.mp4,QUESTION,F,dev,validation,QUESTION
dev-00305,video/dev/F/dev-00305.mp4,OTHER,F,dev,validation,OTHER
dev-00306,video/dev/F/dev-00306.mp4,OTHER,F,dev,validation,OTHER
dev-00307,video/dev/F/dev-00307.mp4,CONFIRMATION,F,dev,validation,CONFIRMATION
dev-00308,video/dev/F/dev-00308.mp4,CONFIRMATION,F,dev,validation,CONFIRMATION
dev-00309,video/dev/F/dev-00309.mp4,OTHER,F,dev,validation,OTHER
dev-00310,video/dev/G/dev-00310.mp4,LIKE_PREFERENCE,G,dev,validation,LIKE_PREFERENCE
dev-00311,video/dev/G/dev-00311.mp4,QUESTION,G,dev,validation,QUESTION
dev-00312,video/dev/G/dev-00312.mp4,OTHER,G,dev,validation,OTHER
dev-00313,video/dev/G/dev-00313.mp4,OTHER,G,dev,validation,OTHER
dev-00314,video/dev/G/dev-00314.mp4,OTHER,G,dev,validation,OTHER
dev-00315,video/dev/G/dev-00315.mp4,OTHER,G,dev,validation,OTHER
dev-00316,video/dev/G/dev-00316.mp4,OTHER,G,dev,validation,OTHER
dev-00317,video/dev/G/dev-00317.mp4,OTHER,G,dev,validation,OTHER
dev-00318,video/dev/G/dev-00318.mp4,OTHER,G,dev,validation,OTHER
dev-00319,video/dev/G/dev-00319.mp4,OTHER,G,dev,validation,OTHER
dev-00320,video/dev/G/dev-00320.mp4,HEALTH,G,dev,validation,HEALTH
dev-00321,video/dev/G/dev-00321.mp4,LIKE_PREFERENCE,G,dev,validation,LIKE_PREFERENCE
dev-00322,video/dev/G/dev-00322.mp4,OTHER,G,dev,validation,OTHER
dev-00323,video/dev/G/dev-00323.mp4,OTHER,G,dev,validation,OTHER
dev-00324,video/dev/G/dev-00324.mp4,OTHER,G,dev,validation,OTHER
dev-00325,video/dev/G/dev-00325.mp4,OTHER,G,dev,validation,OTHER
dev-00326,video/dev/G/dev-00326.mp4,TIME_QUERY,G,dev,validation,TIME_QUERY
dev-00327,video/dev/G/dev-00327.mp4,TIME_QUERY,G,dev,validation,TIME_QUERY
dev-00328,video/dev/G/dev-00328.mp4,TIME_QUERY,G,dev,validation,TIME_QUERY
dev-00329,video/dev/G/dev-00329.mp4,TIME_QUERY,G,dev,validation,TIME_QUERY
dev-00330,video/dev/G/dev-00330.mp4,TIME_QUERY,G,dev,validation,TIME_QUERY
dev-00331,video/dev/G/dev-00331.mp4,HEALTH,G,dev,validation,HEALTH
dev-00332,video/dev/G/dev-00332.mp4,OTHER,G,dev,validation,OTHER
dev-00333,video/dev/G/dev-00333.mp4,OTHER,G,dev,validation,OTHER
dev-00334,video/dev/G/dev-00334.mp4,OTHER,G,dev,validation,OTHER
dev-00335,video/dev/G/dev-00335.mp4,OTHER,G,dev,validation,OTHER
dev-00336,video/dev/G/dev-00336.mp4,CONFIRMATION,G,dev,validation,CONFIRMATION
dev-00337,video/dev/G/dev-00337.mp4,LIKE_PREFERENCE,G,dev,validation,LIKE_PREFERENCE
dev-00338,video/dev/G/dev-00338.mp4,OTHER,G,dev,validation,OTHER
dev-00339,video/dev/G/dev-00339.mp4,OTHER,G,dev,validation,OTHER
dev-00340,video/dev/G/dev-00340.mp4,OTHER,G,dev,validation,OTHER
dev-00341,video/dev/G/dev-00341.mp4,ACTION_REQUEST,G,dev,validation,ACTION_REQUEST
dev-00342,video/dev/G/dev-00342.mp4,OTHER,G,dev,validation,OTHER
dev-00343,video/dev/G/dev-00343.mp4,ACTION_REQUEST,G,dev,validation,ACTION_REQUEST
dev-00344,video/dev/G/dev-00344.mp4,EMOTION,G,dev,validation,EMOTION
dev-00345,video/dev/G/dev-00345.mp4,PURCHASE,G,dev,validation,PURCHASE
dev-00346,video/dev/G/dev-00346.mp4,OTHER,G,dev,validation,OTHER
dev-00347,video/dev/G/dev-00347.mp4,CONFIRMATION,G,dev,validation,CONFIRMATION
dev-00348,video/dev/G/dev-00348.mp4,CONFIRMATION,G,dev,validation,CONFIRMATION
dev-00349,video/dev/G/dev-00349.mp4,OTHER,G,dev,validation,OTHER
dev-00350,video/dev/G/dev-00350.mp4,ACTION_REQUEST,G,dev,validation,ACTION_REQUEST
dev-00351,video/dev/G/dev-00351.mp4,OTHER,G,dev,validation,OTHER
dev-00352,video/dev/G/dev-00352.mp4,QUESTION,G,dev,validation,QUESTION
dev-00353,video/dev/G/dev-00353.mp4,OTHER,G,dev,validation,OTHER
dev-00354,video/dev/G/dev-00354.mp4,NEGATION,G,dev,validation,NEGATION
dev-00355,video/dev/G/dev-00355.mp4,ACTION_REQUEST,G,dev,validation,ACTION_REQUEST
dev-00356,video/dev/G/dev-00356.mp4,QUESTION,G,dev,validation,QUESTION
dev-00357,video/dev/G/dev-00357.mp4,OTHER,G,dev,validation,OTHER
dev-00358,video/dev/G/dev-00358.mp4,PURCHASE,G,dev,validation,PURCHASE
dev-00359,video/dev/G/dev-00359.mp4,CONFIRMATION,G,dev,validation,CONFIRMATION
dev-00360,video/dev/G/dev-00360.mp4,TIME_QUERY,G,dev,validation,TIME_QUERY
dev-00361,video/dev/G/dev-00361.mp4,CONFIRMATION,G,dev,validation,CONFIRMATION
dev-00362,video/dev/G/dev-00362.mp4,ACTION_REQUEST,G,dev,validation,ACTION_REQUEST
dev-00363,video/dev/G/dev-00363.mp4,LIKE_PREFERENCE,G,dev,validation,LIKE_PREFERENCE
dev-00364,video/dev/H/dev-00364.mp4,OTHER,H,dev,validation,OTHER
dev-00365,video/dev/H/dev-00365.mp4,OTHER,H,dev,validation,OTHER
dev-00366,video/dev/H/dev-00366.mp4,OTHER,H,dev,validation,OTHER
dev-00367,video/dev/H/dev-00367.mp4,CONFIRMATION,H,dev,validation,CONFIRMATION
dev-00368,video/dev/H/dev-00368.mp4,OTHER,H,dev,validation,OTHER
dev-00369,video/dev/H/dev-00369.mp4,OTHER,H,dev,validation,OTHER
dev-00370,video/dev/H/dev-00370.mp4,OTHER,H,dev,validation,OTHER
dev-00371,video/dev/H/dev-00371.mp4,QUESTION,H,dev,validation,QUESTION
dev-00372,video/dev/H/dev-00372.mp4,TIME_QUERY,H,dev,validation,TIME_QUERY
dev-00373,video/dev/I/dev-00373.mp4,TIME_QUERY,I,dev,validation,TIME_QUERY
dev-00374,video/dev/I/dev-00374.mp4,OTHER,I,dev,validation,OTHER
dev-00375,video/dev/I/dev-00375.mp4,ACTION_REQUEST,I,dev,validation,ACTION_REQUEST
dev-00376,video/dev/I/dev-00376.mp4,CONFIRMATION,I,dev,validation,CONFIRMATION
dev-00377,video/dev/I/dev-00377.mp4,NEGATION,I,dev,validation,NEGATION
dev-00378,video/dev/I/dev-00378.mp4,PURCHASE,I,dev,validation,PURCHASE
dev-00379,video/dev/I/dev-00379.mp4,QUESTION,I,dev,validation,QUESTION
dev-00380,video/dev/I/dev-00380.mp4,EMOTION,I,dev,validation,EMOTION
dev-00381,video/dev/I/dev-00381.mp4,CONFIRMATION,I,dev,validation,CONFIRMATION
dev-00382,video/dev/J/dev-00382.mp4,ACTION_REQUEST,J,dev,validation,ACTION_REQUEST
dev-00383,video/dev/J/dev-00383.mp4,OTHER,J,dev,validation,OTHER
dev-00384,video/dev/J/dev-00384.mp4,LIKE_PREFERENCE,J,dev,validation,LIKE_PREFERENCE
dev-00385,video/dev/J/dev-00385.mp4,TIME_QUERY,J,dev,validation,TIME_QUERY
dev-00386,video/dev/J/dev-00386.mp4,OTHER,J,dev,validation,OTHER
dev-00387,video/dev/J/dev-00387.mp4,OTHER,J,dev,validation,OTHER
dev-00388,video/dev/J/dev-00388.mp4,OTHER,J,dev,validation,OTHER
dev-00389,video/dev/J/dev-00389.mp4,NEGATION,J,dev,validation,NEGATION
dev-00390,video/dev/J/dev-00390.mp4,LIKE_PREFERENCE,J,dev,validation,LIKE_PREFERENCE
dev-00391,video/dev/J/dev-00391.mp4,TIME_QUERY,J,dev,validation,TIME_QUERY
dev-00392,video/dev/J/dev-00392.mp4,CONFIRMATION,J,dev,validation,CONFIRMATION
dev-00393,video/dev/J/dev-00393.mp4,QUESTION,J,dev,validation,QUESTION
dev-00394,video/dev/J/dev-00394.mp4,OTHER,J,dev,validation,OTHER
dev-00395,video/dev/J/dev-00395.mp4,OTHER,J,dev,validation,OTHER
dev-00396,video/dev/J/dev-00396.mp4,ACTION_REQUEST,J,dev,validation,ACTION_REQUEST
dev-00397,video/dev/J/dev-00397.mp4,ACTION_REQUEST,J,dev,validation,ACTION_REQUEST
dev-00398,video/dev/J/dev-00398.mp4,CONFIRMATION,J,dev,validation,CONFIRMATION
dev-00399,video/dev/J/dev-00399.mp4,QUESTION,J,dev,validation,QUESTION
dev-00400,video/dev/J/dev-00400.mp4,LIKE_PREFERENCE,J,dev,validation,LIKE_PREFERENCE
dev-00401,video/dev/J/dev-00401.mp4,OTHER,J,dev,validation,OTHER
dev-00402,video/dev/J/dev-00402.mp4,OTHER,J,dev,validation,OTHER
dev-00403,video/dev/J/dev-00403.mp4,OTHER,J,dev,validation,OTHER
dev-00404,video/dev/J/dev-00404.mp4,OTHER,J,dev,validation,OTHER
dev-00405,video/dev/J/dev-00405.mp4,TIME_QUERY,J,dev,validation,TIME_QUERY
dev-00406,video/dev/J/dev-00406.mp4,HEALTH,J,dev,validation,HEALTH
dev-00407,video/dev/J/dev-00407.mp4,OTHER,J,dev,validation,OTHER
dev-00408,video/dev/J/dev-00408.mp4,HELP_REQUEST,J,dev,validation,HELP_REQUEST
dev-00409,video/dev/J/dev-00409.mp4,HELP_REQUEST,J,dev,validation,HELP_REQUEST
dev-00410,video/dev/J/dev-00410.mp4,QUESTION,J,dev,validation,QUESTION
dev-00411,video/dev/K/dev-00411.mp4,CONFIRMATION,K,dev,validation,CONFIRMATION
dev-00412,video/dev/K/dev-00412.mp4,LOCATION_QUERY,K,dev,validation,LOCATION_QUERY
dev-00413,video/dev/K/dev-00413.mp4,OTHER,K,dev,validation,OTHER
dev-00414,video/dev/K/dev-00414.mp4,OTHER,K,dev,validation,OTHER
dev-00415,video/dev/K/dev-00415.mp4,EMOTION,K,dev,validation,EMOTION
dev-00416,video/dev/K/dev-00416.mp4,OTHER,K,dev,validation,OTHER
dev-00417,video/dev/K/dev-00417.mp4,LIKE_PREFERENCE,K,dev,validation,LIKE_PREFERENCE
dev-00418,video/dev/K/dev-00418.mp4,QUESTION,K,dev,validation,QUESTION
dev-00419,video/dev/K/dev-00419.mp4,OTHER,K,dev,validation,OTHER
dev-00420,video/dev/K/dev-00420.mp4,CONFIRMATION,K,dev,validation,CONFIRMATION
dev-00421,video/dev/K/dev-00421.mp4,OTHER,K,dev,validation,OTHER
dev-00422,video/dev/K/dev-00422.mp4,QUESTION,K,dev,validation,QUESTION
dev-00423,video/dev/K/dev-00423.mp4,QUESTION,K,dev,validation,QUESTION
dev-00424,video/dev/K/dev-00424.mp4,OTHER,K,dev,validation,OTHER
dev-00425,video/dev/K/dev-00425.mp4,CONFIRMATION,K,dev,validation,CONFIRMATION
dev-00426,video/dev/K/dev-00426.mp4,OTHER,K,dev,validation,OTHER
dev-00427,video/dev/K/dev-00427.mp4,OTHER,K,dev,validation,OTHER
dev-00428,video/dev/K/dev-00428.mp4,OTHER,K,dev,validation,OTHER
dev-00429,video/dev/K/dev-00429.mp4,EMOTION,K,dev,validation,EMOTION
dev-00430,video/dev/K/dev-00430.mp4,QUESTION,K,dev,validation,QUESTION
dev-00431,video/dev/K/dev-00431.mp4,LOCATION_QUERY,K,dev,validation,LOCATION_QUERY
dev-00432,video/dev/K/dev-00432.mp4,OTHER,K,dev,validation,OTHER
dev-00433,video/dev/K/dev-00433.mp4,OTHER,K,dev,validation,OTHER
dev-00434,video/dev/K/dev-00434.mp4,LOCATION_QUERY,K,dev,validation,LOCATION_QUERY
dev-00435,video/dev/K/dev-00435.mp4,LOCATION_QUERY,K,dev,validation,LOCATION_QUERY
dev-00436,video/dev/K/dev-00436.mp4,LOCATION_QUERY,K,dev,validation,LOCATION_QUERY
dev-00437,video/dev/K/dev-00437.mp4,QUESTION,K,dev,validation,QUESTION
dev-00438,video/dev/K/dev-00438.mp4,LOCATION_QUERY,K,dev,validation,LOCATION_QUERY
dev-00439,video/dev/K/dev-00439.mp4,LOCATION_QUERY,K,dev,validation,LOCATION_QUERY
dev-00440,video/dev/K/dev-00440.mp4,LOCATION_QUERY,K,dev,validation,LOCATION_QUERY
dev-00441,video/dev/K/dev-00441.mp4,TIME_QUERY,K,dev,validation,TIME_QUERY
dev-00442,video/dev/K/dev-00442.mp4,LOCATION_QUERY,K,dev,validation,LOCATION_QUERY
dev-00443,video/dev/K/dev-00443.mp4,LOCATION_QUERY,K,dev,validation,LOCATION_QUERY
dev-00444,video/dev/K/dev-00444.mp4,LOCATION_QUERY,K,dev,validation,LOCATION_QUERY
dev-00445,video/dev/K/dev-00445.mp4,QUESTION,K,dev,validation,QUESTION
dev-00446,video/dev/K/dev-00446.mp4,LOCATION_QUERY,K,dev,validation,LOCATION_QUERY
dev-00447,video/dev/K/dev-00447.mp4,LOCATION_QUERY,K,dev,validation,LOCATION_QUERY
dev-00448,video/dev/K/dev-00448.mp4,LOCATION_QUERY,K,dev,validation,LOCATION_QUERY
dev-00449,video/dev/K/dev-00449.mp4,LOCATION_QUERY,K,dev,validation,LOCATION_QUERY
dev-00450,video/dev/K/dev-00450.mp4,QUESTION,K,dev,validation,QUESTION
dev-00451,video/dev/K/dev-00451.mp4,LOCATION_QUERY,K,dev,validation,LOCATION_QUERY
dev-00452,video/dev/K/dev-00452.mp4,LOCATION_QUERY,K,dev,validation,LOCATION_QUERY
dev-00453,video/dev/K/dev-00453.mp4,LOCATION_QUERY,K,dev,validation,LOCATION_QUERY
dev-00454,video/dev/K/dev-00454.mp4,LOCATION_QUERY,K,dev,validation,LOCATION_QUERY
dev-00455,video/dev/K/dev-00455.mp4,QUESTION,K,dev,validation,QUESTION
dev-00456,video/dev/K/dev-00456.mp4,LOCATION_QUERY,K,dev,validation,LOCATION_QUERY
dev-00457,video/dev/K/dev-00457.mp4,LOCATION_QUERY,K,dev,validation,LOCATION_QUERY
dev-00458,video/dev/K/dev-00458.mp4,QUESTION,K,dev,validation,QUESTION
dev-00459,video/dev/K/dev-00459.mp4,LOCATION_QUERY,K,dev,validation,LOCATION_QUERY
dev-00460,video/dev/K/dev-00460.mp4,LOCATION_QUERY,K,dev,validation,LOCATION_QUERY
dev-00461,video/dev/K/dev-00461.mp4,LOCATION_QUERY,K,dev,validation,LOCATION_QUERY
dev-00462,video/dev/K/dev-00462.mp4,LOCATION_QUERY,K,dev,validation,LOCATION_QUERY
dev-00463,video/dev/K/dev-00463.mp4,LOCATION_QUERY,K,dev,validation,LOCATION_QUERY
dev-00464,video/dev/L/dev-00464.mp4,NEGATION,L,dev,validation,NEGATION
dev-00465,video/dev/L/dev-00465.mp4,OTHER,L,dev,validation,OTHER
dev-00466,video/dev/L/dev-00466.mp4,OTHER,L,dev,validation,OTHER
dev-00467,video/dev/L/dev-00467.mp4,OTHER,L,dev,validation,OTHER
dev-00468,video/dev/L/dev-00468.mp4,OTHER,L,dev,validation,OTHER
dev-00469,video/dev/L/dev-00469.mp4,OTHER,L,dev,validation,OTHER
dev-00470,video/dev/L/dev-00470.mp4,QUESTION,L,dev,validation,QUESTION
dev-00471,video/dev/L/dev-00471.mp4,OTHER,L,dev,validation,OTHER
dev-00472,video/dev/L/dev-00472.mp4,OTHER,L,dev,validation,OTHER
dev-00473,video/dev/L/dev-00473.mp4,PURCHASE,L,dev,validation,PURCHASE
dev-00474,video/dev/L/dev-00474.mp4,OTHER,L,dev,validation,OTHER
dev-00475,video/dev/L/dev-00475.mp4,OTHER,L,dev,validation,OTHER
dev-00476,video/dev/L/dev-00476.mp4,OTHER,L,dev,validation,OTHER
dev-00477,video/dev/L/dev-00477.mp4,CONFIRMATION,L,dev,validation,CONFIRMATION
dev-00478,video/dev/L/dev-00478.mp4,PURCHASE,L,dev,validation,PURCHASE
dev-00479,video/dev/L/dev-00479.mp4,OTHER,L,dev,validation,OTHER
dev-00480,video/dev/L/dev-00480.mp4,OTHER,L,dev,validation,OTHER
dev-00481,video/dev/L/dev-00481.mp4,OTHER,L,dev,validation,OTHER
dev-00482,video/dev/L/dev-00482.mp4,NEGATION,L,dev,validation,NEGATION
dev-00483,video/dev/L/dev-00483.mp4,PURCHASE,L,dev,validation,PURCHASE
dev-00484,video/dev/L/dev-00484.mp4,NEGATION,L,dev,validation,NEGATION
dev-00485,video/dev/L/dev-00485.mp4,OTHER,L,dev,validation,OTHER
dev-00486,video/dev/L/dev-00486.mp4,PURCHASE,L,dev,validation,PURCHASE
dev-00487,video/dev/L/dev-00487.mp4,ACTION_REQUEST,L,dev,validation,ACTION_REQUEST
dev-00488,video/dev/L/dev-00488.mp4,OTHER,L,dev,validation,OTHER
dev-00489,video/dev/L/dev-00489.mp4,QUESTION,L,dev,validation,QUESTION
dev-00490,video/dev/L/dev-00490.mp4,CONFIRMATION,L,dev,validation,CONFIRMATION
dev-00491,video/dev/L/dev-00491.mp4,LIKE_PREFERENCE,L,dev,validation,LIKE_PREFERENCE
dev-00492,video/dev/L/dev-00492.mp4,OTHER,L,dev,validation,OTHER
dev-00493,video/dev/L/dev-00493.mp4,CONFIRMATION,L,dev,validation,CONFIRMATION
dev-00494,video/dev/L/dev-00494.mp4,HEALTH,L,dev,validation,HEALTH
dev-00495,video/dev/L/dev-00495.mp4,ACTION_REQUEST,L,dev,validation,ACTION_REQUEST
dev-00496,video/dev/L/dev-00496.mp4,OTHER,L,dev,validation,OTHER
dev-00497,video/dev/L/dev-00497.mp4,QUESTION,L,dev,validation,QUESTION
dev-00498,video/dev/L/dev-00498.mp4,ACTION_REQUEST,L,dev,validation,ACTION_REQUEST
dev-00499,video/dev/L/dev-00499.mp4,NEGATION,L,dev,validation,NEGATION
dev-00500,video/dev/L/dev-00500.mp4,QUESTION,L,dev,validation,QUESTION
dev-00501,video/dev/L/dev-00501.mp4,OTHER,L,dev,validation,OTHER
dev-00502,video/dev/L/dev-00502.mp4,OTHER,L,dev,validation,OTHER
dev-00503,video/dev/L/dev-00503.mp4,ACTION_REQUEST,L,dev,validation,ACTION_REQUEST
dev-00504,video/dev/L/dev-00504.mp4,CONFIRMATION,L,dev,validation,CONFIRMATION
dev-00505,video/dev/L/dev-00505.mp4,OTHER,L,dev,validation,OTHER
dev-00506,video/dev/L/dev-00506.mp4,OTHER,L,dev,validation,OTHER
dev-00507,video/dev/L/dev-00507.mp4,ACTION_REQUEST,L,dev,validation,ACTION_REQUEST
dev-00508,video/dev/L/dev-00508.mp4,EMOTION,L,dev,validation,EMOTION
dev-00509,video/dev/L/dev-00509.mp4,OTHER,L,dev,validation,OTHER
dev-00510,video/dev/L/dev-00510.mp4,TIME_QUERY,L,dev,validation,TIME_QUERY
dev-00511,video/dev/L/dev-00511.mp4,TIME_QUERY,L,dev,validation,TIME_QUERY
dev-00512,video/dev/L/dev-00512.mp4,TIME_QUERY,L,dev,validation,TIME_QUERY
dev-00513,video/dev/L/dev-00513.mp4,CONFIRMATION,L,dev,validation,CONFIRMATION
dev-00514,video/dev/L/dev-00514.mp4,OTHER,L,dev,validation,OTHER
dev-00515,video/dev/L/dev-00515.mp4,EMOTION,L,dev,validation,EMOTION
test-00001,video/test/A/test-00001.mp4,OTHER,A,test,test,OTHER
test-00002,video/test/A/test-00002.mp4,PURCHASE,A,test,test,PURCHASE
test-00003,video/test/A/test-00003.mp4,CONFIRMATION,A,test,test,CONFIRMATION
test-00004,video/test/A/test-00004.mp4,ACTION_REQUEST,A,test,test,ACTION_REQUEST
test-00005,video/test/A/test-00005.mp4,ACTION_REQUEST,A,test,test,ACTION_REQUEST
test-00006,video/test/A/test-00006.mp4,NEGATION,A,test,test,NEGATION
test-00007,video/test/A/test-00007.mp4,QUESTION,A,test,test,QUESTION
test-00008,video/test/A/test-00008.mp4,LIKE_PREFERENCE,A,test,test,LIKE_PREFERENCE
test-00009,video/test/A/test-00009.mp4,QUESTION,A,test,test,QUESTION
test-00010,video/test/A/test-00010.mp4,QUESTION,A,test,test,QUESTION
test-00011,video/test/A/test-00011.mp4,TIME_QUERY,A,test,test,TIME_QUERY
test-00012,video/test/A/test-00012.mp4,TIME_QUERY,A,test,test,TIME_QUERY
test-00013,video/test/A/test-00013.mp4,TIME_QUERY,A,test,test,TIME_QUERY
test-00014,video/test/A/test-00014.mp4,TIME_QUERY,A,test,test,TIME_QUERY
test-00015,video/test/A/test-00015.mp4,TIME_QUERY,A,test,test,TIME_QUERY
test-00016,video/test/A/test-00016.mp4,TIME_QUERY,A,test,test,TIME_QUERY
test-00017,video/test/A/test-00017.mp4,TIME_QUERY,A,test,test,TIME_QUERY
test-00018,video/test/A/test-00018.mp4,OTHER,A,test,test,OTHER
test-00019,video/test/A/test-00019.mp4,OTHER,A,test,test,OTHER
test-00020,video/test/A/test-00020.mp4,OTHER,A,test,test,OTHER
test-00021,video/test/A/test-00021.mp4,LIKE_PREFERENCE,A,test,test,LIKE_PREFERENCE
test-00022,video/test/A/test-00022.mp4,LIKE_PREFERENCE,A,test,test,LIKE_PREFERENCE
test-00023,video/test/A/test-00023.mp4,LIKE_PREFERENCE,A,test,test,LIKE_PREFERENCE
test-00024,video/test/A/test-00024.mp4,ACTION_REQUEST,A,test,test,ACTION_REQUEST
test-00025,video/test/A/test-00025.mp4,LIKE_PREFERENCE,A,test,test,LIKE_PREFERENCE
test-00026,video/test/A/test-00026.mp4,OTHER,A,test,test,OTHER
test-00027,video/test/A/test-00027.mp4,OTHER,A,test,test,OTHER
test-00028,video/test/A/test-00028.mp4,EMOTION,A,test,test,EMOTION
test-00029,video/test/A/test-00029.mp4,QUESTION,A,test,test,QUESTION
test-00030,video/test/A/test-00030.mp4,OTHER,A,test,test,OTHER
test-00031,video/test/A/test-00031.mp4,QUESTION,A,test,test,QUESTION
test-00032,video/test/A/test-00032.mp4,QUESTION,A,test,test,QUESTION
test-00033,video/test/A/test-00033.mp4,CONFIRMATION,A,test,test,CONFIRMATION
test-00034,video/test/A/test-00034.mp4,QUESTION,A,test,test,QUESTION
test-00035,video/test/A/test-00035.mp4,TIME_QUERY,A,test,test,TIME_QUERY
test-00036,video/test/A/test-00036.mp4,QUESTION,A,test,test,QUESTION
test-00037,video/test/A/test-00037.mp4,QUESTION,A,test,test,QUESTION
test-00038,video/test/A/test-00038.mp4,QUESTION,A,test,test,QUESTION
test-00039,video/test/A/test-00039.mp4,QUESTION,A,test,test,QUESTION
test-00040,video/test/A/test-00040.mp4,TIME_QUERY,A,test,test,TIME_QUERY
test-00041,video/test/A/test-00041.mp4,QUESTION,A,test,test,QUESTION
test-00042,video/test/A/test-00042.mp4,OTHER,A,test,test,OTHER
test-00043,video/test/A/test-00043.mp4,QUESTION,A,test,test,QUESTION
test-00044,video/test/A/test-00044.mp4,QUESTION,A,test,test,QUESTION
test-00045,video/test/A/test-00045.mp4,OTHER,A,test,test,OTHER
test-00046,video/test/A/test-00046.mp4,QUESTION,A,test,test,QUESTION
test-00047,video/test/A/test-00047.mp4,OTHER,A,test,test,OTHER
test-00048,video/test/A/test-00048.mp4,ACTION_REQUEST,A,test,test,ACTION_REQUEST
test-00049,video/test/A/test-00049.mp4,QUESTION,A,test,test,QUESTION
test-00050,video/test/A/test-00050.mp4,QUESTION,A,test,test,QUESTION
test-00051,video/test/A/test-00051.mp4,QUESTION,A,test,test,QUESTION
test-00052,video/test/A/test-00052.mp4,QUESTION,A,test,test,QUESTION
test-00053,video/test/A/test-00053.mp4,TIME_QUERY,A,test,test,TIME_QUERY
test-00054,video/test/A/test-00054.mp4,PURCHASE,A,test,test,PURCHASE
test-00055,video/test/A/test-00055.mp4,PURCHASE,A,test,test,PURCHASE
test-00056,video/test/B/test-00056.mp4,PURCHASE,B,test,test,PURCHASE
test-00057,video/test/B/test-00057.mp4,HELP_REQUEST,B,test,test,HELP_REQUEST
test-00058,video/test/B/test-00058.mp4,PURCHASE,B,test,test,PURCHASE
test-00059,video/test/B/test-00059.mp4,CONFIRMATION,B,test,test,CONFIRMATION
test-00060,video/test/B/test-00060.mp4,LIKE_PREFERENCE,B,test,test,LIKE_PREFERENCE
test-00061,video/test/B/test-00061.mp4,LOCATION_QUERY,B,test,test,LOCATION_QUERY
test-00062,video/test/B/test-00062.mp4,QUESTION,B,test,test,QUESTION
test-00063,video/test/B/test-00063.mp4,ACTION_REQUEST,B,test,test,ACTION_REQUEST
test-00064,video/test/B/test-00064.mp4,ACTION_REQUEST,B,test,test,ACTION_REQUEST
test-00065,video/test/B/test-00065.mp4,OTHER,B,test,test,OTHER
test-00066,video/test/B/test-00066.mp4,OTHER,B,test,test,OTHER
test-00067,video/test/B/test-00067.mp4,QUESTION,B,test,test,QUESTION
test-00068,video/test/B/test-00068.mp4,LOCATION_QUERY,B,test,test,LOCATION_QUERY
test-00069,video/test/B/test-00069.mp4,QUESTION,B,test,test,QUESTION
test-00070,video/test/B/test-00070.mp4,LIKE_PREFERENCE,B,test,test,LIKE_PREFERENCE
test-00071,video/test/B/test-00071.mp4,CONFIRMATION,B,test,test,CONFIRMATION
test-00072,video/test/B/test-00072.mp4,LIKE_PREFERENCE,B,test,test,LIKE_PREFERENCE
test-00073,video/test/B/test-00073.mp4,OTHER,B,test,test,OTHER
test-00074,video/test/B/test-00074.mp4,CONFIRMATION,B,test,test,CONFIRMATION
test-00075,video/test/B/test-00075.mp4,OTHER,B,test,test,OTHER
test-00076,video/test/B/test-00076.mp4,QUESTION,B,test,test,QUESTION
test-00077,video/test/B/test-00077.mp4,OTHER,B,test,test,OTHER
test-00078,video/test/B/test-00078.mp4,OTHER,B,test,test,OTHER
test-00079,video/test/B/test-00079.mp4,ACTION_REQUEST,B,test,test,ACTION_REQUEST
test-00080,video/test/B/test-00080.mp4,OTHER,B,test,test,OTHER
test-00081,video/test/B/test-00081.mp4,OTHER,B,test,test,OTHER
test-00082,video/test/B/test-00082.mp4,OTHER,B,test,test,OTHER
test-00083,video/test/B/test-00083.mp4,TIME_QUERY,B,test,test,TIME_QUERY
test-00084,video/test/B/test-00084.mp4,OTHER,B,test,test,OTHER
test-00085,video/test/B/test-00085.mp4,QUESTION,B,test,test,QUESTION
test-00086,video/test/B/test-00086.mp4,QUESTION,B,test,test,QUESTION
test-00087,video/test/B/test-00087.mp4,HELP_REQUEST,B,test,test,HELP_REQUEST
test-00088,video/test/B/test-00088.mp4,HEALTH,B,test,test,HEALTH
test-00089,video/test/B/test-00089.mp4,ACTION_REQUEST,B,test,test,ACTION_REQUEST
test-00090,video/test/B/test-00090.mp4,CONFIRMATION,B,test,test,CONFIRMATION
test-00091,video/test/B/test-00091.mp4,QUESTION,B,test,test,QUESTION
test-00092,video/test/B/test-00092.mp4,CONFIRMATION,B,test,test,CONFIRMATION
test-00093,video/test/B/test-00093.mp4,CONFIRMATION,B,test,test,CONFIRMATION
test-00094,video/test/B/test-00094.mp4,CONFIRMATION,B,test,test,CONFIRMATION
test-00095,video/test/B/test-00095.mp4,PURCHASE,B,test,test,PURCHASE
test-00096,video/test/B/test-00096.mp4,HELP_REQUEST,B,test,test,HELP_REQUEST
test-00097,video/test/B/test-00097.mp4,HELP_REQUEST,B,test,test,HELP_REQUEST
test-00098,video/test/B/test-00098.mp4,HELP_REQUEST,B,test,test,HELP_REQUEST
test-00099,video/test/B/test-00099.mp4,HELP_REQUEST,B,test,test,HELP_REQUEST
test-00100,video/test/B/test-00100.mp4,HELP_REQUEST,B,test,test,HELP_REQUEST
test-00101,video/test/B/test-00101.mp4,HELP_REQUEST,B,test,test,HELP_REQUEST
test-00102,video/test/B/test-00102.mp4,HELP_REQUEST,B,test,test,HELP_REQUEST
test-00103,video/test/B/test-00103.mp4,HELP_REQUEST,B,test,test,HELP_REQUEST
test-00104,video/test/B/test-00104.mp4,CONFIRMATION,B,test,test,CONFIRMATION
test-00105,video/test/B/test-00105.mp4,LOCATION_QUERY,B,test,test,LOCATION_QUERY
test-00106,video/test/B/test-00106.mp4,TIME_QUERY,B,test,test,TIME_QUERY
test-00107,video/test/B/test-00107.mp4,TIME_QUERY,B,test,test,TIME_QUERY
test-00108,video/test/B/test-00108.mp4,HELP_REQUEST,B,test,test,HELP_REQUEST
test-00109,video/test/B/test-00109.mp4,CONFIRMATION,B,test,test,CONFIRMATION
test-00110,video/test/B/test-00110.mp4,OTHER,B,test,test,OTHER
test-00111,video/test/B/test-00111.mp4,OTHER,B,test,test,OTHER
test-00112,video/test/B/test-00112.mp4,LOCATION_QUERY,B,test,test,LOCATION_QUERY
test-00113,video/test/C/test-00113.mp4,QUESTION,C,test,test,QUESTION
test-00114,video/test/C/test-00114.mp4,OTHER,C,test,test,OTHER
test-00115,video/test/C/test-00115.mp4,PURCHASE,C,test,test,PURCHASE
test-00116,video/test/C/test-00116.mp4,QUESTION,C,test,test,QUESTION
test-00117,video/test/C/test-00117.mp4,LIKE_PREFERENCE,C,test,test,LIKE_PREFERENCE
test-00118,video/test/C/test-00118.mp4,OTHER,C,test,test,OTHER
test-00119,video/test/C/test-00119.mp4,OTHER,C,test,test,OTHER
test-00120,video/test/C/test-00120.mp4,ACTION_REQUEST,C,test,test,ACTION_REQUEST
test-00121,video/test/C/test-00121.mp4,HEALTH,C,test,test,HEALTH
test-00122,video/test/C/test-00122.mp4,NEGATION,C,test,test,NEGATION
test-00123,video/test/C/test-00123.mp4,ACTION_REQUEST,C,test,test,ACTION_REQUEST
test-00124,video/test/C/test-00124.mp4,QUESTION,C,test,test,QUESTION
test-00125,video/test/C/test-00125.mp4,CONFIRMATION,C,test,test,CONFIRMATION
test-00126,video/test/C/test-00126.mp4,HELP_REQUEST,C,test,test,HELP_REQUEST
test-00127,video/test/C/test-00127.mp4,HELP_REQUEST,C,test,test,HELP_REQUEST
test-00128,video/test/C/test-00128.mp4,CONFIRMATION,C,test,test,CONFIRMATION
test-00129,video/test/C/test-00129.mp4,ACTION_REQUEST,C,test,test,ACTION_REQUEST
test-00130,video/test/C/test-00130.mp4,ACTION_REQUEST,C,test,test,ACTION_REQUEST
test-00131,video/test/C/test-00131.mp4,OTHER,C,test,test,OTHER
test-00132,video/test/C/test-00132.mp4,PURCHASE,C,test,test,PURCHASE
test-00133,video/test/C/test-00133.mp4,PURCHASE,C,test,test,PURCHASE
test-00134,video/test/C/test-00134.mp4,HELP_REQUEST,C,test,test,HELP_REQUEST
test-00135,video/test/C/test-00135.mp4,ACTION_REQUEST,C,test,test,ACTION_REQUEST
test-00136,video/test/C/test-00136.mp4,OTHER,C,test,test,OTHER
test-00137,video/test/C/test-00137.mp4,QUESTION,C,test,test,QUESTION
test-00138,video/test/C/test-00138.mp4,OTHER,C,test,test,OTHER
test-00139,video/test/C/test-00139.mp4,OTHER,C,test,test,OTHER
test-00140,video/test/C/test-00140.mp4,LIKE_PREFERENCE,C,test,test,LIKE_PREFERENCE
test-00141,video/test/C/test-00141.mp4,TIME_QUERY,C,test,test,TIME_QUERY
test-00142,video/test/C/test-00142.mp4,TIME_QUERY,C,test,test,TIME_QUERY
test-00143,video/test/C/test-00143.mp4,TIME_QUERY,C,test,test,TIME_QUERY
test-00144,video/test/C/test-00144.mp4,OTHER,C,test,test,OTHER
test-00145,video/test/C/test-00145.mp4,ACTION_REQUEST,C,test,test,ACTION_REQUEST
test-00146,video/test/C/test-00146.mp4,LIKE_PREFERENCE,C,test,test,LIKE_PREFERENCE
test-00147,video/test/C/test-00147.mp4,LIKE_PREFERENCE,C,test,test,LIKE_PREFERENCE
test-00148,video/test/C/test-00148.mp4,CONFIRMATION,C,test,test,CONFIRMATION
test-00149,video/test/C/test-00149.mp4,PURCHASE,C,test,test,PURCHASE
test-00150,video/test/C/test-00150.mp4,OTHER,C,test,test,OTHER
test-00151,video/test/C/test-00151.mp4,NEGATION,C,test,test,NEGATION
test-00152,video/test/C/test-00152.mp4,EMOTION,C,test,test,EMOTION
test-00153,video/test/C/test-00153.mp4,EMOTION,C,test,test,EMOTION
test-00154,video/test/C/test-00154.mp4,QUESTION,C,test,test,QUESTION
test-00155,video/test/D/test-00155.mp4,LIKE_PREFERENCE,D,test,test,LIKE_PREFERENCE
test-00156,video/test/D/test-00156.mp4,LIKE_PREFERENCE,D,test,test,LIKE_PREFERENCE
test-00157,video/test/D/test-00157.mp4,LIKE_PREFERENCE,D,test,test,LIKE_PREFERENCE
test-00158,video/test/D/test-00158.mp4,LIKE_PREFERENCE,D,test,test,LIKE_PREFERENCE
test-00159,video/test/D/test-00159.mp4,LIKE_PREFERENCE,D,test,test,LIKE_PREFERENCE
test-00160,video/test/D/test-00160.mp4,LIKE_PREFERENCE,D,test,test,LIKE_PREFERENCE
test-00161,video/test/D/test-00161.mp4,NEGATION,D,test,test,NEGATION
test-00162,video/test/D/test-00162.mp4,LIKE_PREFERENCE,D,test,test,LIKE_PREFERENCE
test-00163,video/test/D/test-00163.mp4,LIKE_PREFERENCE,D,test,test,LIKE_PREFERENCE
test-00164,video/test/D/test-00164.mp4,TIME_QUERY,D,test,test,TIME_QUERY
test-00165,video/test/D/test-00165.mp4,TIME_QUERY,D,test,test,TIME_QUERY
test-00166,video/test/D/test-00166.mp4,TIME_QUERY,D,test,test,TIME_QUERY
test-00167,video/test/D/test-00167.mp4,TIME_QUERY,D,test,test,TIME_QUERY
test-00168,video/test/D/test-00168.mp4,PURCHASE,D,test,test,PURCHASE
test-00169,video/test/D/test-00169.mp4,OTHER,D,test,test,OTHER
test-00170,video/test/D/test-00170.mp4,NEGATION,D,test,test,NEGATION
test-00171,video/test/D/test-00171.mp4,QUESTION,D,test,test,QUESTION
test-00172,video/test/D/test-00172.mp4,TIME_QUERY,D,test,test,TIME_QUERY
test-00173,video/test/D/test-00173.mp4,TIME_QUERY,D,test,test,TIME_QUERY
test-00174,video/test/D/test-00174.mp4,ACTION_REQUEST,D,test,test,ACTION_REQUEST
test-00175,video/test/D/test-00175.mp4,CONFIRMATION,D,test,test,CONFIRMATION
test-00176,video/test/D/test-00176.mp4,ACTION_REQUEST,D,test,test,ACTION_REQUEST
test-00177,video/test/D/test-00177.mp4,OTHER,D,test,test,OTHER
test-00178,video/test/D/test-00178.mp4,OTHER,D,test,test,OTHER
test-00179,video/test/D/test-00179.mp4,OTHER,D,test,test,OTHER
test-00180,video/test/D/test-00180.mp4,PURCHASE,D,test,test,PURCHASE
test-00181,video/test/D/test-00181.mp4,OTHER,D,test,test,OTHER
test-00182,video/test/D/test-00182.mp4,TIME_QUERY,D,test,test,TIME_QUERY
test-00183,video/test/D/test-00183.mp4,CONFIRMATION,D,test,test,CONFIRMATION
test-00184,video/test/D/test-00184.mp4,OTHER,D,test,test,OTHER
test-00185,video/test/D/test-00185.mp4,OTHER,D,test,test,OTHER
test-00186,video/test/D/test-00186.mp4,OTHER,D,test,test,OTHER
test-00187,video/test/D/test-00187.mp4,TIME_QUERY,D,test,test,TIME_QUERY
test-00188,video/test/D/test-00188.mp4,OTHER,D,test,test,OTHER
test-00189,video/test/D/test-00189.mp4,PURCHASE,D,test,test,PURCHASE
test-00190,video/test/D/test-00190.mp4,ACTION_REQUEST,D,test,test,ACTION_REQUEST
test-00191,video/test/D/test-00191.mp4,OTHER,D,test,test,OTHER
test-00192,video/test/D/test-00192.mp4,LIKE_PREFERENCE,D,test,test,LIKE_PREFERENCE
test-00193,video/test/D/test-00193.mp4,QUESTION,D,test,test,QUESTION
test-00194,video/test/D/test-00194.mp4,OTHER,D,test,test,OTHER
test-00195,video/test/D/test-00195.mp4,OTHER,D,test,test,OTHER
test-00196,video/test/D/test-00196.mp4,CONFIRMATION,D,test,test,CONFIRMATION
test-00197,video/test/D/test-00197.mp4,ACTION_REQUEST,D,test,test,ACTION_REQUEST
test-00198,video/test/D/test-00198.mp4,CONFIRMATION,D,test,test,CONFIRMATION
test-00199,video/test/D/test-00199.mp4,CONFIRMATION,D,test,test,CONFIRMATION
test-00200,video/test/D/test-00200.mp4,ACTION_REQUEST,D,test,test,ACTION_REQUEST
test-00201,video/test/D/test-00201.mp4,CONFIRMATION,D,test,test,CONFIRMATION
test-00202,video/test/E/test-00202.mp4,LIKE_PREFERENCE,E,test,test,LIKE_PREFERENCE
test-00203,video/test/E/test-00203.mp4,LIKE_PREFERENCE,E,test,test,LIKE_PREFERENCE
test-00204,video/test/E/test-00204.mp4,LIKE_PREFERENCE,E,test,test,LIKE_PREFERENCE
test-00205,video/test/E/test-00205.mp4,LIKE_PREFERENCE,E,test,test,LIKE_PREFERENCE
test-00206,video/test/E/test-00206.mp4,LIKE_PREFERENCE,E,test,test,LIKE_PREFERENCE
test-00207,video/test/E/test-00207.mp4,LIKE_PREFERENCE,E,test,test,LIKE_PREFERENCE
test-00208,video/test/E/test-00208.mp4,LIKE_PREFERENCE,E,test,test,LIKE_PREFERENCE
test-00209,video/test/E/test-00209.mp4,LIKE_PREFERENCE,E,test,test,LIKE_PREFERENCE
test-00210,video/test/E/test-00210.mp4,LIKE_PREFERENCE,E,test,test,LIKE_PREFERENCE
test-00211,video/test/E/test-00211.mp4,LIKE_PREFERENCE,E,test,test,LIKE_PREFERENCE
test-00212,video/test/E/test-00212.mp4,LIKE_PREFERENCE,E,test,test,LIKE_PREFERENCE
test-00213,video/test/E/test-00213.mp4,LIKE_PREFERENCE,E,test,test,LIKE_PREFERENCE
test-00214,video/test/E/test-00214.mp4,LIKE_PREFERENCE,E,test,test,LIKE_PREFERENCE
test-00215,video/test/E/test-00215.mp4,LIKE_PREFERENCE,E,test,test,LIKE_PREFERENCE
test-00216,video/test/E/test-00216.mp4,OTHER,E,test,test,OTHER
test-00217,video/test/E/test-00217.mp4,OTHER,E,test,test,OTHER
test-00218,video/test/E/test-00218.mp4,OTHER,E,test,test,OTHER
test-00219,video/test/E/test-00219.mp4,OTHER,E,test,test,OTHER
test-00220,video/test/E/test-00220.mp4,ACTION_REQUEST,E,test,test,ACTION_REQUEST
test-00221,video/test/E/test-00221.mp4,OTHER,E,test,test,OTHER
test-00222,video/test/E/test-00222.mp4,CONFIRMATION,E,test,test,CONFIRMATION
test-00223,video/test/E/test-00223.mp4,OTHER,E,test,test,OTHER
test-00224,video/test/E/test-00224.mp4,PURCHASE,E,test,test,PURCHASE
test-00225,video/test/E/test-00225.mp4,CONFIRMATION,E,test,test,CONFIRMATION
test-00226,video/test/E/test-00226.mp4,OTHER,E,test,test,OTHER
test-00227,video/test/E/test-00227.mp4,OTHER,E,test,test,OTHER
test-00228,video/test/E/test-00228.mp4,OTHER,E,test,test,OTHER
test-00229,video/test/E/test-00229.mp4,ACTION_REQUEST,E,test,test,ACTION_REQUEST
test-00230,video/test/E/test-00230.mp4,NEGATION,E,test,test,NEGATION
test-00231,video/test/E/test-00231.mp4,PURCHASE,E,test,test,PURCHASE
test-00232,video/test/E/test-00232.mp4,LIKE_PREFERENCE,E,test,test,LIKE_PREFERENCE
test-00233,video/test/E/test-00233.mp4,OTHER,E,test,test,OTHER
test-00234,video/test/E/test-00234.mp4,LIKE_PREFERENCE,E,test,test,LIKE_PREFERENCE
test-00235,video/test/E/test-00235.mp4,OTHER,E,test,test,OTHER
test-00236,video/test/E/test-00236.mp4,PURCHASE,E,test,test,PURCHASE
test-00237,video/test/E/test-00237.mp4,LIKE_PREFERENCE,E,test,test,LIKE_PREFERENCE
test-00238,video/test/E/test-00238.mp4,LIKE_PREFERENCE,E,test,test,LIKE_PREFERENCE
test-00239,video/test/E/test-00239.mp4,LIKE_PREFERENCE,E,test,test,LIKE_PREFERENCE
test-00240,video/test/E/test-00240.mp4,LIKE_PREFERENCE,E,test,test,LIKE_PREFERENCE
test-00241,video/test/E/test-00241.mp4,LIKE_PREFERENCE,E,test,test,LIKE_PREFERENCE
test-00242,video/test/E/test-00242.mp4,LIKE_PREFERENCE,E,test,test,LIKE_PREFERENCE
test-00243,video/test/E/test-00243.mp4,LIKE_PREFERENCE,E,test,test,LIKE_PREFERENCE
test-00244,video/test/E/test-00244.mp4,LIKE_PREFERENCE,E,test,test,LIKE_PREFERENCE
test-00245,video/test/E/test-00245.mp4,LIKE_PREFERENCE,E,test,test,LIKE_PREFERENCE
test-00246,video/test/E/test-00246.mp4,LIKE_PREFERENCE,E,test,test,LIKE_PREFERENCE
test-00247,video/test/E/test-00247.mp4,LIKE_PREFERENCE,E,test,test,LIKE_PREFERENCE
test-00248,video/test/E/test-00248.mp4,LIKE_PREFERENCE,E,test,test,LIKE_PREFERENCE
test-00249,video/test/E/test-00249.mp4,LIKE_PREFERENCE,E,test,test,LIKE_PREFERENCE
test-00250,video/test/E/test-00250.mp4,LIKE_PREFERENCE,E,test,test,LIKE_PREFERENCE
test-00251,video/test/E/test-00251.mp4,LIKE_PREFERENCE,E,test,test,LIKE_PREFERENCE
test-00252,video/test/E/test-00252.mp4,LIKE_PREFERENCE,E,test,test,LIKE_PREFERENCE
test-00253,video/test/E/test-00253.mp4,LIKE_PREFERENCE,E,test,test,LIKE_PREFERENCE
test-00254,video/test/E/test-00254.mp4,LIKE_PREFERENCE,E,test,test,LIKE_PREFERENCE
test-00255,video/test/E/test-00255.mp4,LIKE_PREFERENCE,E,test,test,LIKE_PREFERENCE
test-00256,video/test/F/test-00256.mp4,LIKE_PREFERENCE,F,test,test,LIKE_PREFERENCE
test-00257,video/test/F/test-00257.mp4,LIKE_PREFERENCE,F,test,test,LIKE_PREFERENCE
test-00258,video/test/F/test-00258.mp4,EMOTION,F,test,test,EMOTION
test-00259,video/test/F/test-00259.mp4,EMOTION,F,test,test,EMOTION
test-00260,video/test/F/test-00260.mp4,LIKE_PREFERENCE,F,test,test,LIKE_PREFERENCE
test-00261,video/test/F/test-00261.mp4,LIKE_PREFERENCE,F,test,test,LIKE_PREFERENCE
test-00262,video/test/F/test-00262.mp4,PURCHASE,F,test,test,PURCHASE
test-00263,video/test/F/test-00263.mp4,PURCHASE,F,test,test,PURCHASE
test-00264,video/test/F/test-00264.mp4,OTHER,F,test,test,OTHER
test-00265,video/test/F/test-00265.mp4,LIKE_PREFERENCE,F,test,test,LIKE_PREFERENCE
test-00266,video/test/F/test-00266.mp4,OTHER,F,test,test,OTHER
test-00267,video/test/F/test-00267.mp4,CONFIRMATION,F,test,test,CONFIRMATION
test-00268,video/test/F/test-00268.mp4,CONFIRMATION,F,test,test,CONFIRMATION
test-00269,video/test/F/test-00269.mp4,OTHER,F,test,test,OTHER
test-00270,video/test/F/test-00270.mp4,ACTION_REQUEST,F,test,test,ACTION_REQUEST
test-00271,video/test/F/test-00271.mp4,OTHER,F,test,test,OTHER
test-00272,video/test/F/test-00272.mp4,ACTION_REQUEST,F,test,test,ACTION_REQUEST
test-00273,video/test/F/test-00273.mp4,TIME_QUERY,F,test,test,TIME_QUERY
test-00274,video/test/F/test-00274.mp4,TIME_QUERY,F,test,test,TIME_QUERY
test-00275,video/test/F/test-00275.mp4,CONFIRMATION,F,test,test,CONFIRMATION
test-00276,video/test/F/test-00276.mp4,ACTION_REQUEST,F,test,test,ACTION_REQUEST
test-00277,video/test/F/test-00277.mp4,LIKE_PREFERENCE,F,test,test,LIKE_PREFERENCE
test-00278,video/test/F/test-00278.mp4,LIKE_PREFERENCE,F,test,test,LIKE_PREFERENCE
test-00279,video/test/F/test-00279.mp4,OTHER,F,test,test,OTHER
test-00280,video/test/F/test-00280.mp4,OTHER,F,test,test,OTHER
test-00281,video/test/F/test-00281.mp4,OTHER,F,test,test,OTHER
test-00282,video/test/F/test-00282.mp4,ACTION_REQUEST,F,test,test,ACTION_REQUEST
test-00283,video/test/F/test-00283.mp4,TIME_QUERY,F,test,test,TIME_QUERY
test-00284,video/test/F/test-00284.mp4,LIKE_PREFERENCE,F,test,test,LIKE_PREFERENCE
test-00285,video/test/F/test-00285.mp4,LIKE_PREFERENCE,F,test,test,LIKE_PREFERENCE
test-00286,video/test/F/test-00286.mp4,NEGATION,F,test,test,NEGATION
test-00287,video/test/F/test-00287.mp4,TIME_QUERY,F,test,test,TIME_QUERY
test-00288,video/test/F/test-00288.mp4,OTHER,F,test,test,OTHER
test-00289,video/test/F/test-00289.mp4,CONFIRMATION,F,test,test,CONFIRMATION
test-00290,video/test/F/test-00290.mp4,OTHER,F,test,test,OTHER
test-00291,video/test/F/test-00291.mp4,OTHER,F,test,test,OTHER
test-00292,video/test/F/test-00292.mp4,LIKE_PREFERENCE,F,test,test,LIKE_PREFERENCE
test-00293,video/test/F/test-00293.mp4,LIKE_PREFERENCE,F,test,test,LIKE_PREFERENCE
test-00294,video/test/F/test-00294.mp4,CONFIRMATION,F,test,test,CONFIRMATION
test-00295,video/test/F/test-00295.mp4,OTHER,F,test,test,OTHER
test-00296,video/test/F/test-00296.mp4,ACTION_REQUEST,F,test,test,ACTION_REQUEST
test-00297,video/test/F/test-00297.mp4,LIKE_PREFERENCE,F,test,test,LIKE_PREFERENCE
test-00298,video/test/F/test-00298.mp4,NEGATION,F,test,test,NEGATION
test-00299,video/test/F/test-00299.mp4,PURCHASE,F,test,test,PURCHASE
test-00300,video/test/F/test-00300.mp4,LIKE_PREFERENCE,F,test,test,LIKE_PREFERENCE
test-00301,video/test/F/test-00301.mp4,PURCHASE,F,test,test,PURCHASE
test-00302,video/test/F/test-00302.mp4,ACTION_REQUEST,F,test,test,ACTION_REQUEST
test-00303,video/test/F/test-00303.mp4,OTHER,F,test,test,OTHER
test-00304,video/test/F/test-00304.mp4,ACTION_REQUEST,F,test,test,ACTION_REQUEST
test-00305,video/test/F/test-00305.mp4,OTHER,F,test,test,OTHER
test-00306,video/test/F/test-00306.mp4,ACTION_REQUEST,F,test,test,ACTION_REQUEST
test-00307,video/test/F/test-00307.mp4,PURCHASE,F,test,test,PURCHASE
test-00308,video/test/F/test-00308.mp4,ACTION_REQUEST,F,test,test,ACTION_REQUEST
test-00309,video/test/F/test-00309.mp4,CONFIRMATION,F,test,test,CONFIRMATION
test-00310,video/test/F/test-00310.mp4,CONFIRMATION,F,test,test,CONFIRMATION
test-00311,video/test/F/test-00311.mp4,CONFIRMATION,F,test,test,CONFIRMATION
test-00312,video/test/F/test-00312.mp4,CONFIRMATION,F,test,test,CONFIRMATION
test-00313,video/test/F/test-00313.mp4,CONFIRMATION,F,test,test,CONFIRMATION
test-00314,video/test/G/test-00314.mp4,LIKE_PREFERENCE,G,test,test,LIKE_PREFERENCE
test-00315,video/test/G/test-00315.mp4,OTHER,G,test,test,OTHER
test-00316,video/test/G/test-00316.mp4,QUESTION,G,test,test,QUESTION
test-00317,video/test/G/test-00317.mp4,OTHER,G,test,test,OTHER
test-00318,video/test/G/test-00318.mp4,HEALTH,G,test,test,HEALTH
test-00319,video/test/G/test-00319.mp4,OTHER,G,test,test,OTHER
test-00320,video/test/G/test-00320.mp4,OTHER,G,test,test,OTHER
test-00321,video/test/G/test-00321.mp4,OTHER,G,test,test,OTHER
test-00322,video/test/G/test-00322.mp4,ACTION_REQUEST,G,test,test,ACTION_REQUEST
test-00323,video/test/G/test-00323.mp4,HEALTH,G,test,test,HEALTH
test-00324,video/test/G/test-00324.mp4,CONFIRMATION,G,test,test,CONFIRMATION
test-00325,video/test/G/test-00325.mp4,OTHER,G,test,test,OTHER
test-00326,video/test/G/test-00326.mp4,ACTION_REQUEST,G,test,test,ACTION_REQUEST
test-00327,video/test/G/test-00327.mp4,OTHER,G,test,test,OTHER
test-00328,video/test/G/test-00328.mp4,HELP_REQUEST,G,test,test,HELP_REQUEST
test-00329,video/test/G/test-00329.mp4,ACTION_REQUEST,G,test,test,ACTION_REQUEST
test-00330,video/test/G/test-00330.mp4,QUESTION,G,test,test,QUESTION
test-00331,video/test/G/test-00331.mp4,OTHER,G,test,test,OTHER
test-00332,video/test/G/test-00332.mp4,LIKE_PREFERENCE,G,test,test,LIKE_PREFERENCE
test-00333,video/test/G/test-00333.mp4,OTHER,G,test,test,OTHER
test-00334,video/test/G/test-00334.mp4,OTHER,G,test,test,OTHER
test-00335,video/test/G/test-00335.mp4,CONFIRMATION,G,test,test,CONFIRMATION
test-00336,video/test/G/test-00336.mp4,TIME_QUERY,G,test,test,TIME_QUERY
test-00337,video/test/G/test-00337.mp4,TIME_QUERY,G,test,test,TIME_QUERY
test-00338,video/test/G/test-00338.mp4,TIME_QUERY,G,test,test,TIME_QUERY
test-00339,video/test/G/test-00339.mp4,TIME_QUERY,G,test,test,TIME_QUERY
test-00340,video/test/G/test-00340.mp4,QUESTION,G,test,test,QUESTION
test-00341,video/test/G/test-00341.mp4,LIKE_PREFERENCE,G,test,test,LIKE_PREFERENCE
test-00342,video/test/G/test-00342.mp4,ACTION_REQUEST,G,test,test,ACTION_REQUEST
test-00343,video/test/G/test-00343.mp4,OTHER,G,test,test,OTHER
test-00344,video/test/G/test-00344.mp4,PURCHASE,G,test,test,PURCHASE
test-00345,video/test/G/test-00345.mp4,NEGATION,G,test,test,NEGATION
test-00346,video/test/G/test-00346.mp4,OTHER,G,test,test,OTHER
test-00347,video/test/G/test-00347.mp4,OTHER,G,test,test,OTHER
test-00348,video/test/G/test-00348.mp4,OTHER,G,test,test,OTHER
test-00349,video/test/G/test-00349.mp4,LIKE_PREFERENCE,G,test,test,LIKE_PREFERENCE
test-00350,video/test/G/test-00350.mp4,OTHER,G,test,test,OTHER
test-00351,video/test/G/test-00351.mp4,QUESTION,G,test,test,QUESTION
test-00352,video/test/G/test-00352.mp4,OTHER,G,test,test,OTHER
test-00353,video/test/G/test-00353.mp4,LIKE_PREFERENCE,G,test,test,LIKE_PREFERENCE
test-00354,video/test/G/test-00354.mp4,LIKE_PREFERENCE,G,test,test,LIKE_PREFERENCE
test-00355,video/test/G/test-00355.mp4,OTHER,G,test,test,OTHER
test-00356,video/test/G/test-00356.mp4,TIME_QUERY,G,test,test,TIME_QUERY
test-00357,video/test/G/test-00357.mp4,ACTION_REQUEST,G,test,test,ACTION_REQUEST
test-00358,video/test/G/test-00358.mp4,OTHER,G,test,test,OTHER
test-00359,video/test/G/test-00359.mp4,TIME_QUERY,G,test,test,TIME_QUERY
test-00360,video/test/G/test-00360.mp4,QUESTION,G,test,test,QUESTION
test-00361,video/test/G/test-00361.mp4,CONFIRMATION,G,test,test,CONFIRMATION
test-00362,video/test/G/test-00362.mp4,OTHER,G,test,test,OTHER
test-00363,video/test/G/test-00363.mp4,ACTION_REQUEST,G,test,test,ACTION_REQUEST
test-00364,video/test/G/test-00364.mp4,OTHER,G,test,test,OTHER
test-00365,video/test/G/test-00365.mp4,CONFIRMATION,G,test,test,CONFIRMATION
test-00366,video/test/G/test-00366.mp4,PURCHASE,G,test,test,PURCHASE
test-00367,video/test/G/test-00367.mp4,LIKE_PREFERENCE,G,test,test,LIKE_PREFERENCE
test-00368,video/test/G/test-00368.mp4,ACTION_REQUEST,G,test,test,ACTION_REQUEST
test-00369,video/test/G/test-00369.mp4,OTHER,G,test,test,OTHER
test-00370,video/test/H/test-00370.mp4,OTHER,H,test,test,OTHER
test-00371,video/test/H/test-00371.mp4,OTHER,H,test,test,OTHER
test-00372,video/test/H/test-00372.mp4,OTHER,H,test,test,OTHER
test-00373,video/test/H/test-00373.mp4,QUESTION,H,test,test,QUESTION
test-00374,video/test/H/test-00374.mp4,GREETING,H,test,test,GREETING
test-00375,video/test/H/test-00375.mp4,GREETING,H,test,test,GREETING
test-00376,video/test/H/test-00376.mp4,GREETING,H,test,test,GREETING
test-00377,video/test/H/test-00377.mp4,OTHER,H,test,test,OTHER
test-00378,video/test/H/test-00378.mp4,ACTION_REQUEST,H,test,test,ACTION_REQUEST
test-00379,video/test/I/test-00379.mp4,QUESTION,I,test,test,QUESTION
test-00380,video/test/I/test-00380.mp4,PURCHASE,I,test,test,PURCHASE
test-00381,video/test/I/test-00381.mp4,OTHER,I,test,test,OTHER
test-00382,video/test/I/test-00382.mp4,PURCHASE,I,test,test,PURCHASE
test-00383,video/test/I/test-00383.mp4,OTHER,I,test,test,OTHER
test-00384,video/test/I/test-00384.mp4,CONFIRMATION,I,test,test,CONFIRMATION
test-00385,video/test/I/test-00385.mp4,OTHER,I,test,test,OTHER
test-00386,video/test/I/test-00386.mp4,QUESTION,I,test,test,QUESTION
test-00387,video/test/I/test-00387.mp4,QUESTION,I,test,test,QUESTION
test-00388,video/test/J/test-00388.mp4,LOCATION_QUERY,J,test,test,LOCATION_QUERY
test-00389,video/test/J/test-00389.mp4,TIME_QUERY,J,test,test,TIME_QUERY
test-00390,video/test/J/test-00390.mp4,HELP_REQUEST,J,test,test,HELP_REQUEST
test-00391,video/test/J/test-00391.mp4,LOCATION_QUERY,J,test,test,LOCATION_QUERY
test-00392,video/test/J/test-00392.mp4,LOCATION_QUERY,J,test,test,LOCATION_QUERY
test-00393,video/test/J/test-00393.mp4,QUESTION,J,test,test,QUESTION
test-00394,video/test/J/test-00394.mp4,TIME_QUERY,J,test,test,TIME_QUERY
test-00395,video/test/J/test-00395.mp4,LOCATION_QUERY,J,test,test,LOCATION_QUERY
test-00396,video/test/J/test-00396.mp4,QUESTION,J,test,test,QUESTION
test-00397,video/test/J/test-00397.mp4,LOCATION_QUERY,J,test,test,LOCATION_QUERY
test-00398,video/test/J/test-00398.mp4,LOCATION_QUERY,J,test,test,LOCATION_QUERY
test-00399,video/test/J/test-00399.mp4,QUESTION,J,test,test,QUESTION
test-00400,video/test/J/test-00400.mp4,QUESTION,J,test,test,QUESTION
test-00401,video/test/J/test-00401.mp4,LOCATION_QUERY,J,test,test,LOCATION_QUERY
test-00402,video/test/J/test-00402.mp4,QUESTION,J,test,test,QUESTION
test-00403,video/test/J/test-00403.mp4,LOCATION_QUERY,J,test,test,LOCATION_QUERY
test-00404,video/test/J/test-00404.mp4,LOCATION_QUERY,J,test,test,LOCATION_QUERY
test-00405,video/test/J/test-00405.mp4,LOCATION_QUERY,J,test,test,LOCATION_QUERY
test-00406,video/test/J/test-00406.mp4,LOCATION_QUERY,J,test,test,LOCATION_QUERY
test-00407,video/test/J/test-00407.mp4,LOCATION_QUERY,J,test,test,LOCATION_QUERY
test-00408,video/test/J/test-00408.mp4,QUESTION,J,test,test,QUESTION
test-00409,video/test/J/test-00409.mp4,LOCATION_QUERY,J,test,test,LOCATION_QUERY
test-00410,video/test/J/test-00410.mp4,LOCATION_QUERY,J,test,test,LOCATION_QUERY
test-00411,video/test/J/test-00411.mp4,LOCATION_QUERY,J,test,test,LOCATION_QUERY
test-00412,video/test/J/test-00412.mp4,LOCATION_QUERY,J,test,test,LOCATION_QUERY
test-00413,video/test/J/test-00413.mp4,LOCATION_QUERY,J,test,test,LOCATION_QUERY
test-00414,video/test/J/test-00414.mp4,TIME_QUERY,J,test,test,TIME_QUERY
test-00415,video/test/J/test-00415.mp4,LOCATION_QUERY,J,test,test,LOCATION_QUERY
test-00416,video/test/J/test-00416.mp4,LOCATION_QUERY,J,test,test,LOCATION_QUERY
test-00417,video/test/J/test-00417.mp4,LOCATION_QUERY,J,test,test,LOCATION_QUERY
test-00418,video/test/J/test-00418.mp4,LOCATION_QUERY,J,test,test,LOCATION_QUERY
test-00419,video/test/J/test-00419.mp4,LOCATION_QUERY,J,test,test,LOCATION_QUERY
test-00420,video/test/J/test-00420.mp4,LOCATION_QUERY,J,test,test,LOCATION_QUERY
test-00421,video/test/J/test-00421.mp4,LOCATION_QUERY,J,test,test,LOCATION_QUERY
test-00422,video/test/J/test-00422.mp4,QUESTION,J,test,test,QUESTION
test-00423,video/test/J/test-00423.mp4,LOCATION_QUERY,J,test,test,LOCATION_QUERY
test-00424,video/test/J/test-00424.mp4,LOCATION_QUERY,J,test,test,LOCATION_QUERY
test-00425,video/test/J/test-00425.mp4,LOCATION_QUERY,J,test,test,LOCATION_QUERY
test-00426,video/test/K/test-00426.mp4,HELP_REQUEST,K,test,test,HELP_REQUEST
test-00427,video/test/K/test-00427.mp4,LOCATION_QUERY,K,test,test,LOCATION_QUERY
test-00428,video/test/K/test-00428.mp4,LOCATION_QUERY,K,test,test,LOCATION_QUERY
test-00429,video/test/K/test-00429.mp4,LOCATION_QUERY,K,test,test,LOCATION_QUERY
test-00430,video/test/K/test-00430.mp4,QUESTION,K,test,test,QUESTION
test-00431,video/test/K/test-00431.mp4,LOCATION_QUERY,K,test,test,LOCATION_QUERY
test-00432,video/test/K/test-00432.mp4,LOCATION_QUERY,K,test,test,LOCATION_QUERY
test-00433,video/test/K/test-00433.mp4,LOCATION_QUERY,K,test,test,LOCATION_QUERY
test-00434,video/test/K/test-00434.mp4,LOCATION_QUERY,K,test,test,LOCATION_QUERY
test-00435,video/test/K/test-00435.mp4,LOCATION_QUERY,K,test,test,LOCATION_QUERY
test-00436,video/test/K/test-00436.mp4,LOCATION_QUERY,K,test,test,LOCATION_QUERY
test-00437,video/test/K/test-00437.mp4,LOCATION_QUERY,K,test,test,LOCATION_QUERY
test-00438,video/test/K/test-00438.mp4,TIME_QUERY,K,test,test,TIME_QUERY
test-00439,video/test/K/test-00439.mp4,QUESTION,K,test,test,QUESTION
test-00440,video/test/K/test-00440.mp4,QUESTION,K,test,test,QUESTION
test-00441,video/test/K/test-00441.mp4,LOCATION_QUERY,K,test,test,LOCATION_QUERY
test-00442,video/test/K/test-00442.mp4,LOCATION_QUERY,K,test,test,LOCATION_QUERY
test-00443,video/test/K/test-00443.mp4,LOCATION_QUERY,K,test,test,LOCATION_QUERY
test-00444,video/test/K/test-00444.mp4,TIME_QUERY,K,test,test,TIME_QUERY
test-00445,video/test/K/test-00445.mp4,LOCATION_QUERY,K,test,test,LOCATION_QUERY
test-00446,video/test/K/test-00446.mp4,LOCATION_QUERY,K,test,test,LOCATION_QUERY
test-00447,video/test/K/test-00447.mp4,LOCATION_QUERY,K,test,test,LOCATION_QUERY
test-00448,video/test/K/test-00448.mp4,LOCATION_QUERY,K,test,test,LOCATION_QUERY
test-00449,video/test/K/test-00449.mp4,QUESTION,K,test,test,QUESTION
test-00450,video/test/K/test-00450.mp4,QUESTION,K,test,test,QUESTION
test-00451,video/test/K/test-00451.mp4,LOCATION_QUERY,K,test,test,LOCATION_QUERY
test-00452,video/test/K/test-00452.mp4,LOCATION_QUERY,K,test,test,LOCATION_QUERY
test-00453,video/test/K/test-00453.mp4,LOCATION_QUERY,K,test,test,LOCATION_QUERY
test-00454,video/test/K/test-00454.mp4,LOCATION_QUERY,K,test,test,LOCATION_QUERY
test-00455,video/test/K/test-00455.mp4,LOCATION_QUERY,K,test,test,LOCATION_QUERY
test-00456,video/test/K/test-00456.mp4,LOCATION_QUERY,K,test,test,LOCATION_QUERY
test-00457,video/test/K/test-00457.mp4,LOCATION_QUERY,K,test,test,LOCATION_QUERY
test-00458,video/test/K/test-00458.mp4,LOCATION_QUERY,K,test,test,LOCATION_QUERY
test-00459,video/test/K/test-00459.mp4,LOCATION_QUERY,K,test,test,LOCATION_QUERY
test-00460,video/test/K/test-00460.mp4,LOCATION_QUERY,K,test,test,LOCATION_QUERY
test-00461,video/test/K/test-00461.mp4,LOCATION_QUERY,K,test,test,LOCATION_QUERY
test-00462,video/test/K/test-00462.mp4,LOCATION_QUERY,K,test,test,LOCATION_QUERY
test-00463,video/test/K/test-00463.mp4,LOCATION_QUERY,K,test,test,LOCATION_QUERY
test-00464,video/test/K/test-00464.mp4,LOCATION_QUERY,K,test,test,LOCATION_QUERY
test-00465,video/test/K/test-00465.mp4,LOCATION_QUERY,K,test,test,LOCATION_QUERY
test-00466,video/test/K/test-00466.mp4,LOCATION_QUERY,K,test,test,LOCATION_QUERY
test-00467,video/test/K/test-00467.mp4,LOCATION_QUERY,K,test,test,LOCATION_QUERY
test-00468,video/test/K/test-00468.mp4,QUESTION,K,test,test,QUESTION
test-00469,video/test/K/test-00469.mp4,LOCATION_QUERY,K,test,test,LOCATION_QUERY
test-00470,video/test/K/test-00470.mp4,LOCATION_QUERY,K,test,test,LOCATION_QUERY
test-00471,video/test/K/test-00471.mp4,LOCATION_QUERY,K,test,test,LOCATION_QUERY
test-00472,video/test/L/test-00472.mp4,TIME_QUERY,L,test,test,TIME_QUERY
test-00473,video/test/L/test-00473.mp4,PURCHASE,L,test,test,PURCHASE
test-00474,video/test/L/test-00474.mp4,PURCHASE,L,test,test,PURCHASE
test-00475,video/test/L/test-00475.mp4,OTHER,L,test,test,OTHER
test-00476,video/test/L/test-00476.mp4,OTHER,L,test,test,OTHER
test-00477,video/test/L/test-00477.mp4,OTHER,L,test,test,OTHER
test-00478,video/test/L/test-00478.mp4,OTHER,L,test,test,OTHER
test-00479,video/test/L/test-00479.mp4,OTHER,L,test,test,OTHER
test-00480,video/test/L/test-00480.mp4,PURCHASE,L,test,test,PURCHASE
test-00481,video/test/L/test-00481.mp4,LIKE_PREFERENCE,L,test,test,LIKE_PREFERENCE
test-00482,video/test/L/test-00482.mp4,OTHER,L,test,test,OTHER
test-00483,video/test/L/test-00483.mp4,QUESTION,L,test,test,QUESTION
test-00484,video/test/L/test-00484.mp4,OTHER,L,test,test,OTHER
test-00485,video/test/L/test-00485.mp4,QUESTION,L,test,test,QUESTION
test-00486,video/test/L/test-00486.mp4,QUESTION,L,test,test,QUESTION
test-00487,video/test/L/test-00487.mp4,CONFIRMATION,L,test,test,CONFIRMATION
test-00488,video/test/L/test-00488.mp4,OTHER,L,test,test,OTHER
test-00489,video/test/L/test-00489.mp4,PURCHASE,L,test,test,PURCHASE
test-00490,video/test/L/test-00490.mp4,PURCHASE,L,test,test,PURCHASE
test-00491,video/test/L/test-00491.mp4,PURCHASE,L,test,test,PURCHASE
test-00492,video/test/L/test-00492.mp4,PURCHASE,L,test,test,PURCHASE
test-00493,video/test/L/test-00493.mp4,QUESTION,L,test,test,QUESTION
test-00494,video/test/L/test-00494.mp4,LIKE_PREFERENCE,L,test,test,LIKE_PREFERENCE
test-00495,video/test/L/test-00495.mp4,LIKE_PREFERENCE,L,test,test,LIKE_PREFERENCE
test-00496,video/test/L/test-00496.mp4,CONFIRMATION,L,test,test,CONFIRMATION
test-00497,video/test/L/test-00497.mp4,LIKE_PREFERENCE,L,test,test,LIKE_PREFERENCE
test-00498,video/test/L/test-00498.mp4,QUESTION,L,test,test,QUESTION
test-00499,video/test/L/test-00499.mp4,OTHER,L,test,test,OTHER
test-00500,video/test/L/test-00500.mp4,ACTION_REQUEST,L,test,test,ACTION_REQUEST
